{
"type": "FeatureCollection",
"name": "Zambia_transferrability_irrigated",
"crs": { "type": "name", "properties": { "name": "urn:ogc:def:crs:OGC:1.3:CRS84" } },
"features": [
{ "type": "Feature", "properties": { "id": "0", "layer": "REMP_siteID1_irrig_01", "path": "C:/Users/hssid/Downloads/REMP_siteID1_irrig_01.geojson" }, "geometry": { "type": "MultiPolygon", "coordinates": [ [ [ [ 28.015905984966405, -15.16323556249386 ], [ 28.015905984966405, -15.163139775885977 ], [ 28.016021319954046, -15.163139775885977 ], [ 28.016021319954046, -15.16323556249386 ], [ 28.015905984966405, -15.16323556249386 ] ] ] ] } },
{ "type": "Feature", "properties": { "id": "1", "layer": "REMP_siteID1_irrig_01", "path": "C:/Users/hssid/Downloads/REMP_siteID1_irrig_01.geojson" }, "geometry": { "type": "MultiPolygon", "coordinates": [ [ [ [ 28.018268178410736, -15.16207380506269 ], [ 28.018268178410736, -15.162016850555695 ], [ 28.018337915845123, -15.162016850555695 ], [ 28.018337915845123, -15.16207380506269 ], [ 28.018268178410736, -15.16207380506269 ] ] ] ] } },
{ "type": "Feature", "properties": { "id": "2", "layer": "REMP_siteID1_irrig_01", "path": "C:/Users/hssid/Downloads/REMP_siteID1_irrig_01.geojson" }, "geometry": { "type": "MultiPolygon", "coordinates": [ [ [ [ 28.020124472713565, -15.162665990813775 ], [ 28.020124472713565, -15.162583148121469 ], [ 28.020336367225742, -15.162583148121469 ], [ 28.020336367225742, -15.162665990813775 ], [ 28.020124472713565, -15.162665990813775 ] ] ] ] } },
{ "type": "Feature", "properties": { "id": "3", "layer": "REMP_siteID1_irrig_01", "path": "C:/Users/hssid/Downloads/REMP_siteID1_irrig_01.geojson" }, "geometry": { "type": "MultiPolygon", "coordinates": [ [ [ [ 28.021095681540167, -15.162015471675243 ], [ 28.021095681540167, -15.161942984098228 ], [ 28.021194923273718, -15.161942984098228 ], [ 28.021194923273718, -15.162015471675243 ], [ 28.021095681540167, -15.162015471675243 ] ] ] ] } },
{ "type": "Feature", "properties": { "id": "4", "layer": "REMP_siteID1_irrig_01", "path": "C:/Users/hssid/Downloads/REMP_siteID1_irrig_01.geojson" }, "geometry": { "type": "MultiPolygon", "coordinates": [ [ [ [ 28.020347395331051, -15.162436508265525 ], [ 28.020347395331051, -15.162379553856235 ], [ 28.020443954855587, -15.162379553856235 ], [ 28.020443954855587, -15.162436508265525 ], [ 28.020347395331051, -15.162436508265525 ] ] ] ] } },
{ "type": "Feature", "properties": { "id": "5", "layer": "REMP_siteID1_irrig_01", "path": "C:/Users/hssid/Downloads/REMP_siteID1_irrig_01.geojson" }, "geometry": { "type": "MultiPolygon", "coordinates": [ [ [ [ 28.020442613751079, -15.162316127336913 ], [ 28.020442613751079, -15.162255289637233 ], [ 28.020482846886303, -15.162255289637233 ], [ 28.020482846886303, -15.162316127336913 ], [ 28.020442613751079, -15.162316127336913 ] ] ] ] } },
{ "type": "Feature", "properties": { "id": "6", "layer": "REMP_siteID1_irrig_01", "path": "C:/Users/hssid/Downloads/REMP_siteID1_irrig_01.geojson" }, "geometry": { "type": "MultiPolygon", "coordinates": [ [ [ [ 28.020549902111675, -15.162234578926958 ], [ 28.020549902111675, -15.162185390981962 ], [ 28.020606228500988, -15.162185390981962 ], [ 28.020606228500988, -15.162234578926958 ], [ 28.020549902111675, -15.162234578926958 ] ] ] ] } },
{ "type": "Feature", "properties": { "id": "7", "layer": "REMP_siteID1_irrig_01", "path": "C:/Users/hssid/Downloads/REMP_siteID1_irrig_01.geojson" }, "geometry": { "type": "MultiPolygon", "coordinates": [ [ [ [ 28.024876636589255, -15.161108216227762 ], [ 28.024876636589255, -15.160967123708494 ], [ 28.024963808382239, -15.160967123708494 ], [ 28.024963808382239, -15.161108216227762 ], [ 28.024876636589255, -15.161108216227762 ] ] ] ] } },
{ "type": "Feature", "properties": { "id": "8", "layer": "REMP_siteID1_irrig_01", "path": "C:/Users/hssid/Downloads/REMP_siteID1_irrig_01.geojson" }, "geometry": { "type": "MultiPolygon", "coordinates": [ [ [ [ 28.018548462945638, -15.1622599004655 ], [ 28.018548462945638, -15.162112336613804 ], [ 28.01868927891892, -15.162112336613804 ], [ 28.01868927891892, -15.1622599004655 ], [ 28.018548462945638, -15.1622599004655 ] ] ] ] } },
{ "type": "Feature", "properties": { "id": "9", "layer": "REMP_siteID1_irrig_01", "path": "C:/Users/hssid/Downloads/REMP_siteID1_irrig_01.geojson" }, "geometry": { "type": "MultiPolygon", "coordinates": [ [ [ [ 28.036267710786674, -15.152150358252578 ], [ 28.036267710786674, -15.152053272142444 ], [ 28.036353541475151, -15.152053272142444 ], [ 28.036353541475151, -15.152150358252578 ], [ 28.036267710786674, -15.152150358252578 ] ] ] ] } },
{ "type": "Feature", "properties": { "id": "10", "layer": "REMP_siteID1_irrig_01", "path": "C:/Users/hssid/Downloads/REMP_siteID1_irrig_01.geojson" }, "geometry": { "type": "MultiPolygon", "coordinates": [ [ [ [ 28.041686801499878, -15.155591198400527 ], [ 28.041686801499878, -15.155285705592156 ], [ 28.042081086225068, -15.155285705592156 ], [ 28.042081086225068, -15.155591198400527 ], [ 28.041686801499878, -15.155591198400527 ] ] ] ] } },
{ "type": "Feature", "properties": { "id": "11", "layer": "REMP_siteID1_irrig_01", "path": "C:/Users/hssid/Downloads/REMP_siteID1_irrig_01.geojson" }, "geometry": { "type": "MultiPolygon", "coordinates": [ [ [ [ 28.078938564256326, -15.161409024746444 ], [ 28.078938564256326, -15.161310648460878 ], [ 28.079037805989877, -15.161310648460878 ], [ 28.079037805989877, -15.161409024746444 ], [ 28.078938564256326, -15.161409024746444 ] ] ] ] } },
{ "type": "Feature", "properties": { "id": "12", "layer": "REMP_siteID1_irrig_01", "path": "C:/Users/hssid/Downloads/REMP_siteID1_irrig_01.geojson" }, "geometry": { "type": "MultiPolygon", "coordinates": [ [ [ [ 28.119773175799985, -15.1820535157956 ], [ 28.119773175799985, -15.181766181434266 ], [ 28.120301570975919, -15.181766181434266 ], [ 28.120301570975919, -15.1820535157956 ], [ 28.119773175799985, -15.1820535157956 ] ] ] ] } },
{ "type": "Feature", "properties": { "id": "13", "layer": "REMP_siteID1_irrig_01", "path": "C:/Users/hssid/Downloads/REMP_siteID1_irrig_01.geojson" }, "geometry": { "type": "MultiPolygon", "coordinates": [ [ [ [ 28.120373990619321, -15.181616042603453 ], [ 28.120373990619321, -15.181408954385754 ], [ 28.120567109668393, -15.181408954385754 ], [ 28.120567109668393, -15.181616042603453 ], [ 28.120373990619321, -15.181616042603453 ] ] ] ] } },
{ "type": "Feature", "properties": { "id": "14", "layer": "REMP_siteID1_irrig_01", "path": "C:/Users/hssid/Downloads/REMP_siteID1_irrig_01.geojson" }, "geometry": { "type": "MultiPolygon", "coordinates": [ [ [ [ 28.119322564685483, -15.181882668384645 ], [ 28.119322564685483, -15.181616042603453 ], [ 28.119510319316525, -15.181616042603453 ], [ 28.119510319316525, -15.181882668384645 ], [ 28.119322564685483, -15.181882668384645 ] ] ] ] } },
{ "type": "Feature", "properties": { "id": "15", "layer": "REMP_siteID1_irrig_01", "path": "C:/Users/hssid/Downloads/REMP_siteID1_irrig_01.geojson" }, "geometry": { "type": "MultiPolygon", "coordinates": [ [ [ [ 28.119032886111874, -15.181706643634831 ], [ 28.119032886111874, -15.181533207340744 ], [ 28.119209911906857, -15.181533207340744 ], [ 28.119209911906857, -15.181706643634831 ], [ 28.119032886111874, -15.181706643634831 ] ] ] ] } },
{ "type": "Feature", "properties": { "id": "16", "layer": "REMP_siteID1_irrig_01", "path": "C:/Users/hssid/Downloads/REMP_siteID1_irrig_01.geojson" }, "geometry": { "type": "MultiPolygon", "coordinates": [ [ [ [ 28.112764978568723, -15.176234098020489 ], [ 28.112764978568723, -15.176032181865217 ], [ 28.11296614424484, -15.176032181865217 ], [ 28.11296614424484, -15.176234098020489 ], [ 28.112764978568723, -15.176234098020489 ] ] ] ] } },
{ "type": "Feature", "properties": { "id": "17", "layer": "REMP_siteID1_irrig_01", "path": "C:/Users/hssid/Downloads/REMP_siteID1_irrig_01.geojson" }, "geometry": { "type": "MultiPolygon", "coordinates": [ [ [ [ 28.110521796070291, -15.186411058196471 ], [ 28.110521796070291, -15.186178089228665 ], [ 28.110816839061929, -15.186178089228665 ], [ 28.110816839061929, -15.186411058196471 ], [ 28.110521796070291, -15.186411058196471 ] ] ] ] } },
{ "type": "Feature", "properties": { "id": "18", "layer": "REMP_siteID1_irrig_01", "path": "C:/Users/hssid/Downloads/REMP_siteID1_irrig_01.geojson" }, "geometry": { "type": "MultiPolygon", "coordinates": [ [ [ [ 28.104986048123653, -15.185136263669929 ], [ 28.104986048123653, -15.185046958390004 ], [ 28.105142957351024, -15.185046958390004 ], [ 28.105142957351024, -15.185136263669929 ], [ 28.104986048123653, -15.185136263669929 ] ] ] ] } },
{ "type": "Feature", "properties": { "id": "19", "layer": "REMP_siteID1_irrig_01", "path": "C:/Users/hssid/Downloads/REMP_siteID1_irrig_01.geojson" }, "geometry": { "type": "MultiPolygon", "coordinates": [ [ [ [ 27.991282829768206, -15.169663028868968 ], [ 27.991282829768206, -15.169586660791152 ], [ 27.991352567202593, -15.169586660791152 ], [ 27.991352567202593, -15.169663028868968 ], [ 27.991282829768206, -15.169663028868968 ] ] ] ] } },
{ "type": "Feature", "properties": { "id": "20", "layer": "REMP_siteID1_irrig_01", "path": "C:/Users/hssid/Downloads/REMP_siteID1_irrig_01.geojson" }, "geometry": { "type": "MultiPolygon", "coordinates": [ [ [ [ 27.98994708967879, -15.170660988840696 ], [ 27.98994708967879, -15.170540612596023 ], [ 27.990066447979952, -15.170540612596023 ], [ 27.990066447979952, -15.170660988840696 ], [ 27.98994708967879, -15.170660988840696 ] ] ] ] } },
{ "type": "Feature", "properties": { "id": "21", "layer": "REMP_siteID1_irrig_01", "path": "C:/Users/hssid/Downloads/REMP_siteID1_irrig_01.geojson" }, "geometry": { "type": "MultiPolygon", "coordinates": [ [ [ [ 27.989771404988314, -15.170783953751039 ], [ 27.989771404988314, -15.170703702975564 ], [ 27.989834436900164, -15.170703702975564 ], [ 27.989834436900164, -15.170783953751039 ], [ 27.989771404988314, -15.170783953751039 ] ] ] ] } },
{ "type": "Feature", "properties": { "id": "22", "layer": "REMP_siteID1_irrig_01", "path": "C:/Users/hssid/Downloads/REMP_siteID1_irrig_01.geojson" }, "geometry": { "type": "MultiPolygon", "coordinates": [ [ [ [ 27.915441968857653, -15.183611888649256 ], [ 27.915441968857653, -15.183466928288484 ], [ 27.915624359070666, -15.183466928288484 ], [ 27.915624359070666, -15.183611888649256 ], [ 27.915441968857653, -15.183611888649256 ] ] ] ] } },
{ "type": "Feature", "properties": { "id": "0", "layer": "REMP_siteID1_irrig_02", "path": "C:/Users/hssid/Downloads/REMP_siteID1_irrig_02.geojson" }, "geometry": { "type": "MultiPolygon", "coordinates": [ [ [ [ 27.967215293629486, -15.228071611281671 ], [ 27.967215293629486, -15.227997852382954 ], [ 27.967380249483902, -15.227997852382954 ], [ 27.967380249483902, -15.228071611281671 ], [ 27.967215293629486, -15.228071611281671 ] ] ] ] } },
{ "type": "Feature", "properties": { "id": "1", "layer": "REMP_siteID1_irrig_02", "path": "C:/Users/hssid/Downloads/REMP_siteID1_irrig_02.geojson" }, "geometry": { "type": "MultiPolygon", "coordinates": [ [ [ [ 27.966622909822959, -15.230105320332505 ], [ 27.966622909822959, -15.230050972197974 ], [ 27.966698011675376, -15.230050972197974 ], [ 27.966698011675376, -15.230105320332505 ], [ 27.966622909822959, -15.230105320332505 ] ] ] ] } },
{ "type": "Feature", "properties": { "id": "2", "layer": "REMP_siteID1_irrig_02", "path": "C:/Users/hssid/Downloads/REMP_siteID1_irrig_02.geojson" }, "geometry": { "type": "MultiPolygon", "coordinates": [ [ [ [ 27.964097057332793, -15.198376514192871 ], [ 27.964097057332793, -15.197196202375098 ], [ 27.964805160512725, -15.197196202375098 ], [ 27.964805160512725, -15.198376514192871 ], [ 27.964097057332793, -15.198376514192871 ] ] ] ] } },
{ "type": "Feature", "properties": { "id": "3", "layer": "REMP_siteID1_irrig_02", "path": "C:/Users/hssid/Downloads/REMP_siteID1_irrig_02.geojson" }, "geometry": { "type": "MultiPolygon", "coordinates": [ [ [ [ 27.976652265140082, -15.195466216814578 ], [ 27.976652265140082, -15.194314361616632 ], [ 27.97745692784455, -15.194314361616632 ], [ 27.97745692784455, -15.195466216814578 ], [ 27.976652265140082, -15.195466216814578 ] ] ] ] } },
{ "type": "Feature", "properties": { "id": "4", "layer": "REMP_siteID1_irrig_02", "path": "C:/Users/hssid/Downloads/REMP_siteID1_irrig_02.geojson" }, "geometry": { "type": "MultiPolygon", "coordinates": [ [ [ [ 28.102532638187963, -15.219175015771203 ], [ 28.102532638187963, -15.218263988364997 ], [ 28.103508962269384, -15.218263988364997 ], [ 28.103508962269384, -15.219175015771203 ], [ 28.102532638187963, -15.219175015771203 ] ] ] ] } },
{ "type": "Feature", "properties": { "id": "5", "layer": "REMP_siteID1_irrig_02", "path": "C:/Users/hssid/Downloads/REMP_siteID1_irrig_02.geojson" }, "geometry": { "type": "MultiPolygon", "coordinates": [ [ [ [ 28.101529492016393, -15.220852124100109 ], [ 28.101529492016393, -15.220272384459866 ], [ 28.102505816097814, -15.220272384459866 ], [ 28.102505816097814, -15.220852124100109 ], [ 28.101529492016393, -15.220852124100109 ] ] ] ] } },
{ "type": "Feature", "properties": { "id": "6", "layer": "REMP_siteID1_irrig_02", "path": "C:/Users/hssid/Downloads/REMP_siteID1_irrig_02.geojson" }, "geometry": { "type": "MultiPolygon", "coordinates": [ [ [ [ 28.104156725943923, -15.212915421900561 ], [ 28.104156725943923, -15.212584129819081 ], [ 28.104923837722183, -15.212584129819081 ], [ 28.104923837722183, -15.212915421900561 ], [ 28.104156725943923, -15.212915421900561 ] ] ] ] } },
{ "type": "Feature", "properties": { "id": "7", "layer": "REMP_siteID1_irrig_02", "path": "C:/Users/hssid/Downloads/REMP_siteID1_irrig_02.geojson" }, "geometry": { "type": "MultiPolygon", "coordinates": [ [ [ [ 28.106543891967178, -15.21331918342058 ], [ 28.106543891967178, -15.213039656296825 ], [ 28.107085698188186, -15.213039656296825 ], [ 28.107085698188186, -15.21331918342058 ], [ 28.106543891967178, -15.21331918342058 ] ] ] ] } },
{ "type": "Feature", "properties": { "id": "8", "layer": "REMP_siteID1_irrig_02", "path": "C:/Users/hssid/Downloads/REMP_siteID1_irrig_02.geojson" }, "geometry": { "type": "MultiPolygon", "coordinates": [ [ [ [ 28.110367107609413, -15.213435769149559 ], [ 28.110367107609413, -15.212959537794752 ], [ 28.110839176396034, -15.212959537794752 ], [ 28.110839176396034, -15.213435769149559 ], [ 28.110367107609413, -15.213435769149559 ] ] ] ] } },
{ "type": "Feature", "properties": { "id": "9", "layer": "REMP_siteID1_irrig_02", "path": "C:/Users/hssid/Downloads/REMP_siteID1_irrig_02.geojson" }, "geometry": { "type": "MultiPolygon", "coordinates": [ [ [ [ 28.111701842282518, -15.218154259705544 ], [ 28.111701842282518, -15.217874738997539 ], [ 28.112173911069139, -15.217874738997539 ], [ 28.112173911069139, -15.218154259705544 ], [ 28.111701842282518, -15.218154259705544 ] ] ] ] } },
{ "type": "Feature", "properties": { "id": "10", "layer": "REMP_siteID1_irrig_02", "path": "C:/Users/hssid/Downloads/REMP_siteID1_irrig_02.geojson" }, "geometry": { "type": "MultiPolygon", "coordinates": [ [ [ [ 28.12048054676119, -15.225756622289525 ], [ 28.12048054676119, -15.22519760068584 ], [ 28.121145734596883, -15.22519760068584 ], [ 28.121145734596883, -15.225756622289525 ], [ 28.12048054676119, -15.225756622289525 ] ] ] ] } },
{ "type": "Feature", "properties": { "id": "11", "layer": "REMP_siteID1_irrig_02", "path": "C:/Users/hssid/Downloads/REMP_siteID1_irrig_02.geojson" }, "geometry": { "type": "MultiPolygon", "coordinates": [ [ [ [ 28.123060831833516, -15.225994723632899 ], [ 28.123060831833516, -15.22562204315024 ], [ 28.12372601966921, -15.22562204315024 ], [ 28.12372601966921, -15.225994723632899 ], [ 28.123060831833516, -15.225994723632899 ] ] ] ] } },
{ "type": "Feature", "properties": { "id": "12", "layer": "REMP_siteID1_irrig_02", "path": "C:/Users/hssid/Downloads/REMP_siteID1_irrig_02.geojson" }, "geometry": { "type": "MultiPolygon", "coordinates": [ [ [ [ 28.123168120194112, -15.226812547935003 ], [ 28.123168120194112, -15.226465749410091 ], [ 28.123742112923299, -15.226465749410091 ], [ 28.123742112923299, -15.226812547935003 ], [ 28.123168120194112, -15.226812547935003 ] ] ] ] } },
{ "type": "Feature", "properties": { "id": "13", "layer": "REMP_siteID1_irrig_02", "path": "C:/Users/hssid/Downloads/REMP_siteID1_irrig_02.geojson" }, "geometry": { "type": "MultiPolygon", "coordinates": [ [ [ [ 28.114088946413641, -15.23232833384097 ], [ 28.114088946413641, -15.231298315784514 ], [ 28.114689761232977, -15.231298315784514 ], [ 28.114689761232977, -15.23232833384097 ], [ 28.114088946413641, -15.23232833384097 ] ] ] ] } },
{ "type": "Feature", "properties": { "id": "14", "layer": "REMP_siteID1_irrig_02", "path": "C:/Users/hssid/Downloads/REMP_siteID1_irrig_02.geojson" }, "geometry": { "type": "MultiPolygon", "coordinates": [ [ [ [ 28.09926441192934, -15.222749960628363 ], [ 28.09926441192934, -15.22238245060394 ], [ 28.099955080750675, -15.22238245060394 ], [ 28.099955080750675, -15.222749960628363 ], [ 28.09926441192934, -15.222749960628363 ] ] ] ] } },
{ "type": "Feature", "properties": { "id": "15", "layer": "REMP_siteID1_irrig_02", "path": "C:/Users/hssid/Downloads/REMP_siteID1_irrig_02.geojson" }, "geometry": { "type": "MultiPolygon", "coordinates": [ [ [ [ 28.104566337867784, -15.22625361570222 ], [ 28.104566337867784, -15.225290857623399 ], [ 28.105360271736192, -15.225290857623399 ], [ 28.105360271736192, -15.22625361570222 ], [ 28.104566337867784, -15.22625361570222 ] ] ] ] } },
{ "type": "Feature", "properties": { "id": "16", "layer": "REMP_siteID1_irrig_02", "path": "C:/Users/hssid/Downloads/REMP_siteID1_irrig_02.geojson" }, "geometry": { "type": "MultiPolygon", "coordinates": [ [ [ [ 28.087594671810383, -15.220608149942372 ], [ 28.087594671810383, -15.218703282924569 ], [ 28.08841006335091, -15.218703282924569 ], [ 28.08841006335091, -15.220608149942372 ], [ 28.087594671810383, -15.220608149942372 ] ] ] ] } },
{ "type": "Feature", "properties": { "id": "17", "layer": "REMP_siteID1_irrig_02", "path": "C:/Users/hssid/Downloads/REMP_siteID1_irrig_02.geojson" }, "geometry": { "type": "MultiPolygon", "coordinates": [ [ [ [ 28.086457415188068, -15.220131934803216 ], [ 28.086457415188068, -15.218661872580666 ], [ 28.087337179744953, -15.218661872580666 ], [ 28.087337179744953, -15.220131934803216 ], [ 28.086457415188068, -15.220131934803216 ] ] ] ] } },
{ "type": "Feature", "properties": { "id": "18", "layer": "REMP_siteID1_irrig_02", "path": "C:/Users/hssid/Downloads/REMP_siteID1_irrig_02.geojson" }, "geometry": { "type": "MultiPolygon", "coordinates": [ [ [ [ 28.120182725261728, -15.209779044641719 ], [ 28.120182725261728, -15.209427041548649 ], [ 28.121770592998544, -15.209427041548649 ], [ 28.121770592998544, -15.209779044641719 ], [ 28.120182725261728, -15.209779044641719 ] ] ] ] } },
{ "type": "Feature", "properties": { "id": "19", "layer": "REMP_siteID1_irrig_02", "path": "C:/Users/hssid/Downloads/REMP_siteID1_irrig_02.geojson" }, "geometry": { "type": "MultiPolygon", "coordinates": [ [ [ [ 28.122028085063974, -15.210234577183494 ], [ 28.122028085063974, -15.20986186881345 ], [ 28.123894902538339, -15.20986186881345 ], [ 28.123894902538339, -15.210234577183494 ], [ 28.122028085063974, -15.210234577183494 ] ] ] ] } },
{ "type": "Feature", "properties": { "id": "20", "layer": "REMP_siteID1_irrig_02", "path": "C:/Users/hssid/Downloads/REMP_siteID1_irrig_02.geojson" }, "geometry": { "type": "MultiPolygon", "coordinates": [ [ [ [ 28.124731751750986, -15.206755940097171 ], [ 28.124731751750986, -15.205762033241637 ], [ 28.125804635356943, -15.205762033241637 ], [ 28.125804635356943, -15.206755940097171 ], [ 28.124731751750986, -15.206755940097171 ] ] ] ] } },
{ "type": "Feature", "properties": { "id": "21", "layer": "REMP_siteID1_irrig_02", "path": "C:/Users/hssid/Downloads/REMP_siteID1_irrig_02.geojson" }, "geometry": { "type": "MultiPolygon", "coordinates": [ [ [ [ 28.135461313865452, -15.214714279613473 ], [ 28.135461313865452, -15.214269109559593 ], [ 28.135879738471775, -15.214269109559593 ], [ 28.135879738471775, -15.214714279613473 ], [ 28.135461313865452, -15.214714279613473 ] ] ] ] } },
{ "type": "Feature", "properties": { "id": "22", "layer": "REMP_siteID1_irrig_02", "path": "C:/Users/hssid/Downloads/REMP_siteID1_irrig_02.geojson" }, "geometry": { "type": "MultiPolygon", "coordinates": [ [ [ [ 28.135820729873448, -15.214284638763354 ], [ 28.135820729873448, -15.213984407287771 ], [ 28.136249883315831, -15.213984407287771 ], [ 28.136249883315831, -15.214284638763354 ], [ 28.135820729873448, -15.214284638763354 ] ] ] ] } },
{ "type": "Feature", "properties": { "id": "23", "layer": "REMP_siteID1_irrig_02", "path": "C:/Users/hssid/Downloads/REMP_siteID1_irrig_02.geojson" }, "geometry": { "type": "MultiPolygon", "coordinates": [ [ [ [ 28.124462568648017, -15.209505183503984 ], [ 28.124462568648017, -15.208635526605322 ], [ 28.125004374869025, -15.208635526605322 ], [ 28.125004374869025, -15.209505183503984 ], [ 28.124462568648017, -15.209505183503984 ] ] ] ] } },
{ "type": "Feature", "properties": { "id": "24", "layer": "REMP_siteID1_irrig_02", "path": "C:/Users/hssid/Downloads/REMP_siteID1_irrig_02.geojson" }, "geometry": { "type": "MultiPolygon", "coordinates": [ [ [ [ 28.126903378851569, -15.207563980134722 ], [ 28.126903378851569, -15.207082558932331 ], [ 28.128029906637824, -15.207082558932331 ], [ 28.128029906637824, -15.207563980134722 ], [ 28.126903378851569, -15.207563980134722 ] ] ] ] } },
{ "type": "Feature", "properties": { "id": "25", "layer": "REMP_siteID1_irrig_02", "path": "C:/Users/hssid/Downloads/REMP_siteID1_irrig_02.geojson" }, "geometry": { "type": "MultiPolygon", "coordinates": [ [ [ [ 28.129499757177985, -15.207807278603665 ], [ 28.129499757177985, -15.207460448786152 ], [ 28.129821622259772, -15.207460448786152 ], [ 28.129821622259772, -15.207807278603665 ], [ 28.129499757177985, -15.207807278603665 ] ] ] ] } },
{ "type": "Feature", "properties": { "id": "26", "layer": "REMP_siteID1_irrig_02", "path": "C:/Users/hssid/Downloads/REMP_siteID1_irrig_02.geojson" }, "geometry": { "type": "MultiPolygon", "coordinates": [ [ [ [ 28.115376160903558, -15.206743373263757 ], [ 28.115376160903558, -15.206479367196582 ], [ 28.115821407600031, -15.206479367196582 ], [ 28.115821407600031, -15.206743373263757 ], [ 28.115376160903558, -15.206743373263757 ] ] ] ] } },
{ "type": "Feature", "properties": { "id": "27", "layer": "REMP_siteID1_irrig_02", "path": "C:/Users/hssid/Downloads/REMP_siteID1_irrig_02.geojson" }, "geometry": { "type": "MultiPolygon", "coordinates": [ [ [ [ 28.11509721116601, -15.207768334861163 ], [ 28.11509721116601, -15.207178206065294 ], [ 28.115762399001703, -15.207178206065294 ], [ 28.115762399001703, -15.207768334861163 ], [ 28.11509721116601, -15.207768334861163 ] ] ] ] } },
{ "type": "Feature", "properties": { "id": "28", "layer": "REMP_siteID1_irrig_02", "path": "C:/Users/hssid/Downloads/REMP_siteID1_irrig_02.geojson" }, "geometry": { "type": "MultiPolygon", "coordinates": [ [ [ [ 28.11708741025506, -15.207302443843838 ], [ 28.11708741025506, -15.206826198628441 ], [ 28.117393182082758, -15.206826198628441 ], [ 28.117393182082758, -15.207302443843838 ], [ 28.11708741025506, -15.207302443843838 ] ] ] ] } },
{ "type": "Feature", "properties": { "id": "29", "layer": "REMP_siteID1_irrig_02", "path": "C:/Users/hssid/Downloads/REMP_siteID1_irrig_02.geojson" }, "geometry": { "type": "MultiPolygon", "coordinates": [ [ [ [ 28.117881344123468, -15.207069497949011 ], [ 28.117881344123468, -15.206909023960582 ], [ 28.118428514762506, -15.206909023960582 ], [ 28.118428514762506, -15.207069497949011 ], [ 28.117881344123468, -15.207069497949011 ] ] ] ] } },
{ "type": "Feature", "properties": { "id": "30", "layer": "REMP_siteID1_irrig_02", "path": "C:/Users/hssid/Downloads/REMP_siteID1_irrig_02.geojson" }, "geometry": { "type": "MultiPolygon", "coordinates": [ [ [ [ 28.116191552444086, -15.208596583015829 ], [ 28.116191552444086, -15.208156576588923 ], [ 28.116631434722528, -15.208156576588923 ], [ 28.116631434722528, -15.208596583015829 ], [ 28.116191552444086, -15.208596583015829 ] ] ] ] } },
{ "type": "Feature", "properties": { "id": "31", "layer": "REMP_siteID1_irrig_02", "path": "C:/Users/hssid/Downloads/REMP_siteID1_irrig_02.geojson" }, "geometry": { "type": "MultiPolygon", "coordinates": [ [ [ [ 28.094950709142847, -15.197628173257186 ], [ 28.094950709142847, -15.197012131955526 ], [ 28.095299396314783, -15.197012131955526 ], [ 28.095299396314783, -15.197628173257186 ], [ 28.094950709142847, -15.197628173257186 ] ] ] ] } },
{ "type": "Feature", "properties": { "id": "32", "layer": "REMP_siteID1_irrig_02", "path": "C:/Users/hssid/Downloads/REMP_siteID1_irrig_02.geojson" }, "geometry": { "type": "MultiPolygon", "coordinates": [ [ [ [ 28.09535304049508, -15.19838398617771 ], [ 28.09535304049508, -15.197783477503043 ], [ 28.095690998830957, -15.197783477503043 ], [ 28.095690998830957, -15.19838398617771 ], [ 28.09535304049508, -15.19838398617771 ] ] ] ] } },
{ "type": "Feature", "properties": { "id": "33", "layer": "REMP_siteID1_irrig_02", "path": "C:/Users/hssid/Downloads/REMP_siteID1_irrig_02.geojson" }, "geometry": { "type": "MultiPolygon", "coordinates": [ [ [ [ 28.087144984639522, -15.199578989207065 ], [ 28.087144984639522, -15.199413332751071 ], [ 28.087552680409786, -15.199413332751071 ], [ 28.087552680409786, -15.199578989207065 ], [ 28.087144984639522, -15.199578989207065 ] ] ] ] } },
{ "type": "Feature", "properties": { "id": "34", "layer": "REMP_siteID1_irrig_02", "path": "C:/Users/hssid/Downloads/REMP_siteID1_irrig_02.geojson" }, "geometry": { "type": "MultiPolygon", "coordinates": [ [ [ [ 28.087332739270565, -15.200536688042554 ], [ 28.087332739270565, -15.200158785778322 ], [ 28.087858452237484, -15.200158785778322 ], [ 28.087858452237484, -15.200536688042554 ], [ 28.087332739270565, -15.200536688042554 ] ] ] ] } },
{ "type": "Feature", "properties": { "id": "35", "layer": "REMP_siteID1_irrig_02", "path": "C:/Users/hssid/Downloads/REMP_siteID1_irrig_02.geojson" }, "geometry": { "type": "MultiPolygon", "coordinates": [ [ [ [ 28.055415616594679, -15.195959237560881 ], [ 28.055415616594679, -15.195379429445167 ], [ 28.055962787233717, -15.195379429445167 ], [ 28.055962787233717, -15.195959237560881 ], [ 28.055415616594679, -15.195959237560881 ] ] ] ] } },
{ "type": "Feature", "properties": { "id": "0", "layer": null, "path": null }, "geometry": { "type": "MultiPolygon", "coordinates": [ [ [ [ 30.205691515152935, -12.38583439927608 ], [ 30.205691515152935, -12.385048463639652 ], [ 30.206447898095135, -12.385048463639652 ], [ 30.206447898095135, -12.38583439927608 ], [ 30.205691515152935, -12.38583439927608 ] ] ] ] } },
{ "type": "Feature", "properties": { "id": "1", "layer": null, "path": null }, "geometry": { "type": "MultiPolygon", "coordinates": [ [ [ [ 30.157111208763478, -12.375678483191155 ], [ 30.157111208763478, -12.374798200869822 ], [ 30.157776396599171, -12.374798200869822 ], [ 30.157776396599171, -12.375678483191155 ], [ 30.157111208763478, -12.375678483191155 ] ] ] ] } },
{ "type": "Feature", "properties": { "id": "2", "layer": null, "path": null }, "geometry": { "type": "MultiPolygon", "coordinates": [ [ [ [ 30.16117448089452, -12.3704708789639 ], [ 30.16117448089452, -12.369915452008716 ], [ 30.161496345976307, -12.369915452008716 ], [ 30.161496345976307, -12.3704708789639 ], [ 30.16117448089452, -12.3704708789639 ] ] ] ] } },
{ "type": "Feature", "properties": { "id": "3", "layer": null, "path": null }, "geometry": { "type": "MultiPolygon", "coordinates": [ [ [ [ 30.147709595719959, -12.368680328207077 ], [ 30.147709595719959, -12.368313534440196 ], [ 30.148101198236134, -12.368313534440196 ], [ 30.148101198236134, -12.368680328207077 ], [ 30.147709595719959, -12.368680328207077 ] ] ] ] } },
{ "type": "Feature", "properties": { "id": "4", "layer": null, "path": null }, "geometry": { "type": "MultiPolygon", "coordinates": [ [ [ [ 30.217816948921346, -12.395597283772155 ], [ 30.217816948921346, -12.394942362089489 ], [ 30.218289017707967, -12.394942362089489 ], [ 30.218289017707967, -12.395597283772155 ], [ 30.217816948921346, -12.395597283772155 ] ] ] ] } },
{ "type": "Feature", "properties": { "id": "5", "layer": null, "path": null }, "geometry": { "type": "MultiPolygon", "coordinates": [ [ [ [ 30.247806735325096, -12.383080428267244 ], [ 30.247806735325096, -12.382525028134502 ], [ 30.248632855701683, -12.382525028134502 ], [ 30.248632855701683, -12.383080428267244 ], [ 30.247806735325096, -12.383080428267244 ] ] ] ] } },
{ "type": "Feature", "properties": { "id": "6", "layer": null, "path": null }, "geometry": { "type": "MultiPolygon", "coordinates": [ [ [ [ 30.249121017742393, -12.383216658307964 ], [ 30.249121017742393, -12.382383558100493 ], [ 30.24970037488961, -12.382383558100493 ], [ 30.24970037488961, -12.383216658307964 ], [ 30.249121017742393, -12.383216658307964 ] ] ] ] } },
{ "type": "Feature", "properties": { "id": "7", "layer": null, "path": null }, "geometry": { "type": "MultiPolygon", "coordinates": [ [ [ [ 30.247293445834185, -12.378225800011521 ], [ 30.247293445834185, -12.377416262669879 ], [ 30.247572395571733, -12.377416262669879 ], [ 30.247572395571733, -12.378225800011521 ], [ 30.247293445834185, -12.378225800011521 ] ] ] ] } },
{ "type": "Feature", "properties": { "id": "8", "layer": null, "path": null }, "geometry": { "type": "MultiPolygon", "coordinates": [ [ [ [ 30.234631512556074, -12.345765710389616 ], [ 30.234631512556074, -12.345338620178746 ], [ 30.234803173933027, -12.345338620178746 ], [ 30.234803173933027, -12.345765710389616 ], [ 30.234631512556074, -12.345765710389616 ] ] ] ] } },
{ "type": "Feature", "properties": { "id": "9", "layer": null, "path": null }, "geometry": { "type": "MultiPolygon", "coordinates": [ [ [ [ 30.21930613179552, -12.412164761197024 ], [ 30.21930613179552, -12.411316036355982 ], [ 30.220357557729358, -12.411316036355982 ], [ 30.220357557729358, -12.412164761197024 ], [ 30.21930613179552, -12.412164761197024 ] ] ] ] } },
{ "type": "Feature", "properties": { "id": "10", "layer": null, "path": null }, "geometry": { "type": "MultiPolygon", "coordinates": [ [ [ [ 30.178134678277271, -12.396029874395005 ], [ 30.178134678277271, -12.395584528568799 ], [ 30.178585289391773, -12.395584528568799 ], [ 30.178585289391773, -12.396029874395005 ], [ 30.178134678277271, -12.396029874395005 ] ] ] ] } },
{ "type": "Feature", "properties": { "id": "11", "layer": null, "path": null }, "geometry": { "type": "MultiPolygon", "coordinates": [ [ [ [ 30.115760304596048, -12.333124426771352 ], [ 30.115760304596048, -12.332629187775634 ], [ 30.116114356186014, -12.332629187775634 ], [ 30.116114356186014, -12.333124426771352 ], [ 30.115760304596048, -12.333124426771352 ] ] ] ] } },
{ "type": "Feature", "properties": { "id": "12", "layer": null, "path": null }, "geometry": { "type": "MultiPolygon", "coordinates": [ [ [ [ 30.102130118539943, -12.349738729949948 ], [ 30.102130118539943, -12.349288064891564 ], [ 30.102301779916896, -12.349288064891564 ], [ 30.102301779916896, -12.349738729949948 ], [ 30.102130118539943, -12.349738729949948 ] ] ] ] } },
{ "type": "Feature", "properties": { "id": "13", "layer": null, "path": null }, "geometry": { "type": "MultiPolygon", "coordinates": [ [ [ [ 30.079842898424786, -12.372734476856037 ], [ 30.079842898424786, -12.372344109530415 ], [ 30.080209019955319, -12.372344109530415 ], [ 30.080209019955319, -12.372734476856037 ], [ 30.079842898424786, -12.372734476856037 ] ] ] ] } },
{ "type": "Feature", "properties": { "id": "14", "layer": null, "path": null }, "geometry": { "type": "MultiPolygon", "coordinates": [ [ [ [ 30.080286307545169, -12.37133828722745 ], [ 30.080286307545169, -12.370858840149538 ], [ 30.080779834003909, -12.370858840149538 ], [ 30.080779834003909, -12.37133828722745 ], [ 30.080286307545169, -12.37133828722745 ] ] ] ] } },
{ "type": "Feature", "properties": { "id": "15", "layer": null, "path": null }, "geometry": { "type": "MultiPolygon", "coordinates": [ [ [ [ 30.084182024456311, -12.372176539798458 ], [ 30.084182024456311, -12.371918477691267 ], [ 30.084464997507382, -12.371918477691267 ], [ 30.084464997507382, -12.372176539798458 ], [ 30.084182024456311, -12.372176539798458 ] ] ] ] } },
{ "type": "Feature", "properties": { "id": "16", "layer": null, "path": null }, "geometry": { "type": "MultiPolygon", "coordinates": [ [ [ [ 30.12359904996789, -12.312545501120841 ], [ 30.12359904996789, -12.312215315988823 ], [ 30.123829719943171, -12.312215315988823 ], [ 30.123829719943171, -12.312545501120841 ], [ 30.12359904996789, -12.312545501120841 ] ] ] ] } },
{ "type": "Feature", "properties": { "id": "17", "layer": null, "path": null }, "geometry": { "type": "MultiPolygon", "coordinates": [ [ [ [ 30.100371058863264, -12.353445376413664 ], [ 30.100371058863264, -12.353212186847752 ], [ 30.100751932543378, -12.353212186847752 ], [ 30.100751932543378, -12.353445376413664 ], [ 30.100371058863264, -12.353445376413664 ] ] ] ] } },
{ "type": "Feature", "properties": { "id": "0", "layer": "Lake_Bangweulu_02", "path": "C:/Users/hssid/Downloads/Lake_Bangweulu_02.geojson" }, "geometry": { "type": "MultiPolygon", "coordinates": [ [ [ [ 30.087831661475228, -10.939265626500932 ], [ 30.087858483565384, -10.939231391384983 ], [ 30.087973818553017, -10.939281427322342 ], [ 30.087945655358364, -10.939336730190661 ], [ 30.087831661475228, -10.939265626500932 ] ] ] ] } },
{ "type": "Feature", "properties": { "id": "1", "layer": "Lake_Bangweulu_02", "path": "C:/Users/hssid/Downloads/Lake_Bangweulu_02.geojson" }, "geometry": { "type": "MultiPolygon", "coordinates": [ [ [ [ 30.087995276225133, -10.939223490973042 ], [ 30.088039532673882, -10.939187939116728 ], [ 30.088122681153344, -10.939207690148537 ], [ 30.088087812436154, -10.939376232233142 ], [ 30.088022098315285, -10.939326196311788 ], [ 30.087995276225133, -10.939223490973042 ] ] ] ] } },
{ "type": "Feature", "properties": { "id": "0", "layer": "Lake_Bangweulu_03", "path": "C:/Users/hssid/Downloads/Lake_Bangweulu_03.geojson" }, "geometry": { "type": "MultiPolygon", "coordinates": [ [ [ [ 30.086738544092459, -10.946274890831413 ], [ 30.086832421407976, -10.94617613801428 ], [ 30.086981284008306, -10.946323608875742 ], [ 30.086895453319833, -10.946411828016712 ], [ 30.086738544092459, -10.946274890831413 ] ] ] ] } },
{ "type": "Feature", "properties": { "id": "0", "layer": "Lake_Bangweulu_04", "path": "C:/Users/hssid/Downloads/Lake_Bangweulu_04.geojson" }, "geometry": { "type": "MultiPolygon", "coordinates": [ [ [ [ 30.07861843496816, -10.973551539366731 ], [ 30.07861843496816, -10.973231609615803 ], [ 30.078936276736425, -10.973231609615803 ], [ 30.078936276736425, -10.973551539366731 ], [ 30.07861843496816, -10.973551539366731 ] ] ] ] } },
{ "type": "Feature", "properties": { "id": "0", "layer": "Lake_Bangweulu_05", "path": "C:/Users/hssid/Downloads/Lake_Bangweulu_05.geojson" }, "geometry": { "type": "MultiPolygon", "coordinates": [ [ [ [ 30.090492086967338, -10.986201733062927 ], [ 30.090492086967338, -10.986041116819379 ], [ 30.090736167987693, -10.986041116819379 ], [ 30.090736167987693, -10.986201733062927 ], [ 30.090492086967338, -10.986201733062927 ] ] ] ] } },
{ "type": "Feature", "properties": { "id": "1", "layer": "Lake_Bangweulu_05", "path": "C:/Users/hssid/Downloads/Lake_Bangweulu_05.geojson" }, "geometry": { "type": "MultiPolygon", "coordinates": [ [ [ [ 30.091365146001685, -10.985979240046507 ], [ 30.091365146001685, -10.98578044436926 ], [ 30.091456341108191, -10.98578044436926 ], [ 30.091456341108191, -10.985979240046507 ], [ 30.091365146001685, -10.985979240046507 ] ] ] ] } },
{ "type": "Feature", "properties": { "id": "2", "layer": "Lake_Bangweulu_05", "path": "C:/Users/hssid/Downloads/Lake_Bangweulu_05.geojson" }, "geometry": { "type": "MultiPolygon", "coordinates": [ [ [ [ 30.091767477353919, -10.986075346517964 ], [ 30.091767477353919, -10.985927895480442 ], [ 30.091967301925528, -10.985927895480442 ], [ 30.091967301925528, -10.986075346517964 ], [ 30.091767477353919, -10.986075346517964 ] ] ] ] } },
{ "type": "Feature", "properties": { "id": "3", "layer": "Lake_Bangweulu_05", "path": "C:/Users/hssid/Downloads/Lake_Bangweulu_05.geojson" }, "geometry": { "type": "MultiPolygon", "coordinates": [ [ [ [ 30.090653019508231, -10.986041116819379 ], [ 30.090653019508231, -10.985873917850075 ], [ 30.090950744708884, -10.985873917850075 ], [ 30.090950744708884, -10.986041116819379 ], [ 30.090653019508231, -10.986041116819379 ] ] ] ] } },
{ "type": "Feature", "properties": { "id": "4", "layer": "Lake_Bangweulu_05", "path": "C:/Users/hssid/Downloads/Lake_Bangweulu_05.geojson" }, "geometry": { "type": "MultiPolygon", "coordinates": [ [ [ [ 30.093097482896376, -10.986373141671104 ], [ 30.093097482896376, -10.986265186563354 ], [ 30.093167220330763, -10.986265186563354 ], [ 30.093167220330763, -10.986373141671104 ], [ 30.093097482896376, -10.986373141671104 ] ] ] ] } },
{ "type": "Feature", "properties": { "id": "5", "layer": "Lake_Bangweulu_05", "path": "C:/Users/hssid/Downloads/Lake_Bangweulu_05.geojson" }, "geometry": { "type": "MultiPolygon", "coordinates": [ [ [ [ 30.104970642080165, -10.984436745478572 ], [ 30.104970642080165, -10.984336688869975 ], [ 30.105077930440761, -10.984336688869975 ], [ 30.105077930440761, -10.984436745478572 ], [ 30.104970642080165, -10.984436745478572 ] ] ] ] } },
{ "type": "Feature", "properties": { "id": "6", "layer": "Lake_Bangweulu_05", "path": "C:/Users/hssid/Downloads/Lake_Bangweulu_05.geojson" }, "geometry": { "type": "MultiPolygon", "coordinates": [ [ [ [ 30.104718514432765, -10.984191870034307 ], [ 30.104718514432765, -10.984061533021469 ], [ 30.104804345121241, -10.984061533021469 ], [ 30.104804345121241, -10.984191870034307 ], [ 30.104718514432765, -10.984191870034307 ] ] ] ] } },
{ "type": "Feature", "properties": { "id": "7", "layer": "Lake_Bangweulu_05", "path": "C:/Users/hssid/Downloads/Lake_Bangweulu_05.geojson" }, "geometry": { "type": "MultiPolygon", "coordinates": [ [ [ [ 30.108722707177424, -10.983517006289716 ], [ 30.108722707177424, -10.983270813543225 ], [ 30.10889302744987, -10.983270813543225 ], [ 30.10889302744987, -10.983517006289716 ], [ 30.108722707177424, -10.983517006289716 ] ] ] ] } },
{ "type": "Feature", "properties": { "id": "8", "layer": "Lake_Bangweulu_05", "path": "C:/Users/hssid/Downloads/Lake_Bangweulu_05.geojson" }, "geometry": { "type": "MultiPolygon", "coordinates": [ [ [ [ 30.115041050367232, -10.981613596365575 ], [ 30.115041050367232, -10.981460876910045 ], [ 30.115263673715468, -10.981460876910045 ], [ 30.115263673715468, -10.981613596365575 ], [ 30.115041050367232, -10.981613596365575 ] ] ] ] } },
{ "type": "Feature", "properties": { "id": "9", "layer": "Lake_Bangweulu_05", "path": "C:/Users/hssid/Downloads/Lake_Bangweulu_05.geojson" }, "geometry": { "type": "MultiPolygon", "coordinates": [ [ [ [ 30.116803261690016, -10.98204015718504 ], [ 30.116803261690016, -10.981853207765946 ], [ 30.117004427366133, -10.981853207765946 ], [ 30.117004427366133, -10.98204015718504 ], [ 30.116803261690016, -10.98204015718504 ] ] ] ] } },
{ "type": "Feature", "properties": { "id": "10", "layer": "Lake_Bangweulu_05", "path": "C:/Users/hssid/Downloads/Lake_Bangweulu_05.geojson" }, "geometry": { "type": "MultiPolygon", "coordinates": [ [ [ [ 30.116116616182204, -10.981832143035254 ], [ 30.116116616182204, -10.981695222249083 ], [ 30.116261455469008, -10.981695222249083 ], [ 30.116261455469008, -10.981832143035254 ], [ 30.116116616182204, -10.981832143035254 ] ] ] ] } },
{ "type": "Feature", "properties": { "id": "11", "layer": "Lake_Bangweulu_05", "path": "C:/Users/hssid/Downloads/Lake_Bangweulu_05.geojson" }, "geometry": { "type": "MultiPolygon", "coordinates": [ [ [ [ 30.11697337838115, -10.983731433753768 ], [ 30.11697337838115, -10.983677455721747 ], [ 30.117045798024552, -10.983677455721747 ], [ 30.117045798024552, -10.983731433753768 ], [ 30.11697337838115, -10.983731433753768 ] ] ] ] } },
{ "type": "Feature", "properties": { "id": "12", "layer": "Lake_Bangweulu_05", "path": "C:/Users/hssid/Downloads/Lake_Bangweulu_05.geojson" }, "geometry": { "type": "MultiPolygon", "coordinates": [ [ [ [ 30.117073808534183, -10.985426002121388 ], [ 30.117073808534183, -10.985294349123212 ], [ 30.117201213462391, -10.985294349123212 ], [ 30.117201213462391, -10.985426002121388 ], [ 30.117073808534183, -10.985426002121388 ] ] ] ] } },
{ "type": "Feature", "properties": { "id": "13", "layer": "Lake_Bangweulu_05", "path": "C:/Users/hssid/Downloads/Lake_Bangweulu_05.geojson" }, "geometry": { "type": "MultiPolygon", "coordinates": [ [ [ [ 30.120102820587324, -10.992900501095596 ], [ 30.120102820587324, -10.992637201710457 ], [ 30.120362994861768, -10.992637201710457 ], [ 30.120362994861768, -10.992900501095596 ], [ 30.120102820587324, -10.992900501095596 ] ] ] ] } },
{ "type": "Feature", "properties": { "id": "14", "layer": "Lake_Bangweulu_05", "path": "C:/Users/hssid/Downloads/Lake_Bangweulu_05.geojson" }, "geometry": { "type": "MultiPolygon", "coordinates": [ [ [ [ 30.120000896644758, -10.99306901257874 ], [ 30.120000896644758, -10.992966325905154 ], [ 30.120212791156934, -10.992966325905154 ], [ 30.120212791156934, -10.99306901257874 ], [ 30.120000896644758, -10.99306901257874 ] ] ] ] } },
{ "type": "Feature", "properties": { "id": "15", "layer": "Lake_Bangweulu_05", "path": "C:/Users/hssid/Downloads/Lake_Bangweulu_05.geojson" }, "geometry": { "type": "MultiPolygon", "coordinates": [ [ [ [ 30.125866917954056, -11.012921568857866 ], [ 30.125866917954056, -11.012595099766541 ], [ 30.126097587929337, -11.012595099766541 ], [ 30.126097587929337, -11.012921568857866 ], [ 30.125866917954056, -11.012921568857866 ] ] ] ] } },
{ "type": "Feature", "properties": { "id": "16", "layer": "Lake_Bangweulu_05", "path": "C:/Users/hssid/Downloads/Lake_Bangweulu_05.geojson" }, "geometry": { "type": "MultiPolygon", "coordinates": [ [ [ [ 30.129150828184798, -11.017351990408621 ], [ 30.129150828184798, -11.017217718895573 ], [ 30.129290303053573, -11.017217718895573 ], [ 30.129290303053573, -11.017351990408621 ], [ 30.129150828184798, -11.017351990408621 ] ] ] ] } },
{ "type": "Feature", "properties": { "id": "17", "layer": "Lake_Bangweulu_05", "path": "C:/Users/hssid/Downloads/Lake_Bangweulu_05.geojson" }, "geometry": { "type": "MultiPolygon", "coordinates": [ [ [ [ 30.134929357041056, -11.02442190326191 ], [ 30.134929357041056, -11.02425077700395 ], [ 30.135063467491801, -11.02425077700395 ], [ 30.135063467491801, -11.02442190326191 ], [ 30.134929357041056, -11.02442190326191 ] ] ] ] } },
{ "type": "Feature", "properties": { "id": "18", "layer": "Lake_Bangweulu_05", "path": "C:/Users/hssid/Downloads/Lake_Bangweulu_05.geojson" }, "geometry": { "type": "MultiPolygon", "coordinates": [ [ [ [ 30.136980710554948, -11.026577984911011 ], [ 30.136980710554948, -11.026426605105506 ], [ 30.137077270079484, -11.026426605105506 ], [ 30.137077270079484, -11.026577984911011 ], [ 30.136980710554948, -11.026577984911011 ] ] ] ] } },
{ "type": "Feature", "properties": { "id": "19", "layer": "Lake_Bangweulu_05", "path": "C:/Users/hssid/Downloads/Lake_Bangweulu_05.geojson" }, "geometry": { "type": "MultiPolygon", "coordinates": [ [ [ [ 30.142423744771573, -11.033660220072115 ], [ 30.142423744771573, -11.033420650811957 ], [ 30.142571266267392, -11.033420650811957 ], [ 30.142571266267392, -11.033660220072115 ], [ 30.142423744771573, -11.033660220072115 ] ] ] ] } },
{ "type": "Feature", "properties": { "id": "20", "layer": "Lake_Bangweulu_05", "path": "C:/Users/hssid/Downloads/Lake_Bangweulu_05.geojson" }, "geometry": { "type": "MultiPolygon", "coordinates": [ [ [ [ 30.143711362966563, -11.036102373249472 ], [ 30.143711362966563, -11.035775929889789 ], [ 30.143952761777904, -11.035775929889789 ], [ 30.143952761777904, -11.036102373249472 ], [ 30.143711362966563, -11.036102373249472 ] ] ] ] } },
{ "type": "Feature", "properties": { "id": "21", "layer": "Lake_Bangweulu_05", "path": "C:/Users/hssid/Downloads/Lake_Bangweulu_05.geojson" }, "geometry": { "type": "MultiPolygon", "coordinates": [ [ [ [ 30.144555501756351, -11.037267302788369 ], [ 30.144555501756351, -11.037150152250268 ], [ 30.144666813430469, -11.037150152250268 ], [ 30.144666813430469, -11.037267302788369 ], [ 30.144555501756351, -11.037267302788369 ] ] ] ] } },
{ "type": "Feature", "properties": { "id": "22", "layer": "Lake_Bangweulu_05", "path": "C:/Users/hssid/Downloads/Lake_Bangweulu_05.geojson" }, "geometry": { "type": "MultiPolygon", "coordinates": [ [ [ [ 30.145231519167559, -11.038521047144247 ], [ 30.145231519167559, -11.03843417183961 ], [ 30.145405862753528, -11.03843417183961 ], [ 30.145405862753528, -11.038521047144247 ], [ 30.145231519167559, -11.038521047144247 ] ] ] ] } },
{ "type": "Feature", "properties": { "id": "0", "layer": "Lake_Bangweulu_irrig", "path": "C:/Users/hssid/Downloads/Lake_Bangweulu_irrig.geojson" }, "geometry": { "type": "MultiPolygon", "coordinates": [ [ [ [ 30.139036087452112, -10.944898038517318 ], [ 30.1389985365259, -10.944782168003371 ], [ 30.139315037189665, -10.944832203003587 ], [ 30.139360634742914, -10.945129779409257 ], [ 30.139481334148584, -10.945111345481303 ], [ 30.139518885074786, -10.945361520119944 ], [ 30.13941159671419, -10.945393121111904 ], [ 30.139419643341235, -10.945448422839716 ], [ 30.139170197902853, -10.945519525046041 ], [ 30.139154104648757, -10.945445789424342 ], [ 30.139036087452112, -10.945464223331484 ], [ 30.138995854316882, -10.945190348021592 ], [ 30.139036087452112, -10.944898038517318 ] ] ] ] } },
{ "type": "Feature", "properties": { "id": "1", "layer": "Lake_Bangweulu_irrig", "path": "C:/Users/hssid/Downloads/Lake_Bangweulu_irrig.geojson" }, "geometry": { "type": "MultiPolygon", "coordinates": [ [ [ [ 30.138944892345599, -10.944503025215514 ], [ 30.139105824886492, -10.944271283833347 ], [ 30.139215795456099, -10.944381887697443 ], [ 30.139105824886492, -10.944771634318036 ], [ 30.138969032226736, -10.94476636747523 ], [ 30.138944892345599, -10.944503025215514 ] ] ] ] } },
{ "type": "Feature", "properties": { "id": "2", "layer": "Lake_Bangweulu_irrig", "path": "C:/Users/hssid/Downloads/Lake_Bangweulu_irrig.geojson" }, "geometry": { "type": "MultiPolygon", "coordinates": [ [ [ [ 30.138942210136587, -10.945914536992571 ], [ 30.138974396644763, -10.945614327961232 ], [ 30.139481334148588, -10.945514258216514 ], [ 30.139647631107497, -10.946209478902535 ], [ 30.140079466758902, -10.946546555011501 ], [ 30.140074102340876, -10.946749327173535 ], [ 30.139620809017359, -10.946615023549263 ], [ 30.139615444599325, -10.946470186239166 ], [ 30.139336494861777, -10.946233179578972 ], [ 30.139301626144583, -10.945922437226121 ], [ 30.138942210136587, -10.945914536992571 ] ] ] ] } },
{ "type": "Feature", "properties": { "id": "3", "layer": "Lake_Bangweulu_irrig", "path": "C:/Users/hssid/Downloads/Lake_Bangweulu_irrig.geojson" }, "geometry": { "type": "MultiPolygon", "coordinates": [ [ [ [ 30.138148276268172, -10.944313418643587 ], [ 30.138167051731283, -10.94412644537746 ], [ 30.138279704509905, -10.944150146220535 ], [ 30.138244835792715, -10.944255483277971 ], [ 30.138148276268172, -10.944313418643587 ] ] ] ] } },
{ "type": "Feature", "properties": { "id": "4", "layer": "Lake_Bangweulu_irrig", "path": "C:/Users/hssid/Downloads/Lake_Bangweulu_irrig.geojson" }, "geometry": { "type": "MultiPolygon", "coordinates": [ [ [ [ 30.137831775604415, -10.944582027918001 ], [ 30.137904195247817, -10.944508292063006 ], [ 30.137981979309256, -10.944597828455962 ], [ 30.137914924083876, -10.944689998244005 ], [ 30.137831775604415, -10.944582027918001 ] ] ] ] } },
{ "type": "Feature", "properties": { "id": "5", "layer": "Lake_Bangweulu_irrig", "path": "C:/Users/hssid/Downloads/Lake_Bangweulu_irrig.geojson" }, "geometry": { "type": "MultiPolygon", "coordinates": [ [ [ [ 30.138762502132586, -10.94501654240516 ], [ 30.138770548759634, -10.944853270369574 ], [ 30.138942210136587, -10.94485853721083 ], [ 30.138907341419401, -10.945021809243526 ], [ 30.138762502132586, -10.94501654240516 ] ] ] ] } },
{ "type": "Feature", "properties": { "id": "6", "layer": "Lake_Bangweulu_irrig", "path": "C:/Users/hssid/Downloads/Lake_Bangweulu_irrig.geojson" }, "geometry": { "type": "MultiPolygon", "coordinates": [ [ [ [ 30.079500278944412, -10.979624677127147 ], [ 30.080004534239205, -10.979561482453621 ], [ 30.080508789533997, -10.980535732167615 ], [ 30.079881152624512, -10.980841171956673 ], [ 30.079500278944412, -10.979624677127147 ] ] ] ] } },
{ "type": "Feature", "properties": { "id": "7", "layer": "Lake_Bangweulu_irrig", "path": "C:/Users/hssid/Downloads/Lake_Bangweulu_irrig.geojson" }, "geometry": { "type": "MultiPolygon", "coordinates": [ [ [ [ 30.079441270346077, -10.980730581724712 ], [ 30.079784593099987, -10.980746380331812 ], [ 30.079907974714665, -10.981141345234667 ], [ 30.07954319428864, -10.981188740987511 ], [ 30.079441270346077, -10.980730581724712 ] ] ] ] } },
{ "type": "Feature", "properties": { "id": "8", "layer": "Lake_Bangweulu_irrig", "path": "C:/Users/hssid/Downloads/Lake_Bangweulu_irrig.geojson" }, "geometry": { "type": "MultiPolygon", "coordinates": [ [ [ [ 30.080959400648506, -10.982094525024248 ], [ 30.081206163877873, -10.981889144003702 ], [ 30.081678232664494, -10.982536883660195 ], [ 30.081340274328618, -10.98286865220221 ], [ 30.080959400648506, -10.982094525024248 ] ] ] ] } },
{ "type": "Feature", "properties": { "id": "9", "layer": "Lake_Bangweulu_irrig", "path": "C:/Users/hssid/Downloads/Lake_Bangweulu_irrig.geojson" }, "geometry": { "type": "MultiPolygon", "coordinates": [ [ [ [ 30.079119405264287, -10.97821859244455 ], [ 30.079441270346077, -10.978313384880755 ], [ 30.079827508444211, -10.979182314128501 ], [ 30.079586109632878, -10.979203379048222 ], [ 30.079119405264287, -10.97821859244455 ] ] ] ] } },
{ "type": "Feature", "properties": { "id": "0", "layer": "REMP_siteID125_irrig_01", "path": "C:/Users/hssid/Downloads/REMP_siteID125_irrig_01.geojson" }, "geometry": { "type": "MultiPolygon", "coordinates": [ [ [ [ 26.607416517957969, -16.205419987437487 ], [ 26.607416517957969, -16.205319537546231 ], [ 26.607550628408713, -16.205319537546231 ], [ 26.607550628408713, -16.205419987437487 ], [ 26.607416517957969, -16.205419987437487 ] ] ] ] } },
{ "type": "Feature", "properties": { "id": "1", "layer": "REMP_siteID125_irrig_01", "path": "C:/Users/hssid/Downloads/REMP_siteID125_irrig_01.geojson" }, "geometry": { "type": "MultiPolygon", "coordinates": [ [ [ [ 26.60745272777967, -16.205270600401178 ], [ 26.60745272777967, -16.205231965804394 ], [ 26.607546605095191, -16.205231965804394 ], [ 26.607546605095191, -16.205270600401178 ], [ 26.60745272777967, -16.205270600401178 ] ] ] ] } },
{ "type": "Feature", "properties": { "id": "2", "layer": "REMP_siteID125_irrig_01", "path": "C:/Users/hssid/Downloads/REMP_siteID125_irrig_01.geojson" }, "geometry": { "type": "MultiPolygon", "coordinates": [ [ [ [ 26.607491619810386, -16.205553920546219 ], [ 26.607491619810386, -16.205497256549791 ], [ 26.607604272589011, -16.205497256549791 ], [ 26.607604272589011, -16.205553920546219 ], [ 26.607491619810386, -16.205553920546219 ] ] ] ] } },
{ "type": "Feature", "properties": { "id": "3", "layer": "REMP_siteID125_irrig_01", "path": "C:/Users/hssid/Downloads/REMP_siteID125_irrig_01.geojson" }, "geometry": { "type": "MultiPolygon", "coordinates": [ [ [ [ 26.607357509359641, -16.205627326153753 ], [ 26.607357509359641, -16.205532027640444 ], [ 26.607413835748954, -16.205532027640444 ], [ 26.607413835748954, -16.205627326153753 ], [ 26.607357509359641, -16.205627326153753 ] ] ] ] } },
{ "type": "Feature", "properties": { "id": "4", "layer": "REMP_siteID125_irrig_01", "path": "C:/Users/hssid/Downloads/REMP_siteID125_irrig_01.geojson" }, "geometry": { "type": "MultiPolygon", "coordinates": [ [ [ [ 26.607507713064475, -16.205680126661573 ], [ 26.607507713064475, -16.205613160161441 ], [ 26.607617683634086, -16.205613160161441 ], [ 26.607617683634086, -16.205680126661573 ], [ 26.607507713064475, -16.205680126661573 ] ] ] ] } },
{ "type": "Feature", "properties": { "id": "5", "layer": "REMP_siteID125_irrig_01", "path": "C:/Users/hssid/Downloads/REMP_siteID125_irrig_01.geojson" }, "geometry": { "type": "MultiPolygon", "coordinates": [ [ [ [ 26.606858618482871, -16.205660809404261 ], [ 26.606858618482871, -16.205577101267334 ], [ 26.607046373113914, -16.205577101267334 ], [ 26.607046373113914, -16.205660809404261 ], [ 26.606858618482871, -16.205660809404261 ] ] ] ] } },
{ "type": "Feature", "properties": { "id": "6", "layer": "REMP_siteID125_irrig_01", "path": "C:/Users/hssid/Downloads/REMP_siteID125_irrig_01.geojson" }, "geometry": { "type": "MultiPolygon", "coordinates": [ [ [ [ 26.607475526556296, -16.206107681472247 ], [ 26.607475526556296, -16.205919660495034 ], [ 26.607612319216056, -16.205919660495034 ], [ 26.607612319216056, -16.206107681472247 ], [ 26.607475526556296, -16.206107681472247 ] ] ] ] } },
{ "type": "Feature", "properties": { "id": "7", "layer": "REMP_siteID125_irrig_01", "path": "C:/Users/hssid/Downloads/REMP_siteID125_irrig_01.geojson" }, "geometry": { "type": "MultiPolygon", "coordinates": [ [ [ [ 26.60675401233129, -16.206492737571359 ], [ 26.60675401233129, -16.206410317600039 ], [ 26.606835819706244, -16.206410317600039 ], [ 26.606835819706244, -16.206492737571359 ], [ 26.60675401233129, -16.206492737571359 ] ] ] ] } },
{ "type": "Feature", "properties": { "id": "8", "layer": "REMP_siteID125_irrig_01", "path": "C:/Users/hssid/Downloads/REMP_siteID125_irrig_01.geojson" }, "geometry": { "type": "MultiPolygon", "coordinates": [ [ [ [ 26.606889463886542, -16.20651463037046 ], [ 26.606889463886542, -16.206415468849261 ], [ 26.606932379230781, -16.206415468849261 ], [ 26.606932379230781, -16.20651463037046 ], [ 26.606889463886542, -16.20651463037046 ] ] ] ] } },
{ "type": "Feature", "properties": { "id": "9", "layer": "REMP_siteID125_irrig_01", "path": "C:/Users/hssid/Downloads/REMP_siteID125_irrig_01.geojson" }, "geometry": { "type": "MultiPolygon", "coordinates": [ [ [ [ 26.606892146095557, -16.206352366037063 ], [ 26.606892146095557, -16.20630858040041 ], [ 26.606961883529944, -16.20630858040041 ], [ 26.606961883529944, -16.206352366037063 ], [ 26.606892146095557, -16.206352366037063 ] ] ] ] } },
{ "type": "Feature", "properties": { "id": "10", "layer": "REMP_siteID125_irrig_01", "path": "C:/Users/hssid/Downloads/REMP_siteID125_irrig_01.geojson" }, "geometry": { "type": "MultiPolygon", "coordinates": [ [ [ [ 26.60644421719007, -16.206260931314176 ], [ 26.60644421719007, -16.206190101570105 ], [ 26.606576986536307, -16.206190101570105 ], [ 26.606576986536307, -16.206260931314176 ], [ 26.60644421719007, -16.206260931314176 ] ] ] ] } },
{ "type": "Feature", "properties": { "id": "11", "layer": "REMP_siteID125_irrig_01", "path": "C:/Users/hssid/Downloads/REMP_siteID125_irrig_01.geojson" }, "geometry": { "type": "MultiPolygon", "coordinates": [ [ [ [ 26.607554651722236, -16.206381985726946 ], [ 26.607554651722236, -16.206278960699507 ], [ 26.607621706947608, -16.206278960699507 ], [ 26.607621706947608, -16.206381985726946 ], [ 26.607554651722236, -16.206381985726946 ] ] ] ] } },
{ "type": "Feature", "properties": { "id": "12", "layer": "REMP_siteID125_irrig_01", "path": "C:/Users/hssid/Downloads/REMP_siteID125_irrig_01.geojson" }, "geometry": { "type": "MultiPolygon", "coordinates": [ [ [ [ 26.60645494602613, -16.206770904720191 ], [ 26.60645494602613, -16.206667879896024 ], [ 26.606536753401084, -16.206667879896024 ], [ 26.606536753401084, -16.206770904720191 ], [ 26.60645494602613, -16.206770904720191 ] ] ] ] } },
{ "type": "Feature", "properties": { "id": "13", "layer": "REMP_siteID125_irrig_01", "path": "C:/Users/hssid/Downloads/REMP_siteID125_irrig_01.geojson" }, "geometry": { "type": "MultiPolygon", "coordinates": [ [ [ [ 26.606513954624457, -16.206570006263206 ], [ 26.606513954624457, -16.20650561568878 ], [ 26.606563575491233, -16.20650561568878 ], [ 26.606563575491233, -16.206570006263206 ], [ 26.606513954624457, -16.206570006263206 ] ] ] ] } },
{ "type": "Feature", "properties": { "id": "14", "layer": "REMP_siteID125_irrig_01", "path": "C:/Users/hssid/Downloads/REMP_siteID125_irrig_01.geojson" }, "geometry": { "type": "MultiPolygon", "coordinates": [ [ [ [ 26.60706380747251, -16.206271233820281 ], [ 26.60706380747251, -16.206206843148273 ], [ 26.607124157175345, -16.206206843148273 ], [ 26.607124157175345, -16.206271233820281 ], [ 26.60706380747251, -16.206271233820281 ] ] ] ] } },
{ "type": "Feature", "properties": { "id": "15", "layer": "REMP_siteID125_irrig_01", "path": "C:/Users/hssid/Downloads/REMP_siteID125_irrig_01.geojson" }, "geometry": { "type": "MultiPolygon", "coordinates": [ [ [ [ 26.609162698710644, -16.209829155171281 ], [ 26.609162698710644, -16.209700376130762 ], [ 26.609267304862225, -16.209700376130762 ], [ 26.609267304862225, -16.209829155171281 ], [ 26.609162698710644, -16.209829155171281 ] ] ] ] } },
{ "type": "Feature", "properties": { "id": "16", "layer": "REMP_siteID125_irrig_01", "path": "C:/Users/hssid/Downloads/REMP_siteID125_irrig_01.geojson" }, "geometry": { "type": "MultiPolygon", "coordinates": [ [ [ [ 26.609406779731, -16.209808550530454 ], [ 26.609406779731, -16.209726131945612 ], [ 26.609473834956372, -16.209726131945612 ], [ 26.609473834956372, -16.209808550530454 ], [ 26.609406779731, -16.209808550530454 ] ] ] ] } },
{ "type": "Feature", "properties": { "id": "17", "layer": "REMP_siteID125_irrig_01", "path": "C:/Users/hssid/Downloads/REMP_siteID125_irrig_01.geojson" }, "geometry": { "type": "MultiPolygon", "coordinates": [ [ [ [ 26.609483222687924, -16.210180721523468 ], [ 26.609483222687924, -16.210121483280965 ], [ 26.609544913495267, -16.210121483280965 ], [ 26.609544913495267, -16.210180721523468 ], [ 26.609483222687924, -16.210180721523468 ] ] ] ] } },
{ "type": "Feature", "properties": { "id": "18", "layer": "REMP_siteID125_irrig_01", "path": "C:/Users/hssid/Downloads/REMP_siteID125_irrig_01.geojson" }, "geometry": { "type": "MultiPolygon", "coordinates": [ [ [ [ 26.609135876620496, -16.209993992220376 ], [ 26.609135876620496, -16.209933466132423 ], [ 26.609193544114316, -16.209933466132423 ], [ 26.609193544114316, -16.209993992220376 ], [ 26.609135876620496, -16.209993992220376 ] ] ] ] } },
{ "type": "Feature", "properties": { "id": "19", "layer": "REMP_siteID125_irrig_01", "path": "C:/Users/hssid/Downloads/REMP_siteID125_irrig_01.geojson" }, "geometry": { "type": "MultiPolygon", "coordinates": [ [ [ [ 26.616728791069956, -16.21688313677118 ], [ 26.616728791069956, -16.216825188287896 ], [ 26.616781094145747, -16.216825188287896 ], [ 26.616781094145747, -16.21688313677118 ], [ 26.616728791069956, -16.21688313677118 ] ] ] ] } },
{ "type": "Feature", "properties": { "id": "20", "layer": "REMP_siteID125_irrig_01", "path": "C:/Users/hssid/Downloads/REMP_siteID125_irrig_01.geojson" }, "geometry": { "type": "MultiPolygon", "coordinates": [ [ [ [ 26.616900452446909, -16.216995170457142 ], [ 26.616900452446909, -16.216947523954804 ], [ 26.616933980059596, -16.216947523954804 ], [ 26.616933980059596, -16.216995170457142 ], [ 26.616900452446909, -16.216995170457142 ] ] ] ] } },
{ "type": "Feature", "properties": { "id": "21", "layer": "REMP_siteID125_irrig_01", "path": "C:/Users/hssid/Downloads/REMP_siteID125_irrig_01.geojson" }, "geometry": { "type": "MultiPolygon", "coordinates": [ [ [ [ 26.616891064715357, -16.216687399603682 ], [ 26.616891064715357, -16.216630738808369 ], [ 26.616932638955088, -16.216630738808369 ], [ 26.616932638955088, -16.216687399603682 ], [ 26.616891064715357, -16.216687399603682 ] ] ] ] } },
{ "type": "Feature", "properties": { "id": "22", "layer": "REMP_siteID125_irrig_01", "path": "C:/Users/hssid/Downloads/REMP_siteID125_irrig_01.geojson" }, "geometry": { "type": "MultiPolygon", "coordinates": [ [ [ [ 26.585643488164294, -16.234936782352648 ], [ 26.585643488164294, -16.234878839182901 ], [ 26.585729318852771, -16.234878839182901 ], [ 26.585729318852771, -16.234936782352648 ], [ 26.585643488164294, -16.234936782352648 ] ] ] ] } },
{ "type": "Feature", "properties": { "id": "23", "layer": "REMP_siteID125_irrig_01", "path": "C:/Users/hssid/Downloads/REMP_siteID125_irrig_01.geojson" }, "geometry": { "type": "MultiPolygon", "coordinates": [ [ [ [ 26.585686403508532, -16.235043655265407 ], [ 26.585686403508532, -16.23497927399961 ], [ 26.585725295539248, -16.23497927399961 ], [ 26.585725295539248, -16.235043655265407 ], [ 26.585686403508532, -16.235043655265407 ] ] ] ] } },
{ "type": "Feature", "properties": { "id": "24", "layer": "REMP_siteID125_irrig_01", "path": "C:/Users/hssid/Downloads/REMP_siteID125_irrig_01.geojson" }, "geometry": { "type": "MultiPolygon", "coordinates": [ [ [ [ 26.588749180267904, -16.235961578782614 ], [ 26.588749180267904, -16.235761997721152 ], [ 26.58927623433933, -16.235761997721152 ], [ 26.58927623433933, -16.235961578782614 ], [ 26.588749180267904, -16.235961578782614 ] ] ] ] } },
{ "type": "Feature", "properties": { "id": "25", "layer": "REMP_siteID125_irrig_01", "path": "C:/Users/hssid/Downloads/REMP_siteID125_irrig_01.geojson" }, "geometry": { "type": "MultiPolygon", "coordinates": [ [ [ [ 26.589147488306615, -16.235696329069562 ], [ 26.589147488306615, -16.235521212558194 ], [ 26.589321831892583, -16.235521212558194 ], [ 26.589321831892583, -16.235696329069562 ], [ 26.589147488306615, -16.235696329069562 ] ] ] ] } },
{ "type": "Feature", "properties": { "id": "26", "layer": "REMP_siteID125_irrig_01", "path": "C:/Users/hssid/Downloads/REMP_siteID125_irrig_01.geojson" }, "geometry": { "type": "MultiPolygon", "coordinates": [ [ [ [ 26.586848348425576, -16.230494560882004 ], [ 26.586848348425576, -16.230414726263838 ], [ 26.586899310396859, -16.230414726263838 ], [ 26.586899310396859, -16.230494560882004 ], [ 26.586848348425576, -16.230494560882004 ] ] ] ] } },
{ "type": "Feature", "properties": { "id": "27", "layer": "REMP_siteID125_irrig_01", "path": "C:/Users/hssid/Downloads/REMP_siteID125_irrig_01.geojson" }, "geometry": { "type": "MultiPolygon", "coordinates": [ [ [ [ 26.584381316345755, -16.230476993089301 ], [ 26.584381316345755, -16.230352090516067 ], [ 26.584483240288321, -16.230352090516067 ], [ 26.584483240288321, -16.230476993089301 ], [ 26.584381316345755, -16.230476993089301 ] ] ] ] } },
{ "type": "Feature", "properties": { "id": "28", "layer": "REMP_siteID125_irrig_01", "path": "C:/Users/hssid/Downloads/REMP_siteID125_irrig_01.geojson" }, "geometry": { "type": "MultiPolygon", "coordinates": [ [ [ [ 26.580982439486473, -16.23022916652635 ], [ 26.580982439486473, -16.230163496028435 ], [ 26.58105217692086, -16.230163496028435 ], [ 26.58105217692086, -16.23022916652635 ], [ 26.580982439486473, -16.23022916652635 ] ] ] ] } },
{ "type": "Feature", "properties": { "id": "29", "layer": "REMP_siteID125_irrig_01", "path": "C:/Users/hssid/Downloads/REMP_siteID125_irrig_01.geojson" }, "geometry": { "type": "MultiPolygon", "coordinates": [ [ [ [ 26.595680145920792, -16.274579689767336 ], [ 26.595680145920792, -16.274490861488069 ], [ 26.595804868639984, -16.274490861488069 ], [ 26.595804868639984, -16.274579689767336 ], [ 26.595680145920792, -16.274579689767336 ] ] ] ] } },
{ "type": "Feature", "properties": { "id": "30", "layer": "REMP_siteID125_irrig_01", "path": "C:/Users/hssid/Downloads/REMP_siteID125_irrig_01.geojson" }, "geometry": { "type": "MultiPolygon", "coordinates": [ [ [ [ 26.595668075980225, -16.274654356985469 ], [ 26.595668075980225, -16.274609299184817 ], [ 26.595759271086731, -16.274609299184817 ], [ 26.595759271086731, -16.274654356985469 ], [ 26.595668075980225, -16.274654356985469 ] ] ] ] } },
{ "type": "Feature", "properties": { "id": "31", "layer": "REMP_siteID125_irrig_01", "path": "C:/Users/hssid/Downloads/REMP_siteID125_irrig_01.geojson" }, "geometry": { "type": "MultiPolygon", "coordinates": [ [ [ [ 26.595548717679062, -16.274532057216781 ], [ 26.595548717679062, -16.274436792081001 ], [ 26.595641253890076, -16.274436792081001 ], [ 26.595641253890076, -16.274532057216781 ], [ 26.595548717679062, -16.274532057216781 ] ] ] ] } },
{ "type": "Feature", "properties": { "id": "32", "layer": "REMP_siteID125_irrig_01", "path": "C:/Users/hssid/Downloads/REMP_siteID125_irrig_01.geojson" }, "geometry": { "type": "MultiPolygon", "coordinates": [ [ [ [ 26.596291689576187, -16.274698127410471 ], [ 26.596291689576187, -16.274526907751159 ], [ 26.596490173043289, -16.274526907751159 ], [ 26.596490173043289, -16.274698127410471 ], [ 26.596291689576187, -16.274698127410471 ] ] ] ] } },
{ "type": "Feature", "properties": { "id": "33", "layer": "REMP_siteID125_irrig_01", "path": "C:/Users/hssid/Downloads/REMP_siteID125_irrig_01.geojson" }, "geometry": { "type": "MultiPolygon", "coordinates": [ [ [ [ 26.596278278531113, -16.274358262677545 ], [ 26.596278278531113, -16.27427329640236 ], [ 26.596382884682694, -16.27427329640236 ], [ 26.596382884682694, -16.274358262677545 ], [ 26.596278278531113, -16.274358262677545 ] ] ] ] } },
{ "type": "Feature", "properties": { "id": "34", "layer": "REMP_siteID125_irrig_01", "path": "C:/Users/hssid/Downloads/REMP_siteID125_irrig_01.geojson" }, "geometry": { "type": "MultiPolygon", "coordinates": [ [ [ [ 26.595321811986867, -16.273634813921802 ], [ 26.595321811986867, -16.273481616561572 ], [ 26.595414348197881, -16.273481616561572 ], [ 26.595414348197881, -16.273634813921802 ], [ 26.595321811986867, -16.273634813921802 ] ] ] ] } },
{ "type": "Feature", "properties": { "id": "35", "layer": "REMP_siteID125_irrig_01", "path": "C:/Users/hssid/Downloads/REMP_siteID125_irrig_01.geojson" }, "geometry": { "type": "MultiPolygon", "coordinates": [ [ [ [ 26.66512049281539, -16.208165293812673 ], [ 26.66512049281539, -16.208075147732153 ], [ 26.665235827803031, -16.208075147732153 ], [ 26.665235827803031, -16.208165293812673 ], [ 26.66512049281539, -16.208165293812673 ] ] ] ] } },
{ "type": "Feature", "properties": { "id": "36", "layer": "REMP_siteID125_irrig_01", "path": "C:/Users/hssid/Downloads/REMP_siteID125_irrig_01.geojson" }, "geometry": { "type": "MultiPolygon", "coordinates": [ [ [ [ 26.664680610536948, -16.208093176951561 ], [ 26.664680610536948, -16.207977274798044 ], [ 26.664841543077841, -16.207977274798044 ], [ 26.664841543077841, -16.208093176951561 ], [ 26.664680610536948, -16.208093176951561 ] ] ] ] } },
{ "type": "Feature", "properties": { "id": "37", "layer": "REMP_siteID125_irrig_01", "path": "C:/Users/hssid/Downloads/REMP_siteID125_irrig_01.geojson" }, "geometry": { "type": "MultiPolygon", "coordinates": [ [ [ [ 26.664072201050317, -16.207797306416115 ], [ 26.664072201050317, -16.207729052831517 ], [ 26.66431762317518, -16.207729052831517 ], [ 26.66431762317518, -16.207797306416115 ], [ 26.664072201050317, -16.207797306416115 ] ] ] ] } },
{ "type": "Feature", "properties": { "id": "38", "layer": "REMP_siteID125_irrig_01", "path": "C:/Users/hssid/Downloads/REMP_siteID125_irrig_01.geojson" }, "geometry": { "type": "MultiPolygon", "coordinates": [ [ [ [ 26.664147302902734, -16.207497248028151 ], [ 26.664147302902734, -16.207426418728303 ], [ 26.664203629292047, -16.207426418728303 ], [ 26.664203629292047, -16.207497248028151 ], [ 26.664147302902734, -16.207497248028151 ] ] ] ] } },
{ "type": "Feature", "properties": { "id": "39", "layer": "REMP_siteID125_irrig_01", "path": "C:/Users/hssid/Downloads/REMP_siteID125_irrig_01.geojson" }, "geometry": { "type": "MultiPolygon", "coordinates": [ [ [ [ 26.664072201050317, -16.207481794364902 ], [ 26.664072201050317, -16.207435433367884 ], [ 26.664120480812585, -16.207435433367884 ], [ 26.664120480812585, -16.207481794364902 ], [ 26.664072201050317, -16.207481794364902 ] ] ] ] } },
{ "type": "Feature", "properties": { "id": "40", "layer": "REMP_siteID125_irrig_01", "path": "C:/Users/hssid/Downloads/REMP_siteID125_irrig_01.geojson" }, "geometry": { "type": "MultiPolygon", "coordinates": [ [ [ [ 26.678732674010615, -16.240861546122435 ], [ 26.678732674010615, -16.240779140535491 ], [ 26.678898970969538, -16.240779140535491 ], [ 26.678898970969538, -16.240861546122435 ], [ 26.678732674010615, -16.240861546122435 ] ] ] ] } },
{ "type": "Feature", "properties": { "id": "41", "layer": "REMP_siteID125_irrig_01", "path": "C:/Users/hssid/Downloads/REMP_siteID125_irrig_01.geojson" }, "geometry": { "type": "MultiPolygon", "coordinates": [ [ [ [ 26.678842644580225, -16.241121638529801 ], [ 26.678842644580225, -16.241028932364646 ], [ 26.678931157477717, -16.241028932364646 ], [ 26.678931157477717, -16.241121638529801 ], [ 26.678842644580225, -16.241121638529801 ] ] ] ] } },
{ "type": "Feature", "properties": { "id": "42", "layer": "REMP_siteID125_irrig_01", "path": "C:/Users/hssid/Downloads/REMP_siteID125_irrig_01.geojson" }, "geometry": { "type": "MultiPolygon", "coordinates": [ [ [ [ 26.678941886313776, -16.240830644031366 ], [ 26.678941886313776, -16.240745663255915 ], [ 26.679043810256342, -16.240745663255915 ], [ 26.679043810256342, -16.240830644031366 ], [ 26.678941886313776, -16.240830644031366 ] ] ] ] } },
{ "type": "Feature", "properties": { "id": "43", "layer": "REMP_siteID125_irrig_01", "path": "C:/Users/hssid/Downloads/REMP_siteID125_irrig_01.geojson" }, "geometry": { "type": "MultiPolygon", "coordinates": [ [ [ [ 26.678931157477717, -16.240235777832176 ], [ 26.678931157477717, -16.240042639068925 ], [ 26.679041128047327, -16.240042639068925 ], [ 26.679041128047327, -16.240235777832176 ], [ 26.678931157477717, -16.240235777832176 ] ] ] ] } },
{ "type": "Feature", "properties": { "id": "44", "layer": "REMP_siteID125_irrig_01", "path": "C:/Users/hssid/Downloads/REMP_siteID125_irrig_01.geojson" }, "geometry": { "type": "MultiPolygon", "coordinates": [ [ [ [ 26.679113547690729, -16.240143071249477 ], [ 26.679113547690729, -16.240055514992381 ], [ 26.679183285125116, -16.240055514992381 ], [ 26.679183285125116, -16.240143071249477 ], [ 26.679113547690729, -16.240143071249477 ] ] ] ] } },
{ "type": "Feature", "properties": { "id": "45", "layer": "REMP_siteID125_irrig_01", "path": "C:/Users/hssid/Downloads/REMP_siteID125_irrig_01.geojson" }, "geometry": { "type": "MultiPolygon", "coordinates": [ [ [ [ 26.678791682608942, -16.240431491585468 ], [ 26.678791682608942, -16.240328484371169 ], [ 26.678872148879389, -16.240328484371169 ], [ 26.678872148879389, -16.240431491585468 ], [ 26.678791682608942, -16.240431491585468 ] ] ] ] } },
{ "type": "Feature", "properties": { "id": "46", "layer": "REMP_siteID125_irrig_01", "path": "C:/Users/hssid/Downloads/REMP_siteID125_irrig_01.geojson" }, "geometry": { "type": "MultiPolygon", "coordinates": [ [ [ [ 26.678982119449, -16.240645231383038 ], [ 26.678982119449, -16.240547374637085 ], [ 26.679070632346491, -16.240547374637085 ], [ 26.679070632346491, -16.240645231383038 ], [ 26.678982119449, -16.240645231383038 ] ] ] ] } },
{ "type": "Feature", "properties": { "id": "0", "layer": "REMP_siteID125_irrig_02", "path": "C:/Users/hssid/Downloads/REMP_siteID125_irrig_02.geojson" }, "geometry": { "type": "MultiPolygon", "coordinates": [ [ [ [ 26.727438073110221, -16.238186487348351 ], [ 26.727438073110221, -16.238122107110978 ], [ 26.727518539380668, -16.238122107110978 ], [ 26.727518539380668, -16.238186487348351 ], [ 26.727438073110221, -16.238186487348351 ] ] ] ] } },
{ "type": "Feature", "properties": { "id": "1", "layer": "REMP_siteID125_irrig_02", "path": "C:/Users/hssid/Downloads/REMP_siteID125_irrig_02.geojson" }, "geometry": { "type": "MultiPolygon", "coordinates": [ [ [ [ 26.72753865594828, -16.23798175812049 ], [ 26.72753865594828, -16.237919953028694 ], [ 26.727589617919563, -16.237919953028694 ], [ 26.727589617919563, -16.23798175812049 ], [ 26.72753865594828, -16.23798175812049 ] ] ] ] } },
{ "type": "Feature", "properties": { "id": "2", "layer": "REMP_siteID125_irrig_02", "path": "C:/Users/hssid/Downloads/REMP_siteID125_irrig_02.geojson" }, "geometry": { "type": "MultiPolygon", "coordinates": [ [ [ [ 26.709968868805021, -16.251183261302035 ], [ 26.709968868805021, -16.250956657750574 ], [ 26.710127119136899, -16.250956657750574 ], [ 26.710127119136899, -16.251183261302035 ], [ 26.709968868805021, -16.251183261302035 ] ] ] ] } },
{ "type": "Feature", "properties": { "id": "3", "layer": "REMP_siteID125_irrig_02", "path": "C:/Users/hssid/Downloads/REMP_siteID125_irrig_02.geojson" }, "geometry": { "type": "MultiPolygon", "coordinates": [ [ [ [ 26.710564319206327, -16.250897431779297 ], [ 26.710564319206327, -16.250820180485579 ], [ 26.710631374431699, -16.250820180485579 ], [ 26.710631374431699, -16.250897431779297 ], [ 26.710564319206327, -16.250897431779297 ] ] ] ] } },
{ "type": "Feature", "properties": { "id": "4", "layer": "REMP_siteID125_irrig_02", "path": "C:/Users/hssid/Downloads/REMP_siteID125_irrig_02.geojson" }, "geometry": { "type": "MultiPolygon", "coordinates": [ [ [ [ 26.709231261325925, -16.250781554827338 ], [ 26.709231261325925, -16.250554950812774 ], [ 26.709346596313566, -16.250554950812774 ], [ 26.709346596313566, -16.250781554827338 ], [ 26.709231261325925, -16.250781554827338 ] ] ] ] } },
{ "type": "Feature", "properties": { "id": "5", "layer": "REMP_siteID125_irrig_02", "path": "C:/Users/hssid/Downloads/REMP_siteID125_irrig_02.geojson" }, "geometry": { "type": "MultiPolygon", "coordinates": [ [ [ [ 26.709944728923887, -16.251734318848438 ], [ 26.709944728923887, -16.251569516753499 ], [ 26.710043970657438, -16.251569516753499 ], [ 26.710043970657438, -16.251734318848438 ], [ 26.709944728923887, -16.251734318848438 ] ] ] ] } },
{ "type": "Feature", "properties": { "id": "6", "layer": "REMP_siteID125_irrig_02", "path": "C:/Users/hssid/Downloads/REMP_siteID125_irrig_02.geojson" }, "geometry": { "type": "MultiPolygon", "coordinates": [ [ [ [ 26.710170034481138, -16.251391839340098 ], [ 26.710170034481138, -16.251239912149085 ], [ 26.710269276214689, -16.251239912149085 ], [ 26.710269276214689, -16.251391839340098 ], [ 26.710170034481138, -16.251391839340098 ] ] ] ] } },
{ "type": "Feature", "properties": { "id": "7", "layer": "REMP_siteID125_irrig_02", "path": "C:/Users/hssid/Downloads/REMP_siteID125_irrig_02.geojson" }, "geometry": { "type": "MultiPolygon", "coordinates": [ [ [ [ 26.709802571846097, -16.251492265723922 ], [ 26.709802571846097, -16.251396989412324 ], [ 26.709888402534574, -16.251396989412324 ], [ 26.709888402534574, -16.251492265723922 ], [ 26.709802571846097, -16.251492265723922 ] ] ] ] } },
{ "type": "Feature", "properties": { "id": "8", "layer": "REMP_siteID125_irrig_02", "path": "C:/Users/hssid/Downloads/REMP_siteID125_irrig_02.geojson" }, "geometry": { "type": "MultiPolygon", "coordinates": [ [ [ [ 26.71060655779991, -16.236518303821601 ], [ 26.71060655779991, -16.236420445022702 ], [ 26.710700435115431, -16.236420445022702 ], [ 26.710700435115431, -16.236518303821601 ], [ 26.71060655779991, -16.236518303821601 ] ] ] ] } },
{ "type": "Feature", "properties": { "id": "9", "layer": "REMP_siteID125_irrig_02", "path": "C:/Users/hssid/Downloads/REMP_siteID125_irrig_02.geojson" }, "geometry": { "type": "MultiPolygon", "coordinates": [ [ [ [ 26.710564983560179, -16.236786127653914 ], [ 26.710564983560179, -16.236685693759526 ], [ 26.710656178666685, -16.236685693759526 ], [ 26.710656178666685, -16.236786127653914 ], [ 26.710564983560179, -16.236786127653914 ] ] ] ] } },
{ "type": "Feature", "properties": { "id": "10", "layer": "REMP_siteID125_irrig_02", "path": "C:/Users/hssid/Downloads/REMP_siteID125_irrig_02.geojson" }, "geometry": { "type": "MultiPolygon", "coordinates": [ [ [ [ 26.711191279365156, -16.236908450917575 ], [ 26.711191279365156, -16.236829906514917 ], [ 26.711262357904051, -16.236829906514917 ], [ 26.711262357904051, -16.236908450917575 ], [ 26.711191279365156, -16.236908450917575 ] ] ] ] } },
{ "type": "Feature", "properties": { "id": "11", "layer": "REMP_siteID125_irrig_02", "path": "C:/Users/hssid/Downloads/REMP_siteID125_irrig_02.geojson" }, "geometry": { "type": "MultiPolygon", "coordinates": [ [ [ [ 26.69726384810404, -16.230884207536935 ], [ 26.69726384810404, -16.230752866956326 ], [ 26.697411369599859, -16.230752866956326 ], [ 26.697411369599859, -16.230884207536935 ], [ 26.69726384810404, -16.230884207536935 ] ] ] ] } },
{ "type": "Feature", "properties": { "id": "12", "layer": "REMP_siteID125_irrig_02", "path": "C:/Users/hssid/Downloads/REMP_siteID125_irrig_02.geojson" }, "geometry": { "type": "MultiPolygon", "coordinates": [ [ [ [ 26.697344314374487, -16.23060349913068 ], [ 26.697344314374487, -16.230412926223053 ], [ 26.697483789243261, -16.230412926223053 ], [ 26.697483789243261, -16.23060349913068 ], [ 26.697344314374487, -16.23060349913068 ] ] ] ] } },
{ "type": "Feature", "properties": { "id": "13", "layer": "REMP_siteID125_irrig_02", "path": "C:/Users/hssid/Downloads/REMP_siteID125_irrig_02.geojson" }, "geometry": { "type": "MultiPolygon", "coordinates": [ [ [ [ 26.697427462853948, -16.230152819659448 ], [ 26.697427462853948, -16.23003693048576 ], [ 26.697481107034246, -16.23003693048576 ], [ 26.697481107034246, -16.230152819659448 ], [ 26.697427462853948, -16.230152819659448 ] ] ] ] } },
{ "type": "Feature", "properties": { "id": "14", "layer": "REMP_siteID125_irrig_02", "path": "C:/Users/hssid/Downloads/REMP_siteID125_irrig_02.geojson" }, "geometry": { "type": "MultiPolygon", "coordinates": [ [ [ [ 26.698625016156072, -16.226829509420057 ], [ 26.698625016156072, -16.226595151730681 ], [ 26.698729622307653, -16.226595151730681 ], [ 26.698729622307653, -16.226829509420057 ], [ 26.698625016156072, -16.226829509420057 ] ] ] ] } },
{ "type": "Feature", "properties": { "id": "15", "layer": "REMP_siteID125_irrig_02", "path": "C:/Users/hssid/Downloads/REMP_siteID125_irrig_02.geojson" }, "geometry": { "type": "MultiPolygon", "coordinates": [ [ [ [ 26.698787289801473, -16.227036825605019 ], [ 26.698787289801473, -16.226980167787339 ], [ 26.698889213744039, -16.226980167787339 ], [ 26.698889213744039, -16.227036825605019 ], [ 26.698787289801473, -16.227036825605019 ] ] ] ] } },
{ "type": "Feature", "properties": { "id": "16", "layer": "REMP_siteID125_irrig_02", "path": "C:/Users/hssid/Downloads/REMP_siteID125_irrig_02.geojson" }, "geometry": { "type": "MultiPolygon", "coordinates": [ [ [ [ 26.698622333947057, -16.227219675723617 ], [ 26.698622333947057, -16.227040688637452 ], [ 26.698702800217504, -16.227040688637452 ], [ 26.698702800217504, -16.227219675723617 ], [ 26.698622333947057, -16.227219675723617 ] ] ] ] } },
{ "type": "Feature", "properties": { "id": "17", "layer": "REMP_siteID125_irrig_02", "path": "C:/Users/hssid/Downloads/REMP_siteID125_irrig_02.geojson" }, "geometry": { "type": "MultiPolygon", "coordinates": [ [ [ [ 26.752745825210468, -16.241953139232557 ], [ 26.752745825210468, -16.241850132815163 ], [ 26.752890664497272, -16.241850132815163 ], [ 26.752890664497272, -16.241953139232557 ], [ 26.752745825210468, -16.241953139232557 ] ] ] ] } },
{ "type": "Feature", "properties": { "id": "18", "layer": "REMP_siteID125_irrig_02", "path": "C:/Users/hssid/Downloads/REMP_siteID125_irrig_02.geojson" }, "geometry": { "type": "MultiPolygon", "coordinates": [ [ [ [ 26.75230862514104, -16.2424939220388 ], [ 26.75230862514104, -16.242408941982003 ], [ 26.75245614663686, -16.242408941982003 ], [ 26.75245614663686, -16.2424939220388 ], [ 26.75230862514104, -16.2424939220388 ] ] ] ] } },
{ "type": "Feature", "properties": { "id": "19", "layer": "REMP_siteID125_irrig_02", "path": "C:/Users/hssid/Downloads/REMP_siteID125_irrig_02.geojson" }, "geometry": { "type": "MultiPolygon", "coordinates": [ [ [ [ 26.752029675403492, -16.243966903855362 ], [ 26.752029675403492, -16.243838147143624 ], [ 26.7521932901534, -16.243838147143624 ], [ 26.7521932901534, -16.243966903855362 ], [ 26.752029675403492, -16.243966903855362 ] ] ] ] } },
{ "type": "Feature", "properties": { "id": "20", "layer": "REMP_siteID125_irrig_02", "path": "C:/Users/hssid/Downloads/REMP_siteID125_irrig_02.geojson" }, "geometry": { "type": "MultiPolygon", "coordinates": [ [ [ [ 26.752445939739893, -16.243375128720526 ], [ 26.752445939739893, -16.24319873147326 ], [ 26.752632353266428, -16.24319873147326 ], [ 26.752632353266428, -16.243375128720526 ], [ 26.752445939739893, -16.243375128720526 ] ] ] ] } },
{ "type": "Feature", "properties": { "id": "21", "layer": "REMP_siteID125_irrig_02", "path": "C:/Users/hssid/Downloads/REMP_siteID125_irrig_02.geojson" }, "geometry": { "type": "MultiPolygon", "coordinates": [ [ [ [ 26.757086730304927, -16.226095307393688 ], [ 26.757086730304927, -16.225965251302327 ], [ 26.757208770815105, -16.225965251302327 ], [ 26.757208770815105, -16.226095307393688 ], [ 26.757086730304927, -16.226095307393688 ] ] ] ] } },
{ "type": "Feature", "properties": { "id": "22", "layer": "REMP_siteID125_irrig_02", "path": "C:/Users/hssid/Downloads/REMP_siteID125_irrig_02.geojson" }, "geometry": { "type": "MultiPolygon", "coordinates": [ [ [ [ 26.756964689794749, -16.226027060148539 ], [ 26.756964689794749, -16.225917606970128 ], [ 26.75701699287054, -16.225917606970128 ], [ 26.75701699287054, -16.226027060148539 ], [ 26.756964689794749, -16.226027060148539 ] ] ] ] } },
{ "type": "Feature", "properties": { "id": "23", "layer": "REMP_siteID125_irrig_02", "path": "C:/Users/hssid/Downloads/REMP_siteID125_irrig_02.geojson" }, "geometry": { "type": "MultiPolygon", "coordinates": [ [ [ [ 26.7563974025881, -16.226682490261403 ], [ 26.7563974025881, -16.226576900488901 ], [ 26.756469822231502, -16.226576900488901 ], [ 26.756469822231502, -16.226682490261403 ], [ 26.7563974025881, -16.226682490261403 ] ] ] ] } },
{ "type": "Feature", "properties": { "id": "24", "layer": "REMP_siteID125_irrig_02", "path": "C:/Users/hssid/Downloads/REMP_siteID125_irrig_02.geojson" }, "geometry": { "type": "MultiPolygon", "coordinates": [ [ [ [ 26.75670719772932, -16.226990245494765 ], [ 26.75670719772932, -16.226816408915788 ], [ 26.756798392835826, -16.226816408915788 ], [ 26.756798392835826, -16.226990245494765 ], [ 26.75670719772932, -16.226990245494765 ] ] ] ] } },
{ "type": "Feature", "properties": { "id": "25", "layer": "REMP_siteID125_irrig_02", "path": "C:/Users/hssid/Downloads/REMP_siteID125_irrig_02.geojson" }, "geometry": { "type": "MultiPolygon", "coordinates": [ [ [ [ 26.764451650425855, -16.24704022238938 ], [ 26.764451650425855, -16.246908892595226 ], [ 26.764678297087613, -16.246908892595226 ], [ 26.764678297087613, -16.24704022238938 ], [ 26.764451650425855, -16.24704022238938 ] ] ] ] } },
{ "type": "Feature", "properties": { "id": "26", "layer": "REMP_siteID125_irrig_02", "path": "C:/Users/hssid/Downloads/REMP_siteID125_irrig_02.geojson" }, "geometry": { "type": "MultiPolygon", "coordinates": [ [ [ [ 26.765144445081777, -16.246072139704843 ], [ 26.765144445081777, -16.2459729981057 ], [ 26.765273191114492, -16.2459729981057 ], [ 26.765273191114492, -16.246072139704843 ], [ 26.765144445081777, -16.246072139704843 ] ] ] ] } },
{ "type": "Feature", "properties": { "id": "27", "layer": "REMP_siteID125_irrig_02", "path": "C:/Users/hssid/Downloads/REMP_siteID125_irrig_02.geojson" }, "geometry": { "type": "MultiPolygon", "coordinates": [ [ [ [ 26.764410860916204, -16.245709049448696 ], [ 26.764410860916204, -16.245606044998613 ], [ 26.764523513694829, -16.245606044998613 ], [ 26.764523513694829, -16.245709049448696 ], [ 26.764410860916204, -16.245709049448696 ] ] ] ] } },
{ "type": "Feature", "properties": { "id": "28", "layer": "REMP_siteID125_irrig_02", "path": "C:/Users/hssid/Downloads/REMP_siteID125_irrig_02.geojson" }, "geometry": { "type": "MultiPolygon", "coordinates": [ [ [ [ 26.763905102752855, -16.244478405979361 ], [ 26.763905102752855, -16.244356087423377 ], [ 26.763985569023301, -16.244356087423377 ], [ 26.763985569023301, -16.244478405979361 ], [ 26.763905102752855, -16.244478405979361 ] ] ] ] } },
{ "type": "Feature", "properties": { "id": "29", "layer": "REMP_siteID125_irrig_02", "path": "C:/Users/hssid/Downloads/REMP_siteID125_irrig_02.geojson" }, "geometry": { "type": "MultiPolygon", "coordinates": [ [ [ [ 26.763994956754853, -16.244649651829942 ], [ 26.763994956754853, -16.244520895565223 ], [ 26.764082128547837, -16.244520895565223 ], [ 26.764082128547837, -16.244649651829942 ], [ 26.763994956754853, -16.244649651829942 ] ] ] ] } },
{ "type": "Feature", "properties": { "id": "30", "layer": "REMP_siteID125_irrig_02", "path": "C:/Users/hssid/Downloads/REMP_siteID125_irrig_02.geojson" }, "geometry": { "type": "MultiPolygon", "coordinates": [ [ [ [ 26.758181351929029, -16.258003791931067 ], [ 26.758181351929029, -16.257869894511362 ], [ 26.758444208412488, -16.257869894511362 ], [ 26.758444208412488, -16.258003791931067 ], [ 26.758181351929029, -16.258003791931067 ] ] ] ] } },
{ "type": "Feature", "properties": { "id": "31", "layer": "REMP_siteID125_irrig_02", "path": "C:/Users/hssid/Downloads/REMP_siteID125_irrig_02.geojson" }, "geometry": { "type": "MultiPolygon", "coordinates": [ [ [ [ 26.758492488174756, -16.257797795862956 ], [ 26.758492488174756, -16.257694797747906 ], [ 26.758567590027173, -16.257694797747906 ], [ 26.758567590027173, -16.257797795862956 ], [ 26.758492488174756, -16.257797795862956 ] ] ] ] } },
{ "type": "Feature", "properties": { "id": "32", "layer": "REMP_siteID125_irrig_02", "path": "C:/Users/hssid/Downloads/REMP_siteID125_irrig_02.geojson" }, "geometry": { "type": "MultiPolygon", "coordinates": [ [ [ [ 26.758736569195111, -16.258173738524665 ], [ 26.758736569195111, -16.258037266271732 ], [ 26.758986014633496, -16.258037266271732 ], [ 26.758986014633496, -16.258173738524665 ], [ 26.758736569195111, -16.258173738524665 ] ] ] ] } },
{ "type": "Feature", "properties": { "id": "33", "layer": "REMP_siteID125_irrig_02", "path": "C:/Users/hssid/Downloads/REMP_siteID125_irrig_02.geojson" }, "geometry": { "type": "MultiPolygon", "coordinates": [ [ [ [ 26.757672212584666, -16.258452485445495 ], [ 26.757672212584666, -16.258300563713142 ], [ 26.757735244496516, -16.258300563713142 ], [ 26.757735244496516, -16.258452485445495 ], [ 26.757672212584666, -16.258452485445495 ] ] ] ] } },
{ "type": "Feature", "properties": { "id": "34", "layer": "REMP_siteID125_irrig_02", "path": "C:/Users/hssid/Downloads/REMP_siteID125_irrig_02.geojson" }, "geometry": { "type": "MultiPolygon", "coordinates": [ [ [ [ 26.791254896514708, -16.266893175686207 ], [ 26.791254896514708, -16.266785032671844 ], [ 26.791354138248259, -16.266785032671844 ], [ 26.791354138248259, -16.266893175686207 ], [ 26.791254896514708, -16.266893175686207 ] ] ] ] } },
{ "type": "Feature", "properties": { "id": "35", "layer": "REMP_siteID125_irrig_02", "path": "C:/Users/hssid/Downloads/REMP_siteID125_irrig_02.geojson" }, "geometry": { "type": "MultiPolygon", "coordinates": [ [ [ [ 26.791498977535063, -16.266774733334028 ], [ 26.791498977535063, -16.266625392875138 ], [ 26.791619676940734, -16.266625392875138 ], [ 26.791619676940734, -16.266774733334028 ], [ 26.791498977535063, -16.266774733334028 ] ] ] ] } },
{ "type": "Feature", "properties": { "id": "36", "layer": "REMP_siteID125_irrig_02", "path": "C:/Users/hssid/Downloads/REMP_siteID125_irrig_02.geojson" }, "geometry": { "type": "MultiPolygon", "coordinates": [ [ [ [ 26.791415829055602, -16.267238203000506 ], [ 26.791415829055602, -16.267145509154734 ], [ 26.791509706371123, -16.267145509154734 ], [ 26.791509706371123, -16.267238203000506 ], [ 26.791415829055602, -16.267238203000506 ] ] ] ] } },
{ "type": "Feature", "properties": { "id": "37", "layer": "REMP_siteID125_irrig_02", "path": "C:/Users/hssid/Downloads/REMP_siteID125_irrig_02.geojson" }, "geometry": { "type": "MultiPolygon", "coordinates": [ [ [ [ 26.791185159080321, -16.267336046456919 ], [ 26.791185159080321, -16.267243352657328 ], [ 26.791300494067961, -16.267243352657328 ], [ 26.791300494067961, -16.267336046456919 ], [ 26.791185159080321, -16.267336046456919 ] ] ] ] } },
{ "type": "Feature", "properties": { "id": "38", "layer": "REMP_siteID125_irrig_02", "path": "C:/Users/hssid/Downloads/REMP_siteID125_irrig_02.geojson" }, "geometry": { "type": "MultiPolygon", "coordinates": [ [ [ [ 26.792260724895293, -16.266259765754949 ], [ 26.792260724895293, -16.266187670186095 ], [ 26.792357284419829, -16.266187670186095 ], [ 26.792357284419829, -16.266259765754949 ], [ 26.792260724895293, -16.266259765754949 ] ] ] ] } },
{ "type": "Feature", "properties": { "id": "39", "layer": "REMP_siteID125_irrig_02", "path": "C:/Users/hssid/Downloads/REMP_siteID125_irrig_02.geojson" }, "geometry": { "type": "MultiPolygon", "coordinates": [ [ [ [ 26.792035419338042, -16.266530123902363 ], [ 26.792035419338042, -16.2664194058489 ], [ 26.792190987460906, -16.2664194058489 ], [ 26.792190987460906, -16.266530123902363 ], [ 26.792035419338042, -16.266530123902363 ] ] ] ] } },
{ "type": "Feature", "properties": { "id": "40", "layer": "REMP_siteID125_irrig_02", "path": "C:/Users/hssid/Downloads/REMP_siteID125_irrig_02.geojson" }, "geometry": { "type": "MultiPolygon", "coordinates": [ [ [ [ 26.791363038290481, -16.28221052620308 ], [ 26.791363038290481, -16.282092093094512 ], [ 26.791459597815017, -16.282092093094512 ], [ 26.791459597815017, -16.28221052620308 ], [ 26.791363038290481, -16.28221052620308 ] ] ] ] } },
{ "type": "Feature", "properties": { "id": "41", "layer": "REMP_siteID125_irrig_02", "path": "C:/Users/hssid/Downloads/REMP_siteID125_irrig_02.geojson" }, "geometry": { "type": "MultiPolygon", "coordinates": [ [ [ [ 26.795540617817473, -16.278937334387475 ], [ 26.795540617817473, -16.278815037288087 ], [ 26.79566265832765, -16.278815037288087 ], [ 26.79566265832765, -16.278937334387475 ], [ 26.795540617817473, -16.278937334387475 ] ] ] ] } },
{ "type": "Feature", "properties": { "id": "42", "layer": "REMP_siteID125_irrig_02", "path": "C:/Users/hssid/Downloads/REMP_siteID125_irrig_02.geojson" }, "geometry": { "type": "MultiPolygon", "coordinates": [ [ [ [ 26.805537117286992, -16.281470632055935 ], [ 26.805537117286992, -16.281415277250964 ], [ 26.805644405647588, -16.281415277250964 ], [ 26.805644405647588, -16.281470632055935 ], [ 26.805537117286992, -16.281470632055935 ] ] ] ] } },
{ "type": "Feature", "properties": { "id": "0", "layer": "REMP_siteID125_irrig_03", "path": "C:/Users/hssid/Downloads/REMP_siteID125_irrig_03.geojson" }, "geometry": { "type": "MultiPolygon", "coordinates": [ [ [ [ 26.778566752398138, -16.344757793778776 ], [ 26.778566752398138, -16.344676718761104 ], [ 26.77863917204154, -16.344676718761104 ], [ 26.77863917204154, -16.344757793778776 ], [ 26.778566752398138, -16.344757793778776 ] ] ] ] } },
{ "type": "Feature", "properties": { "id": "1", "layer": "REMP_siteID125_irrig_03", "path": "C:/Users/hssid/Downloads/REMP_siteID125_irrig_03.geojson" }, "geometry": { "type": "MultiPolygon", "coordinates": [ [ [ [ 26.725277527067067, -16.345675278434967 ], [ 26.725277527067067, -16.34558519550297 ], [ 26.725435777398946, -16.34558519550297 ], [ 26.725435777398946, -16.345675278434967 ], [ 26.725277527067067, -16.345675278434967 ] ] ] ] } },
{ "type": "Feature", "properties": { "id": "2", "layer": "REMP_siteID125_irrig_03", "path": "C:/Users/hssid/Downloads/REMP_siteID125_irrig_03.geojson" }, "geometry": { "type": "MultiPolygon", "coordinates": [ [ [ [ 26.723098054379022, -16.345531024307569 ], [ 26.723098054379022, -16.345422924704394 ], [ 26.72316242739538, -16.345422924704394 ], [ 26.72316242739538, -16.345531024307569 ], [ 26.723098054379022, -16.345531024307569 ] ] ] ] } },
{ "type": "Feature", "properties": { "id": "3", "layer": "REMP_siteID125_irrig_03", "path": "C:/Users/hssid/Downloads/REMP_siteID125_irrig_03.geojson" }, "geometry": { "type": "MultiPolygon", "coordinates": [ [ [ [ 26.727794100538798, -16.347005627982522 ], [ 26.727794100538798, -16.34690653742987 ], [ 26.727862496868678, -16.34690653742987 ], [ 26.727862496868678, -16.347005627982522 ], [ 26.727794100538798, -16.347005627982522 ] ] ] ] } },
{ "type": "Feature", "properties": { "id": "4", "layer": "REMP_siteID125_irrig_03", "path": "C:/Users/hssid/Downloads/REMP_siteID125_irrig_03.geojson" }, "geometry": { "type": "MultiPolygon", "coordinates": [ [ [ [ 26.730118585852232, -16.348628246289021 ], [ 26.730118585852232, -16.348499558318874 ], [ 26.730268789557066, -16.348499558318874 ], [ 26.730268789557066, -16.348628246289021 ], [ 26.730118585852232, -16.348628246289021 ] ] ] ] } },
{ "type": "Feature", "properties": { "id": "5", "layer": "REMP_siteID125_irrig_03", "path": "C:/Users/hssid/Downloads/REMP_siteID125_irrig_03.geojson" }, "geometry": { "type": "MultiPolygon", "coordinates": [ [ [ [ 26.7294104826723, -16.349009162183748 ], [ 26.7294104826723, -16.348921654543926 ], [ 26.729574097422208, -16.348921654543926 ], [ 26.729574097422208, -16.349009162183748 ], [ 26.7294104826723, -16.349009162183748 ] ] ] ] } },
{ "type": "Feature", "properties": { "id": "6", "layer": "REMP_siteID125_irrig_03", "path": "C:/Users/hssid/Downloads/REMP_siteID125_irrig_03.geojson" }, "geometry": { "type": "MultiPolygon", "coordinates": [ [ [ [ 26.730321576333015, -16.34965478448995 ], [ 26.730321576333015, -16.349582719615878 ], [ 26.73046105120179, -16.349582719615878 ], [ 26.73046105120179, -16.34965478448995 ], [ 26.730321576333015, -16.34965478448995 ] ] ] ] } },
{ "type": "Feature", "properties": { "id": "7", "layer": "REMP_siteID125_irrig_03", "path": "C:/Users/hssid/Downloads/REMP_siteID125_irrig_03.geojson" }, "geometry": { "type": "MultiPolygon", "coordinates": [ [ [ [ 26.731217434143989, -16.350326530787012 ], [ 26.731217434143989, -16.350257039897919 ], [ 26.731308629250496, -16.350257039897919 ], [ 26.731308629250496, -16.350326530787012 ], [ 26.731217434143989, -16.350326530787012 ] ] ] ] } },
{ "type": "Feature", "properties": { "id": "8", "layer": "REMP_siteID125_irrig_03", "path": "C:/Users/hssid/Downloads/REMP_siteID125_irrig_03.geojson" }, "geometry": { "type": "MultiPolygon", "coordinates": [ [ [ [ 26.732427110409706, -16.350200417673701 ], [ 26.732427110409706, -16.350112910567614 ], [ 26.732515623307197, -16.350112910567614 ], [ 26.732515623307197, -16.350200417673701 ], [ 26.732427110409706, -16.350200417673701 ] ] ] ] } },
{ "type": "Feature", "properties": { "id": "9", "layer": "REMP_siteID125_irrig_03", "path": "C:/Users/hssid/Downloads/REMP_siteID125_irrig_03.geojson" }, "geometry": { "type": "MultiPolygon", "coordinates": [ [ [ [ 26.733335038161247, -16.350084599436663 ], [ 26.733335038161247, -16.349973928612666 ], [ 26.733453055357902, -16.349973928612666 ], [ 26.733453055357902, -16.350084599436663 ], [ 26.733335038161247, -16.350084599436663 ] ] ] ] } },
{ "type": "Feature", "properties": { "id": "10", "layer": "REMP_siteID125_irrig_03", "path": "C:/Users/hssid/Downloads/REMP_siteID125_irrig_03.geojson" }, "geometry": { "type": "MultiPolygon", "coordinates": [ [ [ [ 26.734528621172874, -16.350293072213873 ], [ 26.734528621172874, -16.350107763089561 ], [ 26.734657367205589, -16.350107763089561 ], [ 26.734657367205589, -16.350293072213873 ], [ 26.734528621172874, -16.350293072213873 ] ] ] ] } },
{ "type": "Feature", "properties": { "id": "11", "layer": "REMP_siteID125_irrig_03", "path": "C:/Users/hssid/Downloads/REMP_siteID125_irrig_03.geojson" }, "geometry": { "type": "MultiPolygon", "coordinates": [ [ [ [ 26.735175033545463, -16.350599346631075 ], [ 26.735175033545463, -16.350450070084364 ], [ 26.735279639697044, -16.350450070084364 ], [ 26.735279639697044, -16.350599346631075 ], [ 26.735175033545463, -16.350599346631075 ] ] ] ] } },
{ "type": "Feature", "properties": { "id": "12", "layer": "REMP_siteID125_irrig_03", "path": "C:/Users/hssid/Downloads/REMP_siteID125_irrig_03.geojson" }, "geometry": { "type": "MultiPolygon", "coordinates": [ [ [ [ 26.735542496180503, -16.351003422228136 ], [ 26.735542496180503, -16.350841277343751 ], [ 26.73563905570504, -16.350841277343751 ], [ 26.73563905570504, -16.351003422228136 ], [ 26.735542496180503, -16.351003422228136 ] ] ] ] } },
{ "type": "Feature", "properties": { "id": "13", "layer": "REMP_siteID125_irrig_03", "path": "C:/Users/hssid/Downloads/REMP_siteID125_irrig_03.geojson" }, "geometry": { "type": "MultiPolygon", "coordinates": [ [ [ [ 26.735180397963493, -16.351031733225884 ], [ 26.735180397963493, -16.350918489210255 ], [ 26.735252817606895, -16.350918489210255 ], [ 26.735252817606895, -16.351031733225884 ], [ 26.735180397963493, -16.351031733225884 ] ] ] ] } },
{ "type": "Feature", "properties": { "id": "14", "layer": "REMP_siteID125_irrig_03", "path": "C:/Users/hssid/Downloads/REMP_siteID125_irrig_03.geojson" }, "geometry": { "type": "MultiPolygon", "coordinates": [ [ [ [ 26.736406167483299, -16.35085414599029 ], [ 26.736406167483299, -16.350607067828658 ], [ 26.73650540921685, -16.350607067828658 ], [ 26.73650540921685, -16.35085414599029 ], [ 26.736406167483299, -16.35085414599029 ] ] ] ] } },
{ "type": "Feature", "properties": { "id": "15", "layer": "REMP_siteID125_irrig_03", "path": "C:/Users/hssid/Downloads/REMP_siteID125_irrig_03.geojson" }, "geometry": { "type": "MultiPolygon", "coordinates": [ [ [ [ 26.739815721799499, -16.35260986712181 ], [ 26.739815721799499, -16.352499197728896 ], [ 26.740006158639556, -16.352499197728896 ], [ 26.740006158639556, -16.35260986712181 ], [ 26.739815721799499, -16.35260986712181 ] ] ] ] } },
{ "type": "Feature", "properties": { "id": "16", "layer": "REMP_siteID125_irrig_03", "path": "C:/Users/hssid/Downloads/REMP_siteID125_irrig_03.geojson" }, "geometry": { "type": "MultiPolygon", "coordinates": [ [ [ [ 26.738994965840941, -16.35251335311985 ], [ 26.738994965840941, -16.352423273341667 ], [ 26.739096889783507, -16.352423273341667 ], [ 26.739096889783507, -16.35251335311985 ], [ 26.738994965840941, -16.35251335311985 ] ] ] ] } },
{ "type": "Feature", "properties": { "id": "17", "layer": "REMP_siteID125_irrig_03", "path": "C:/Users/hssid/Downloads/REMP_siteID125_irrig_03.geojson" }, "geometry": { "type": "MultiPolygon", "coordinates": [ [ [ [ 26.748935452274932, -16.354717546978691 ], [ 26.748935452274932, -16.354622320858308 ], [ 26.749007871918334, -16.354622320858308 ], [ 26.749007871918334, -16.354717546978691 ], [ 26.748935452274932, -16.354717546978691 ] ] ] ] } },
{ "type": "Feature", "properties": { "id": "18", "layer": "REMP_siteID125_irrig_03", "path": "C:/Users/hssid/Downloads/REMP_siteID125_irrig_03.geojson" }, "geometry": { "type": "MultiPolygon", "coordinates": [ [ [ [ 26.717163401553535, -16.346403282541118 ], [ 26.717163401553535, -16.346287462052565 ], [ 26.717292147586249, -16.346287462052565 ], [ 26.717292147586249, -16.346403282541118 ], [ 26.717163401553535, -16.346403282541118 ] ] ] ] } },
{ "type": "Feature", "properties": { "id": "19", "layer": "REMP_siteID125_irrig_03", "path": "C:/Users/hssid/Downloads/REMP_siteID125_irrig_03.geojson" }, "geometry": { "type": "MultiPolygon", "coordinates": [ [ [ [ 26.716436522910499, -16.34604295190676 ], [ 26.716436522910499, -16.345916836027712 ], [ 26.716589408824348, -16.345916836027712 ], [ 26.716589408824348, -16.34604295190676 ], [ 26.716436522910499, -16.34604295190676 ] ] ] ] } },
{ "type": "Feature", "properties": { "id": "20", "layer": "REMP_siteID125_irrig_03", "path": "C:/Users/hssid/Downloads/REMP_siteID125_irrig_03.geojson" }, "geometry": { "type": "MultiPolygon", "coordinates": [ [ [ [ 26.715057867476844, -16.346411003904581 ], [ 26.715057867476844, -16.346320921311865 ], [ 26.715132969329261, -16.346320921311865 ], [ 26.715132969329261, -16.346411003904581 ], [ 26.715057867476844, -16.346411003904581 ] ] ] ] } },
{ "type": "Feature", "properties": { "id": "21", "layer": "REMP_siteID125_irrig_03", "path": "C:/Users/hssid/Downloads/REMP_siteID125_irrig_03.geojson" }, "geometry": { "type": "MultiPolygon", "coordinates": [ [ [ [ 26.719206561514515, -16.346286648403524 ], [ 26.719206561514515, -16.346155385099589 ], [ 26.719281663366932, -16.346155385099589 ], [ 26.719281663366932, -16.346286648403524 ], [ 26.719206561514515, -16.346286648403524 ] ] ] ] } },
{ "type": "Feature", "properties": { "id": "22", "layer": "REMP_siteID125_irrig_03", "path": "C:/Users/hssid/Downloads/REMP_siteID125_irrig_03.geojson" }, "geometry": { "type": "MultiPolygon", "coordinates": [ [ [ [ 26.720019270846027, -16.345131013541032 ], [ 26.720019270846027, -16.345022913716516 ], [ 26.720137288042682, -16.345022913716516 ], [ 26.720137288042682, -16.345131013541032 ], [ 26.720019270846027, -16.345131013541032 ] ] ] ] } },
{ "type": "Feature", "properties": { "id": "23", "layer": "REMP_siteID125_irrig_03", "path": "C:/Users/hssid/Downloads/REMP_siteID125_irrig_03.geojson" }, "geometry": { "type": "MultiPolygon", "coordinates": [ [ [ [ 26.720544983812946, -16.345048651775397 ], [ 26.720544983812946, -16.344894223371249 ], [ 26.720673729845661, -16.344894223371249 ], [ 26.720673729845661, -16.345048651775397 ], [ 26.720544983812946, -16.345048651775397 ] ] ] ] } },
{ "type": "Feature", "properties": { "id": "24", "layer": "REMP_siteID125_irrig_03", "path": "C:/Users/hssid/Downloads/REMP_siteID125_irrig_03.geojson" }, "geometry": { "type": "MultiPolygon", "coordinates": [ [ [ [ 26.721017052599567, -16.34480671388804 ], [ 26.721017052599567, -16.344678023400359 ], [ 26.721145798632282, -16.344678023400359 ], [ 26.721145798632282, -16.34480671388804 ], [ 26.721017052599567, -16.34480671388804 ] ] ] ] } },
{ "type": "Feature", "properties": { "id": "25", "layer": "REMP_siteID125_irrig_03", "path": "C:/Users/hssid/Downloads/REMP_siteID125_irrig_03.geojson" }, "geometry": { "type": "MultiPolygon", "coordinates": [ [ [ [ 26.72170369810738, -16.344343427735648 ], [ 26.72170369810738, -16.344255918005729 ], [ 26.721832444140095, -16.344255918005729 ], [ 26.721832444140095, -16.344343427735648 ], [ 26.72170369810738, -16.344343427735648 ] ] ] ] } },
{ "type": "Feature", "properties": { "id": "26", "layer": "REMP_siteID125_irrig_03", "path": "C:/Users/hssid/Downloads/REMP_siteID125_irrig_03.geojson" }, "geometry": { "type": "MultiPolygon", "coordinates": [ [ [ [ 26.719128777453083, -16.345218522878991 ], [ 26.719128777453083, -16.345084685052129 ], [ 26.719241430231708, -16.345084685052129 ], [ 26.719241430231708, -16.345218522878991 ], [ 26.719128777453083, -16.345218522878991 ] ] ] ] } },
{ "type": "Feature", "properties": { "id": "27", "layer": "REMP_siteID125_irrig_03", "path": "C:/Users/hssid/Downloads/REMP_siteID125_irrig_03.geojson" }, "geometry": { "type": "MultiPolygon", "coordinates": [ [ [ [ 26.746967861412532, -16.310340687678401 ], [ 26.746967861412532, -16.310224845831687 ], [ 26.747093925236232, -16.310224845831687 ], [ 26.747093925236232, -16.310340687678401 ], [ 26.746967861412532, -16.310340687678401 ] ] ] ] } },
{ "type": "Feature", "properties": { "id": "28", "layer": "REMP_siteID125_irrig_03", "path": "C:/Users/hssid/Downloads/REMP_siteID125_irrig_03.geojson" }, "geometry": { "type": "MultiPolygon", "coordinates": [ [ [ [ 26.746715733765132, -16.309697120996063 ], [ 26.746715733765132, -16.309617318580059 ], [ 26.746828386543758, -16.309617318580059 ], [ 26.746828386543758, -16.309697120996063 ], [ 26.746715733765132, -16.309697120996063 ] ] ] ] } },
{ "type": "Feature", "properties": { "id": "29", "layer": "REMP_siteID125_irrig_03", "path": "C:/Users/hssid/Downloads/REMP_siteID125_irrig_03.geojson" }, "geometry": { "type": "MultiPolygon", "coordinates": [ [ [ [ 26.746168563126094, -16.30922602884376 ], [ 26.746168563126094, -16.309089592107124 ], [ 26.746273169277675, -16.309089592107124 ], [ 26.746273169277675, -16.30922602884376 ], [ 26.746168563126094, -16.30922602884376 ] ] ] ] } },
{ "type": "Feature", "properties": { "id": "30", "layer": "REMP_siteID125_irrig_03", "path": "C:/Users/hssid/Downloads/REMP_siteID125_irrig_03.geojson" }, "geometry": { "type": "MultiPolygon", "coordinates": [ [ [ [ 26.746299991367824, -16.309599298675174 ], [ 26.746299991367824, -16.30939850533704 ], [ 26.746420690773494, -16.30939850533704 ], [ 26.746420690773494, -16.309599298675174 ], [ 26.746299991367824, -16.309599298675174 ] ] ] ] } },
{ "type": "Feature", "properties": { "id": "31", "layer": "REMP_siteID125_irrig_03", "path": "C:/Users/hssid/Downloads/REMP_siteID125_irrig_03.geojson" }, "geometry": { "type": "MultiPolygon", "coordinates": [ [ [ [ 26.746021041630275, -16.309465436472632 ], [ 26.746021041630275, -16.309359891209958 ], [ 26.746176609753139, -16.309359891209958 ], [ 26.746176609753139, -16.309465436472632 ], [ 26.746021041630275, -16.309465436472632 ] ] ] ] } },
{ "type": "Feature", "properties": { "id": "32", "layer": "REMP_siteID125_irrig_03", "path": "C:/Users/hssid/Downloads/REMP_siteID125_irrig_03.geojson" }, "geometry": { "type": "MultiPolygon", "coordinates": [ [ [ [ 26.745717952011592, -16.309913359637292 ], [ 26.745717952011592, -16.309828408771004 ], [ 26.745830604790218, -16.309828408771004 ], [ 26.745830604790218, -16.309913359637292 ], [ 26.745717952011592, -16.309913359637292 ] ] ] ] } },
{ "type": "Feature", "properties": { "id": "33", "layer": "REMP_siteID125_irrig_03", "path": "C:/Users/hssid/Downloads/REMP_siteID125_irrig_03.geojson" }, "geometry": { "type": "MultiPolygon", "coordinates": [ [ [ [ 26.745819875954158, -16.308919689622947 ], [ 26.745819875954158, -16.308868203992578 ], [ 26.74588693117953, -16.308868203992578 ], [ 26.74588693117953, -16.308919689622947 ], [ 26.745819875954158, -16.308919689622947 ] ] ] ] } },
{ "type": "Feature", "properties": { "id": "34", "layer": "REMP_siteID125_irrig_03", "path": "C:/Users/hssid/Downloads/REMP_siteID125_irrig_03.geojson" }, "geometry": { "type": "MultiPolygon", "coordinates": [ [ [ [ 26.744956204651363, -16.309413950985746 ], [ 26.744956204651363, -16.309290385762004 ], [ 26.74502057766772, -16.309290385762004 ], [ 26.74502057766772, -16.309413950985746 ], [ 26.744956204651363, -16.309413950985746 ] ] ] ] } },
{ "type": "Feature", "properties": { "id": "35", "layer": "REMP_siteID125_irrig_03", "path": "C:/Users/hssid/Downloads/REMP_siteID125_irrig_03.geojson" }, "geometry": { "type": "MultiPolygon", "coordinates": [ [ [ [ 26.745366582630641, -16.309110186337612 ], [ 26.745366582630641, -16.308989195202475 ], [ 26.745444366692073, -16.308989195202475 ], [ 26.745444366692073, -16.309110186337612 ], [ 26.745366582630641, -16.309110186337612 ] ] ] ] } },
{ "type": "Feature", "properties": { "id": "36", "layer": "REMP_siteID125_irrig_03", "path": "C:/Users/hssid/Downloads/REMP_siteID125_irrig_03.geojson" }, "geometry": { "type": "MultiPolygon", "coordinates": [ [ [ [ 26.745320985077388, -16.30974345786786 ], [ 26.745320985077388, -16.309668804013462 ], [ 26.74540413355685, -16.309668804013462 ], [ 26.74540413355685, -16.30974345786786 ], [ 26.745320985077388, -16.30974345786786 ] ] ] ] } },
{ "type": "Feature", "properties": { "id": "37", "layer": "REMP_siteID125_irrig_03", "path": "C:/Users/hssid/Downloads/REMP_siteID125_irrig_03.geojson" }, "geometry": { "type": "MultiPolygon", "coordinates": [ [ [ [ 26.744116673229701, -16.308430575587909 ], [ 26.744116673229701, -16.308332752634296 ], [ 26.744223961590297, -16.308332752634296 ], [ 26.744223961590297, -16.308430575587909 ], [ 26.744116673229701, -16.308430575587909 ] ] ] ] } },
{ "type": "Feature", "properties": { "id": "38", "layer": "REMP_siteID125_irrig_03", "path": "C:/Users/hssid/Downloads/REMP_siteID125_irrig_03.geojson" }, "geometry": { "type": "MultiPolygon", "coordinates": [ [ [ [ 26.744020113705165, -16.308657112766539 ], [ 26.744020113705165, -16.30854126992384 ], [ 26.744229326008327, -16.30854126992384 ], [ 26.744229326008327, -16.308657112766539 ], [ 26.744020113705165, -16.308657112766539 ] ] ] ] } },
{ "type": "Feature", "properties": { "id": "39", "layer": "REMP_siteID125_irrig_03", "path": "C:/Users/hssid/Downloads/REMP_siteID125_irrig_03.geojson" }, "geometry": { "type": "MultiPolygon", "coordinates": [ [ [ [ 26.744333932159908, -16.308476912759396 ], [ 26.744333932159908, -16.308368792675523 ], [ 26.74440098738528, -16.308368792675523 ], [ 26.74440098738528, -16.308476912759396 ], [ 26.744333932159908, -16.308476912759396 ] ] ] ] } },
{ "type": "Feature", "properties": { "id": "40", "layer": "REMP_siteID125_irrig_03", "path": "C:/Users/hssid/Downloads/REMP_siteID125_irrig_03.geojson" }, "geometry": { "type": "MultiPolygon", "coordinates": [ [ [ [ 26.743390123582138, -16.309152203093003 ], [ 26.743390123582138, -16.308966854980412 ], [ 26.743492047524704, -16.308966854980412 ], [ 26.743492047524704, -16.309152203093003 ], [ 26.743390123582138, -16.309152203093003 ] ] ] ] } },
{ "type": "Feature", "properties": { "id": "41", "layer": "REMP_siteID125_irrig_03", "path": "C:/Users/hssid/Downloads/REMP_siteID125_irrig_03.geojson" }, "geometry": { "type": "MultiPolygon", "coordinates": [ [ [ [ 26.754870886635615, -16.30583090980431 ], [ 26.754870886635615, -16.305627538278003 ], [ 26.755029136967494, -16.305627538278003 ], [ 26.755029136967494, -16.30583090980431 ], [ 26.754870886635615, -16.30583090980431 ] ] ] ] } },
{ "type": "Feature", "properties": { "id": "42", "layer": "REMP_siteID125_irrig_03", "path": "C:/Users/hssid/Downloads/REMP_siteID125_irrig_03.geojson" }, "geometry": { "type": "MultiPolygon", "coordinates": [ [ [ [ 26.754790420365168, -16.305581200432332 ], [ 26.754790420365168, -16.305444761156473 ], [ 26.754937941860987, -16.305444761156473 ], [ 26.754937941860987, -16.305581200432332 ], [ 26.754790420365168, -16.305581200432332 ] ] ] ] } },
{ "type": "Feature", "properties": { "id": "43", "layer": "REMP_siteID125_irrig_03", "path": "C:/Users/hssid/Downloads/REMP_siteID125_irrig_03.geojson" }, "geometry": { "type": "MultiPolygon", "coordinates": [ [ [ [ 26.7544900129555, -16.305578626107263 ], [ 26.7544900129555, -16.305411294904477 ], [ 26.754677767586543, -16.305411294904477 ], [ 26.754677767586543, -16.305578626107263 ], [ 26.7544900129555, -16.305578626107263 ] ] ] ] } },
{ "type": "Feature", "properties": { "id": "44", "layer": "REMP_siteID125_irrig_03", "path": "C:/Users/hssid/Downloads/REMP_siteID125_irrig_03.geojson" }, "geometry": { "type": "MultiPolygon", "coordinates": [ [ [ [ 26.754806513619258, -16.305102375385296 ], [ 26.754806513619258, -16.304947915442995 ], [ 26.754978174996211, -16.304947915442995 ], [ 26.754978174996211, -16.305102375385296 ], [ 26.754806513619258, -16.305102375385296 ] ] ] ] } },
{ "type": "Feature", "properties": { "id": "45", "layer": "REMP_siteID125_irrig_03", "path": "C:/Users/hssid/Downloads/REMP_siteID125_irrig_03.geojson" }, "geometry": { "type": "MultiPolygon", "coordinates": [ [ [ [ 26.754291529488398, -16.305081780733357 ], [ 26.754291529488398, -16.30494019244269 ], [ 26.754452462029292, -16.30494019244269 ], [ 26.754452462029292, -16.305081780733357 ], [ 26.754291529488398, -16.305081780733357 ] ] ] ] } },
{ "type": "Feature", "properties": { "id": "46", "layer": "REMP_siteID125_irrig_03", "path": "C:/Users/hssid/Downloads/REMP_siteID125_irrig_03.geojson" }, "geometry": { "type": "MultiPolygon", "coordinates": [ [ [ [ 26.764546326893079, -16.28995198237374 ], [ 26.764546326893079, -16.28986444832104 ], [ 26.76464556862663, -16.28986444832104 ], [ 26.76464556862663, -16.28995198237374 ], [ 26.764546326893079, -16.28995198237374 ] ] ] ] } },
{ "type": "Feature", "properties": { "id": "47", "layer": "REMP_siteID125_irrig_03", "path": "C:/Users/hssid/Downloads/REMP_siteID125_irrig_03.geojson" }, "geometry": { "type": "MultiPolygon", "coordinates": [ [ [ [ 26.765678219097364, -16.290034367328836 ], [ 26.765678219097364, -16.289931386129567 ], [ 26.765812329548108, -16.289931386129567 ], [ 26.765812329548108, -16.290034367328836 ], [ 26.765678219097364, -16.290034367328836 ] ] ] ] } },
{ "type": "Feature", "properties": { "id": "48", "layer": "REMP_siteID125_irrig_03", "path": "C:/Users/hssid/Downloads/REMP_siteID125_irrig_03.geojson" }, "geometry": { "type": "MultiPolygon", "coordinates": [ [ [ [ 26.764385394352185, -16.289215665300304 ], [ 26.764385394352185, -16.289094661880334 ], [ 26.764441720741498, -16.289094661880334 ], [ 26.764441720741498, -16.289215665300304 ], [ 26.764385394352185, -16.289215665300304 ] ] ] ] } },
{ "type": "Feature", "properties": { "id": "49", "layer": "REMP_siteID125_irrig_03", "path": "C:/Users/hssid/Downloads/REMP_siteID125_irrig_03.geojson" }, "geometry": { "type": "MultiPolygon", "coordinates": [ [ [ [ 26.758105055688866, -16.292939876792779 ], [ 26.758105055688866, -16.292772534796619 ], [ 26.758164064287193, -16.292772534796619 ], [ 26.758164064287193, -16.292939876792779 ], [ 26.758105055688866, -16.292939876792779 ] ] ] ] } },
{ "type": "Feature", "properties": { "id": "50", "layer": "REMP_siteID125_irrig_03", "path": "C:/Users/hssid/Downloads/REMP_siteID125_irrig_03.geojson" }, "geometry": { "type": "MultiPolygon", "coordinates": [ [ [ [ 26.75749351203347, -16.292103165383438 ], [ 26.75749351203347, -16.291940971681619 ], [ 26.75761421143914, -16.291940971681619 ], [ 26.75761421143914, -16.292103165383438 ], [ 26.75749351203347, -16.292103165383438 ] ] ] ] } },
{ "type": "Feature", "properties": { "id": "51", "layer": "REMP_siteID125_irrig_03", "path": "C:/Users/hssid/Downloads/REMP_siteID125_irrig_03.geojson" }, "geometry": { "type": "MultiPolygon", "coordinates": [ [ [ [ 26.75873805701638, -16.292216443444804 ], [ 26.75873805701638, -16.292121186897582 ], [ 26.758842663167961, -16.292121186897582 ], [ 26.758842663167961, -16.292216443444804 ], [ 26.75873805701638, -16.292216443444804 ] ] ] ] } },
{ "type": "Feature", "properties": { "id": "52", "layer": "REMP_siteID125_irrig_03", "path": "C:/Users/hssid/Downloads/REMP_siteID125_irrig_03.geojson" }, "geometry": { "type": "MultiPolygon", "coordinates": [ [ [ [ 26.758872167467125, -16.292494489317885 ], [ 26.758872167467125, -16.292355466430639 ], [ 26.759027735589989, -16.292355466430639 ], [ 26.759027735589989, -16.292494489317885 ], [ 26.758872167467125, -16.292494489317885 ] ] ] ] } },
{ "type": "Feature", "properties": { "id": "53", "layer": "REMP_siteID125_irrig_03", "path": "C:/Users/hssid/Downloads/REMP_siteID125_irrig_03.geojson" }, "geometry": { "type": "MultiPolygon", "coordinates": [ [ [ [ 26.760537819265373, -16.293364667372224 ], [ 26.760537819265373, -16.293235943051421 ], [ 26.760631696580894, -16.293235943051421 ], [ 26.760631696580894, -16.293364667372224 ], [ 26.760537819265373, -16.293364667372224 ] ] ] ] } },
{ "type": "Feature", "properties": { "id": "54", "layer": "REMP_siteID125_irrig_03", "path": "C:/Users/hssid/Downloads/REMP_siteID125_irrig_03.geojson" }, "geometry": { "type": "MultiPolygon", "coordinates": [ [ [ [ 26.751241022420132, -16.285995785859956 ], [ 26.751241022420132, -16.285859332948952 ], [ 26.751364404034817, -16.285859332948952 ], [ 26.751364404034817, -16.285995785859956 ], [ 26.751241022420132, -16.285995785859956 ] ] ] ] } },
{ "type": "Feature", "properties": { "id": "55", "layer": "REMP_siteID125_irrig_03", "path": "C:/Users/hssid/Downloads/REMP_siteID125_irrig_03.geojson" }, "geometry": { "type": "MultiPolygon", "coordinates": [ [ [ [ 26.750956708264553, -16.285793681042872 ], [ 26.750956708264553, -16.285703570547732 ], [ 26.751104229760372, -16.285703570547732 ], [ 26.751104229760372, -16.285793681042872 ], [ 26.750956708264553, -16.285793681042872 ] ] ] ] } },
{ "type": "Feature", "properties": { "id": "56", "layer": "REMP_siteID125_irrig_03", "path": "C:/Users/hssid/Downloads/REMP_siteID125_irrig_03.geojson" }, "geometry": { "type": "MultiPolygon", "coordinates": [ [ [ [ 26.751131051850521, -16.285838736274908 ], [ 26.751131051850521, -16.285733178286414 ], [ 26.751191401553356, -16.285733178286414 ], [ 26.751191401553356, -16.285838736274908 ], [ 26.751131051850521, -16.285838736274908 ] ] ] ] } },
{ "type": "Feature", "properties": { "id": "0", "layer": null, "path": null }, "geometry": { "type": "MultiPolygon", "coordinates": [ [ [ [ 23.866735898670957, -14.436888727009016 ], [ 23.866735898670957, -14.436766643888554 ], [ 23.866945110974118, -14.436766643888554 ], [ 23.866945110974118, -14.436888727009016 ], [ 23.866735898670957, -14.436888727009016 ] ] ] ] } },
{ "type": "Feature", "properties": { "id": "1", "layer": null, "path": null }, "geometry": { "type": "MultiPolygon", "coordinates": [ [ [ [ 23.865437709507749, -14.437384851341417 ], [ 23.865437709507749, -14.437234195901912 ], [ 23.865622781929776, -14.437234195901912 ], [ 23.865622781929776, -14.437384851341417 ], [ 23.865437709507749, -14.437384851341417 ] ] ] ] } },
{ "type": "Feature", "properties": { "id": "2", "layer": null, "path": null }, "geometry": { "type": "MultiPolygon", "coordinates": [ [ [ [ 23.866293334183499, -14.43721601334197 ], [ 23.866293334183499, -14.437174453199388 ], [ 23.866430126843259, -14.437174453199388 ], [ 23.866430126843259, -14.43721601334197 ], [ 23.866293334183499, -14.43721601334197 ] ] ] ] } },
{ "type": "Feature", "properties": { "id": "3", "layer": null, "path": null }, "geometry": { "type": "MultiPolygon", "coordinates": [ [ [ [ 23.863586985287473, -14.437374461314372 ], [ 23.863586985287473, -14.437114710480822 ], [ 23.863737188992307, -14.437114710480822 ], [ 23.863737188992307, -14.437374461314372 ], [ 23.863586985287473, -14.437374461314372 ] ] ] ] } },
{ "type": "Feature", "properties": { "id": "0", "layer": "REMP_siteID16_irrig_01", "path": "C:/Users/hssid/Downloads/REMP_siteID16_irrig_01.geojson" }, "geometry": { "type": "MultiPolygon", "coordinates": [ [ [ [ 28.48990561409418, -12.782148790884541 ], [ 28.48990561409418, -12.781910758486545 ], [ 28.490230161384982, -12.781910758486545 ], [ 28.490230161384982, -12.782148790884541 ], [ 28.48990561409418, -12.782148790884541 ] ] ] ] } },
{ "type": "Feature", "properties": { "id": "1", "layer": "REMP_siteID16_irrig_01", "path": "C:/Users/hssid/Downloads/REMP_siteID16_irrig_01.geojson" }, "geometry": { "type": "MultiPolygon", "coordinates": [ [ [ [ 28.489758092598361, -12.781756429669061 ], [ 28.489758092598361, -12.781594253521948 ], [ 28.489943165020389, -12.781594253521948 ], [ 28.489943165020389, -12.781756429669061 ], [ 28.489758092598361, -12.781756429669061 ] ] ] ] } },
{ "type": "Feature", "properties": { "id": "2", "layer": "REMP_siteID16_irrig_01", "path": "C:/Users/hssid/Downloads/REMP_siteID16_irrig_01.geojson" }, "geometry": { "type": "MultiPolygon", "coordinates": [ [ [ [ 28.488856870369357, -12.782154022363294 ], [ 28.488856870369357, -12.781931684420645 ], [ 28.489318210319919, -12.781931684420645 ], [ 28.489318210319919, -12.782154022363294 ], [ 28.488856870369357, -12.782154022363294 ] ] ] ] } },
{ "type": "Feature", "properties": { "id": "3", "layer": "REMP_siteID16_irrig_01", "path": "C:/Users/hssid/Downloads/REMP_siteID16_irrig_01.geojson" }, "geometry": { "type": "MultiPolygon", "coordinates": [ [ [ [ 28.48903926058237, -12.78188983255073 ], [ 28.48903926058237, -12.781662262886648 ], [ 28.489299434856814, -12.781662262886648 ], [ 28.489299434856814, -12.78188983255073 ], [ 28.48903926058237, -12.78188983255073 ] ] ] ] } },
{ "type": "Feature", "properties": { "id": "4", "layer": "REMP_siteID16_irrig_01", "path": "C:/Users/hssid/Downloads/REMP_siteID16_irrig_01.geojson" }, "geometry": { "type": "MultiPolygon", "coordinates": [ [ [ [ 28.486024457649631, -12.781364067844034 ], [ 28.486024457649631, -12.781275132412288 ], [ 28.486217576698703, -12.781275132412288 ], [ 28.486217576698703, -12.781364067844034 ], [ 28.486024457649631, -12.781364067844034 ] ] ] ] } },
{ "type": "Feature", "properties": { "id": "5", "layer": "REMP_siteID16_irrig_01", "path": "C:/Users/hssid/Downloads/REMP_siteID16_irrig_01.geojson" }, "geometry": { "type": "MultiPolygon", "coordinates": [ [ [ [ 28.485954720215243, -12.782038929805658 ], [ 28.485954720215243, -12.781698883306206 ], [ 28.48629804296915, -12.781698883306206 ], [ 28.48629804296915, -12.782038929805658 ], [ 28.485954720215243, -12.782038929805658 ] ] ] ] } },
{ "type": "Feature", "properties": { "id": "6", "layer": "REMP_siteID16_irrig_01", "path": "C:/Users/hssid/Downloads/REMP_siteID16_irrig_01.geojson" }, "geometry": { "type": "MultiPolygon", "coordinates": [ [ [ [ 28.484935856238216, -12.781374527039127 ], [ 28.484935856238216, -12.781110336411155 ], [ 28.485145068541378, -12.781110336411155 ], [ 28.485145068541378, -12.781374527039127 ], [ 28.484935856238216, -12.781374527039127 ] ] ] ] } },
{ "type": "Feature", "properties": { "id": "7", "layer": "REMP_siteID16_irrig_01", "path": "C:/Users/hssid/Downloads/REMP_siteID16_irrig_01.geojson" }, "geometry": { "type": "MultiPolygon", "coordinates": [ [ [ [ 28.485155797377438, -12.781107720660991 ], [ 28.485155797377438, -12.780890613302176 ], [ 28.485421336069912, -12.780890613302176 ], [ 28.485421336069912, -12.781107720660991 ], [ 28.485155797377438, -12.781107720660991 ] ] ] ] } },
{ "type": "Feature", "properties": { "id": "8", "layer": "REMP_siteID16_irrig_01", "path": "C:/Users/hssid/Downloads/REMP_siteID16_irrig_01.geojson" }, "geometry": { "type": "MultiPolygon", "coordinates": [ [ [ [ 28.485445475951046, -12.782117398214917 ], [ 28.485445475951046, -12.781887213013796 ], [ 28.485617137327999, -12.781887213013796 ], [ 28.485617137327999, -12.782117398214917 ], [ 28.485445475951046, -12.782117398214917 ] ] ] ] } },
{ "type": "Feature", "properties": { "id": "9", "layer": "REMP_siteID16_irrig_01", "path": "C:/Users/hssid/Downloads/REMP_siteID16_irrig_01.geojson" }, "geometry": { "type": "MultiPolygon", "coordinates": [ [ [ [ 28.484933174029202, -12.782211564827628 ], [ 28.484933174029202, -12.782088625076248 ], [ 28.485346234217495, -12.782088625076248 ], [ 28.485346234217495, -12.782211564827628 ], [ 28.484933174029202, -12.782211564827628 ] ] ] ] } },
{ "type": "Feature", "properties": { "id": "10", "layer": "REMP_siteID16_irrig_01", "path": "C:/Users/hssid/Downloads/REMP_siteID16_irrig_01.geojson" }, "geometry": { "type": "MultiPolygon", "coordinates": [ [ [ [ 28.485874629393429, -12.782326657306603 ], [ 28.485874629393429, -12.782075546375777 ], [ 28.486419117823452, -12.782075546375777 ], [ 28.486419117823452, -12.782326657306603 ], [ 28.485874629393429, -12.782326657306603 ] ] ] ] } },
{ "type": "Feature", "properties": { "id": "11", "layer": "REMP_siteID16_irrig_01", "path": "C:/Users/hssid/Downloads/REMP_siteID16_irrig_01.geojson" }, "geometry": { "type": "MultiPolygon", "coordinates": [ [ [ [ 28.484493525507855, -12.782225577072552 ], [ 28.484493525507855, -12.782119639636647 ], [ 28.484882445815014, -12.782119639636647 ], [ 28.484882445815014, -12.782225577072552 ], [ 28.484493525507855, -12.782225577072552 ] ] ] ] } },
{ "type": "Feature", "properties": { "id": "12", "layer": "REMP_siteID16_irrig_01", "path": "C:/Users/hssid/Downloads/REMP_siteID16_irrig_01.geojson" }, "geometry": { "type": "MultiPolygon", "coordinates": [ [ [ [ 28.486526691256934, -12.78251267228354 ], [ 28.486526691256934, -12.782368806782598 ], [ 28.486802958785468, -12.782368806782598 ], [ 28.486802958785468, -12.78251267228354 ], [ 28.486526691256934, -12.78251267228354 ] ] ] ] } },
{ "type": "Feature", "properties": { "id": "13", "layer": "REMP_siteID16_irrig_01", "path": "C:/Users/hssid/Downloads/REMP_siteID16_irrig_01.geojson" }, "geometry": { "type": "MultiPolygon", "coordinates": [ [ [ [ 28.487599574862891, -12.782643459031467 ], [ 28.487599574862891, -12.782515288019164 ], [ 28.48798849517005, -12.782515288019164 ], [ 28.48798849517005, -12.782643459031467 ], [ 28.487599574862891, -12.782643459031467 ] ] ] ] } },
{ "type": "Feature", "properties": { "id": "14", "layer": "REMP_siteID16_irrig_01", "path": "C:/Users/hssid/Downloads/REMP_siteID16_irrig_01.geojson" }, "geometry": { "type": "MultiPolygon", "coordinates": [ [ [ [ 28.486317356558878, -12.781968549076675 ], [ 28.486317356558878, -12.781840377721851 ], [ 28.486440738173563, -12.781840377721851 ], [ 28.486440738173563, -12.781968549076675 ], [ 28.486317356558878, -12.781968549076675 ] ] ] ] } },
{ "type": "Feature", "properties": { "id": "15", "layer": "REMP_siteID16_irrig_01", "path": "C:/Users/hssid/Downloads/REMP_siteID16_irrig_01.geojson" }, "geometry": { "type": "MultiPolygon", "coordinates": [ [ [ [ 28.486607035132486, -12.78178675499289 ], [ 28.486607035132486, -12.781633733971999 ], [ 28.486746510001261, -12.781633733971999 ], [ 28.486746510001261, -12.78178675499289 ], [ 28.486607035132486, -12.78178675499289 ] ] ] ] } },
{ "type": "Feature", "properties": { "id": "16", "layer": "REMP_siteID16_irrig_01", "path": "C:/Users/hssid/Downloads/REMP_siteID16_irrig_01.geojson" }, "geometry": { "type": "MultiPolygon", "coordinates": [ [ [ [ 28.486030039621475, -12.782577259449555 ], [ 28.486030039621475, -12.782422931039362 ], [ 28.486402866674545, -12.782422931039362 ], [ 28.486402866674545, -12.782577259449555 ], [ 28.486030039621475, -12.782577259449555 ] ] ] ] } },
{ "type": "Feature", "properties": { "id": "17", "layer": "REMP_siteID16_irrig_01", "path": "C:/Users/hssid/Downloads/REMP_siteID16_irrig_01.geojson" }, "geometry": { "type": "MultiPolygon", "coordinates": [ [ [ [ 28.491538880110454, -12.782570391869873 ], [ 28.491538880110454, -12.782358517242926 ], [ 28.491782961130809, -12.782358517242926 ], [ 28.491782961130809, -12.782570391869873 ], [ 28.491538880110454, -12.782570391869873 ] ] ] ] } },
{ "type": "Feature", "properties": { "id": "18", "layer": "REMP_siteID16_irrig_01", "path": "C:/Users/hssid/Downloads/REMP_siteID16_irrig_01.geojson" }, "geometry": { "type": "MultiPolygon", "coordinates": [ [ [ [ 28.480970354838846, -12.782520766052228 ], [ 28.480970354838846, -12.782274886790644 ], [ 28.481555076404092, -12.782274886790644 ], [ 28.481555076404092, -12.782520766052228 ], [ 28.480970354838846, -12.782520766052228 ] ] ] ] } },
{ "type": "Feature", "properties": { "id": "19", "layer": "REMP_siteID16_irrig_01", "path": "C:/Users/hssid/Downloads/REMP_siteID16_irrig_01.geojson" }, "geometry": { "type": "MultiPolygon", "coordinates": [ [ [ [ 28.479874982864363, -12.783155752638915 ], [ 28.479874982864363, -12.782951725696458 ], [ 28.480156614810927, -12.782951725696458 ], [ 28.480156614810927, -12.783155752638915 ], [ 28.479874982864363, -12.783155752638915 ] ] ] ] } },
{ "type": "Feature", "properties": { "id": "20", "layer": "REMP_siteID16_irrig_01", "path": "C:/Users/hssid/Downloads/REMP_siteID16_irrig_01.geojson" }, "geometry": { "type": "MultiPolygon", "coordinates": [ [ [ [ 28.477299093560983, -12.782070969655754 ], [ 28.477299093560983, -12.781953261318856 ], [ 28.477677285032083, -12.781953261318856 ], [ 28.477677285032083, -12.782070969655754 ], [ 28.477299093560983, -12.782070969655754 ] ] ] ] } },
{ "type": "Feature", "properties": { "id": "21", "layer": "REMP_siteID16_irrig_01", "path": "C:/Users/hssid/Downloads/REMP_siteID16_irrig_01.geojson" }, "geometry": { "type": "MultiPolygon", "coordinates": [ [ [ [ 28.475333034353067, -12.782183446459777 ], [ 28.475333034353067, -12.782034349290152 ], [ 28.47551006014805, -12.782034349290152 ], [ 28.47551006014805, -12.782183446459777 ], [ 28.475333034353067, -12.782183446459777 ] ] ] ] } },
{ "type": "Feature", "properties": { "id": "22", "layer": "REMP_siteID16_irrig_01", "path": "C:/Users/hssid/Downloads/REMP_siteID16_irrig_01.geojson" }, "geometry": { "type": "MultiPolygon", "coordinates": [ [ [ [ 28.474656874166108, -12.78209472124893 ], [ 28.474656874166108, -12.782004478204021 ], [ 28.4747815968853, -12.782004478204021 ], [ 28.4747815968853, -12.78209472124893 ], [ 28.474656874166108, -12.78209472124893 ] ] ] ] } },
{ "type": "Feature", "properties": { "id": "23", "layer": "REMP_siteID16_irrig_01", "path": "C:/Users/hssid/Downloads/REMP_siteID16_irrig_01.geojson" }, "geometry": { "type": "MultiPolygon", "coordinates": [ [ [ [ 28.473749327686821, -12.7783289388301 ], [ 28.473749327686821, -12.778122292207595 ], [ 28.47402827742437, -12.778122292207595 ], [ 28.47402827742437, -12.7783289388301 ], [ 28.473749327686821, -12.7783289388301 ] ] ] ] } },
{ "type": "Feature", "properties": { "id": "24", "layer": "REMP_siteID16_irrig_01", "path": "C:/Users/hssid/Downloads/REMP_siteID16_irrig_01.geojson" }, "geometry": { "type": "MultiPolygon", "coordinates": [ [ [ [ 28.475138154697614, -12.776717352528523 ], [ 28.475138154697614, -12.776589178509285 ], [ 28.475390282345014, -12.776589178509285 ], [ 28.475390282345014, -12.776717352528523 ], [ 28.475138154697614, -12.776717352528523 ] ] ] ] } },
{ "type": "Feature", "properties": { "id": "25", "layer": "REMP_siteID16_irrig_01", "path": "C:/Users/hssid/Downloads/REMP_siteID16_irrig_01.geojson" }, "geometry": { "type": "MultiPolygon", "coordinates": [ [ [ [ 28.473655812468852, -12.777530332620957 ], [ 28.473655812468852, -12.777352459026666 ], [ 28.473886482444133, -12.777352459026666 ], [ 28.473886482444133, -12.777530332620957 ], [ 28.473655812468852, -12.777530332620957 ] ] ] ] } },
{ "type": "Feature", "properties": { "id": "26", "layer": "REMP_siteID16_irrig_01", "path": "C:/Users/hssid/Downloads/REMP_siteID16_irrig_01.geojson" }, "geometry": { "type": "MultiPolygon", "coordinates": [ [ [ [ 28.479382028716461, -12.769193354201757 ], [ 28.479382028716461, -12.7688689856772 ], [ 28.479977479117768, -12.7688689856772 ], [ 28.479977479117768, -12.769193354201757 ], [ 28.479382028716461, -12.769193354201757 ] ] ] ] } },
{ "type": "Feature", "properties": { "id": "27", "layer": "REMP_siteID16_irrig_01", "path": "C:/Users/hssid/Downloads/REMP_siteID16_irrig_01.geojson" }, "geometry": { "type": "MultiPolygon", "coordinates": [ [ [ [ 28.48029666199054, -12.770153377960797 ], [ 28.48029666199054, -12.769941492921502 ], [ 28.480551471846955, -12.769941492921502 ], [ 28.480551471846955, -12.770153377960797 ], [ 28.48029666199054, -12.770153377960797 ] ] ] ] } },
{ "type": "Feature", "properties": { "id": "28", "layer": "REMP_siteID16_irrig_01", "path": "C:/Users/hssid/Downloads/REMP_siteID16_irrig_01.geojson" }, "geometry": { "type": "MultiPolygon", "coordinates": [ [ [ [ 28.476949082218876, -12.773430846235955 ], [ 28.476949082218876, -12.773043703148584 ], [ 28.477142201267949, -12.773043703148584 ], [ 28.477142201267949, -12.773430846235955 ], [ 28.476949082218876, -12.773430846235955 ] ] ] ] } },
{ "type": "Feature", "properties": { "id": "29", "layer": "REMP_siteID16_irrig_01", "path": "C:/Users/hssid/Downloads/REMP_siteID16_irrig_01.geojson" }, "geometry": { "type": "MultiPolygon", "coordinates": [ [ [ [ 28.47960277391886, -12.76859297156059 ], [ 28.47960277391886, -12.768362774039385 ], [ 28.480117758049719, -12.768362774039385 ], [ 28.480117758049719, -12.76859297156059 ], [ 28.47960277391886, -12.76859297156059 ] ] ] ] } },
{ "type": "Feature", "properties": { "id": "30", "layer": "REMP_siteID16_irrig_01", "path": "C:/Users/hssid/Downloads/REMP_siteID16_irrig_01.geojson" }, "geometry": { "type": "MultiPolygon", "coordinates": [ [ [ [ 28.472100640309918, -12.782217948786794 ], [ 28.472100640309918, -12.782079314598253 ], [ 28.472248161805737, -12.782079314598253 ], [ 28.472248161805737, -12.782217948786794 ], [ 28.472100640309918, -12.782217948786794 ] ] ] ] } },
{ "type": "Feature", "properties": { "id": "31", "layer": "REMP_siteID16_irrig_01", "path": "C:/Users/hssid/Downloads/REMP_siteID16_irrig_01.geojson" }, "geometry": { "type": "MultiPolygon", "coordinates": [ [ [ [ 28.46963008683808, -12.782984718604766 ], [ 28.46963008683808, -12.782853932033564 ], [ 28.469732010780646, -12.782853932033564 ], [ 28.469732010780646, -12.782984718604766 ], [ 28.46963008683808, -12.782984718604766 ] ] ] ] } },
{ "type": "Feature", "properties": { "id": "32", "layer": "REMP_siteID16_irrig_01", "path": "C:/Users/hssid/Downloads/REMP_siteID16_irrig_01.geojson" }, "geometry": { "type": "MultiPolygon", "coordinates": [ [ [ [ 28.467668636362557, -12.785112166268576 ], [ 28.467668636362557, -12.785015385027799 ], [ 28.46783493332148, -12.785015385027799 ], [ 28.46783493332148, -12.785112166268576 ], [ 28.467668636362557, -12.785112166268576 ] ] ] ] } },
{ "type": "Feature", "properties": { "id": "33", "layer": "REMP_siteID16_irrig_01", "path": "C:/Users/hssid/Downloads/REMP_siteID16_irrig_01.geojson" }, "geometry": { "type": "MultiPolygon", "coordinates": [ [ [ [ 28.460969607837615, -12.789913453516862 ], [ 28.460969607837615, -12.789766976572581 ], [ 28.461151998050628, -12.789766976572581 ], [ 28.461151998050628, -12.789913453516862 ], [ 28.460969607837615, -12.789913453516862 ] ] ] ] } },
{ "type": "Feature", "properties": { "id": "34", "layer": "REMP_siteID16_irrig_01", "path": "C:/Users/hssid/Downloads/REMP_siteID16_irrig_01.geojson" }, "geometry": { "type": "MultiPolygon", "coordinates": [ [ [ [ 28.464308460442371, -12.786661830420815 ], [ 28.464308460442371, -12.786600361635973 ], [ 28.464390267817326, -12.786600361635973 ], [ 28.464390267817326, -12.786661830420815 ], [ 28.464308460442371, -12.786661830420815 ] ] ] ] } },
{ "type": "Feature", "properties": { "id": "0", "layer": "REMP_siteID16_irrig_02", "path": "C:/Users/hssid/Downloads/REMP_siteID16_irrig_02.geojson" }, "geometry": { "type": "MultiPolygon", "coordinates": [ [ [ [ 28.459888833115418, -12.755617639169095 ], [ 28.459888833115418, -12.754890386256465 ], [ 28.460519152233918, -12.754890386256465 ], [ 28.460519152233918, -12.755617639169095 ], [ 28.459888833115418, -12.755617639169095 ] ] ] ] } },
{ "type": "Feature", "properties": { "id": "1", "layer": "REMP_siteID16_irrig_02", "path": "C:/Users/hssid/Downloads/REMP_siteID16_irrig_02.geojson" }, "geometry": { "type": "MultiPolygon", "coordinates": [ [ [ [ 28.459440904209931, -12.754110810669918 ], [ 28.459440904209931, -12.753807351067563 ], [ 28.45970912511142, -12.753807351067563 ], [ 28.45970912511142, -12.754110810669918 ], [ 28.459440904209931, -12.754110810669918 ] ] ] ] } },
{ "type": "Feature", "properties": { "id": "2", "layer": "REMP_siteID16_irrig_02", "path": "C:/Users/hssid/Downloads/REMP_siteID16_irrig_02.geojson" }, "geometry": { "type": "MultiPolygon", "coordinates": [ [ [ [ 28.461091292410874, -12.753424667306515 ], [ 28.461091292410874, -12.753223232409878 ], [ 28.461498988181138, -12.753223232409878 ], [ 28.461498988181138, -12.753424667306515 ], [ 28.461091292410874, -12.753424667306515 ] ] ] ] } },
{ "type": "Feature", "properties": { "id": "3", "layer": "REMP_siteID16_irrig_02", "path": "C:/Users/hssid/Downloads/REMP_siteID16_irrig_02.geojson" }, "geometry": { "type": "MultiPolygon", "coordinates": [ [ [ [ 28.459775181847341, -12.754477250959098 ], [ 28.459775181847341, -12.754267968816622 ], [ 28.459946843224294, -12.754267968816622 ], [ 28.459946843224294, -12.754477250959098 ], [ 28.459775181847341, -12.754477250959098 ] ] ] ] } },
{ "type": "Feature", "properties": { "id": "4", "layer": "REMP_siteID16_irrig_02", "path": "C:/Users/hssid/Downloads/REMP_siteID16_irrig_02.geojson" }, "geometry": { "type": "MultiPolygon", "coordinates": [ [ [ [ 28.46130940540386, -12.754519107366827 ], [ 28.46130940540386, -12.754367377855862 ], [ 28.461491795616872, -12.754367377855862 ], [ 28.461491795616872, -12.754519107366827 ], [ 28.46130940540386, -12.754519107366827 ] ] ] ] } },
{ "type": "Feature", "properties": { "id": "5", "layer": "REMP_siteID16_irrig_02", "path": "C:/Users/hssid/Downloads/REMP_siteID16_irrig_02.geojson" }, "geometry": { "type": "MultiPolygon", "coordinates": [ [ [ [ 28.45433061806844, -12.746173164081613 ], [ 28.45433061806844, -12.745479893586387 ], [ 28.454625661060078, -12.745479893586387 ], [ 28.454625661060078, -12.746173164081613 ], [ 28.45433061806844, -12.746173164081613 ] ] ] ] } },
{ "type": "Feature", "properties": { "id": "6", "layer": "REMP_siteID16_irrig_02", "path": "C:/Users/hssid/Downloads/REMP_siteID16_irrig_02.geojson" }, "geometry": { "type": "MultiPolygon", "coordinates": [ [ [ [ 28.4535849639623, -12.745846149933492 ], [ 28.4535849639623, -12.745731040852888 ], [ 28.453737849876148, -12.745731040852888 ], [ 28.453737849876148, -12.745846149933492 ], [ 28.4535849639623, -12.745846149933492 ] ] ] ] } },
{ "type": "Feature", "properties": { "id": "7", "layer": "REMP_siteID16_irrig_02", "path": "C:/Users/hssid/Downloads/REMP_siteID16_irrig_02.geojson" }, "geometry": { "type": "MultiPolygon", "coordinates": [ [ [ [ 28.455408400797861, -12.756454961559472 ], [ 28.455408400797861, -12.756303233209016 ], [ 28.455518371367472, -12.756303233209016 ], [ 28.455518371367472, -12.756454961559472 ], [ 28.455408400797861, -12.756454961559472 ] ] ] ] } },
{ "type": "Feature", "properties": { "id": "8", "layer": "REMP_siteID16_irrig_02", "path": "C:/Users/hssid/Downloads/REMP_siteID16_irrig_02.geojson" }, "geometry": { "type": "MultiPolygon", "coordinates": [ [ [ [ 28.450926442017071, -12.758767186643109 ], [ 28.450926442017071, -12.758586683865223 ], [ 28.451154429783337, -12.758586683865223 ], [ 28.451154429783337, -12.758767186643109 ], [ 28.450926442017071, -12.758767186643109 ] ] ] ] } },
{ "type": "Feature", "properties": { "id": "9", "layer": "REMP_siteID16_irrig_02", "path": "C:/Users/hssid/Downloads/REMP_siteID16_irrig_02.geojson" }, "geometry": { "type": "MultiPolygon", "coordinates": [ [ [ [ 28.451108832230084, -12.757639696167148 ], [ 28.451108832230084, -12.757425184649305 ], [ 28.451304633488171, -12.757425184649305 ], [ 28.451304633488171, -12.757639696167148 ], [ 28.451108832230084, -12.757639696167148 ] ] ] ] } },
{ "type": "Feature", "properties": { "id": "10", "layer": "REMP_siteID16_irrig_02", "path": "C:/Users/hssid/Downloads/REMP_siteID16_irrig_02.geojson" }, "geometry": { "type": "MultiPolygon", "coordinates": [ [ [ [ 28.450931806435101, -12.758314621463967 ], [ 28.450931806435101, -12.758011166902079 ], [ 28.451132972111218, -12.758011166902079 ], [ 28.451132972111218, -12.758314621463967 ], [ 28.450931806435101, -12.758314621463967 ] ] ] ] } },
{ "type": "Feature", "properties": { "id": "11", "layer": "REMP_siteID16_irrig_02", "path": "C:/Users/hssid/Downloads/REMP_siteID16_irrig_02.geojson" }, "geometry": { "type": "MultiPolygon", "coordinates": [ [ [ [ 28.450271983017437, -12.757124345019189 ], [ 28.450271983017437, -12.756925529067358 ], [ 28.450835246910565, -12.756925529067358 ], [ 28.450835246910565, -12.757124345019189 ], [ 28.450271983017437, -12.757124345019189 ] ] ] ] } },
{ "type": "Feature", "properties": { "id": "12", "layer": "REMP_siteID16_irrig_02", "path": "C:/Users/hssid/Downloads/REMP_siteID16_irrig_02.geojson" }, "geometry": { "type": "MultiPolygon", "coordinates": [ [ [ [ 28.450145919193737, -12.7564912726294 ], [ 28.450145919193737, -12.756227055998322 ], [ 28.450577754845135, -12.756227055998322 ], [ 28.450577754845135, -12.7564912726294 ], [ 28.450145919193737, -12.7564912726294 ] ] ] ] } },
{ "type": "Feature", "properties": { "id": "13", "layer": "REMP_siteID16_irrig_02", "path": "C:/Users/hssid/Downloads/REMP_siteID16_irrig_02.geojson" }, "geometry": { "type": "MultiPolygon", "coordinates": [ [ [ [ 28.449789185394756, -12.756711016944143 ], [ 28.449789185394756, -12.75634477631357 ], [ 28.45007618175935, -12.75634477631357 ], [ 28.45007618175935, -12.756711016944143 ], [ 28.449789185394756, -12.756711016944143 ] ] ] ] } },
{ "type": "Feature", "properties": { "id": "14", "layer": "REMP_siteID16_irrig_02", "path": "C:/Users/hssid/Downloads/REMP_siteID16_irrig_02.geojson" }, "geometry": { "type": "MultiPolygon", "coordinates": [ [ [ [ 28.449612159599774, -12.757856823493929 ], [ 28.449612159599774, -12.757671088081336 ], [ 28.449848193993084, -12.757671088081336 ], [ 28.449848193993084, -12.757856823493929 ], [ 28.449612159599774, -12.757856823493929 ] ] ] ] } },
{ "type": "Feature", "properties": { "id": "15", "layer": "REMP_siteID16_irrig_02", "path": "C:/Users/hssid/Downloads/REMP_siteID16_irrig_02.geojson" }, "geometry": { "type": "MultiPolygon", "coordinates": [ [ [ [ 28.450125385712703, -12.758518467848983 ], [ 28.450125385712703, -12.758260793301034 ], [ 28.450271566104014, -12.758260793301034 ], [ 28.450271566104014, -12.758518467848983 ], [ 28.450125385712703, -12.758518467848983 ] ] ] ] } },
{ "type": "Feature", "properties": { "id": "16", "layer": "REMP_siteID16_irrig_02", "path": "C:/Users/hssid/Downloads/REMP_siteID16_irrig_02.geojson" }, "geometry": { "type": "MultiPolygon", "coordinates": [ [ [ [ 28.436904367569269, -12.777667304480318 ], [ 28.436904367569269, -12.777579675640411 ], [ 28.436983492735209, -12.777579675640411 ], [ 28.436983492735209, -12.777667304480318 ], [ 28.436904367569269, -12.777667304480318 ] ] ] ] } },
{ "type": "Feature", "properties": { "id": "0", "layer": "REMP_siteID16_irrig_03", "path": "C:/Users/hssid/Downloads/REMP_siteID16_irrig_03.geojson" }, "geometry": { "type": "MultiPolygon", "coordinates": [ [ [ [ 28.377280692984346, -12.694351804890902 ], [ 28.377280692984346, -12.694220972573998 ], [ 28.377379934717897, -12.694220972573998 ], [ 28.377379934717897, -12.694351804890902 ], [ 28.377280692984346, -12.694351804890902 ] ] ] ] } },
{ "type": "Feature", "properties": { "id": "1", "layer": "REMP_siteID16_irrig_03", "path": "C:/Users/hssid/Downloads/REMP_siteID16_irrig_03.geojson" }, "geometry": { "type": "MultiPolygon", "coordinates": [ [ [ [ 28.379021446635011, -12.69287339579377 ], [ 28.379021446635011, -12.692370996410057 ], [ 28.379236023356203, -12.692370996410057 ], [ 28.379236023356203, -12.69287339579377 ], [ 28.379021446635011, -12.69287339579377 ] ] ] ] } },
{ "type": "Feature", "properties": { "id": "2", "layer": "REMP_siteID16_irrig_03", "path": "C:/Users/hssid/Downloads/REMP_siteID16_irrig_03.geojson" }, "geometry": { "type": "MultiPolygon", "coordinates": [ [ [ [ 28.383451124623388, -12.695290917554328 ], [ 28.383451124623388, -12.695181018818417 ], [ 28.383583893969625, -12.695181018818417 ], [ 28.383583893969625, -12.695290917554328 ], [ 28.383451124623388, -12.695290917554328 ] ] ] ] } },
{ "type": "Feature", "properties": { "id": "3", "layer": "REMP_siteID16_irrig_03", "path": "C:/Users/hssid/Downloads/REMP_siteID16_irrig_03.geojson" }, "geometry": { "type": "MultiPolygon", "coordinates": [ [ [ [ 28.380721055315448, -12.688587372604472 ], [ 28.380721055315448, -12.688487937796875 ], [ 28.380922220991565, -12.688487937796875 ], [ 28.380922220991565, -12.688587372604472 ], [ 28.380721055315448, -12.688587372604472 ] ] ] ] } },
{ "type": "Feature", "properties": { "id": "4", "layer": "REMP_siteID16_irrig_03", "path": "C:/Users/hssid/Downloads/REMP_siteID16_irrig_03.geojson" }, "geometry": { "type": "MultiPolygon", "coordinates": [ [ [ [ 28.402071416910161, -12.674557624668132 ], [ 28.402071416910161, -12.674303790175447 ], [ 28.402342320020665, -12.674303790175447 ], [ 28.402342320020665, -12.674557624668132 ], [ 28.402071416910161, -12.674557624668132 ] ] ] ] } },
{ "type": "Feature", "properties": { "id": "5", "layer": "REMP_siteID16_irrig_03", "path": "C:/Users/hssid/Downloads/REMP_siteID16_irrig_03.geojson" }, "geometry": { "type": "MultiPolygon", "coordinates": [ [ [ [ 28.405918752347237, -12.671203166347221 ], [ 28.405918752347237, -12.671033068857279 ], [ 28.40621111312986, -12.671033068857279 ], [ 28.40621111312986, -12.671203166347221 ], [ 28.405918752347237, -12.671203166347221 ] ] ] ] } },
{ "type": "Feature", "properties": { "id": "0", "layer": "REMP_siteID16_irrig_04", "path": "C:/Users/hssid/Downloads/REMP_siteID16_irrig_04.geojson" }, "geometry": { "type": "MultiPolygon", "coordinates": [ [ [ [ 28.408024469701001, -12.668274733325095 ], [ 28.408024469701001, -12.668073230893985 ], [ 28.408351699200818, -12.668073230893985 ], [ 28.408351699200818, -12.668274733325095 ], [ 28.408024469701001, -12.668274733325095 ] ] ] ] } },
{ "type": "Feature", "properties": { "id": "1", "layer": "REMP_siteID16_irrig_04", "path": "C:/Users/hssid/Downloads/REMP_siteID16_irrig_04.geojson" }, "geometry": { "type": "MultiPolygon", "coordinates": [ [ [ [ 28.408216547957139, -12.667391810009242 ], [ 28.408216547957139, -12.667145819154921 ], [ 28.408575963965134, -12.667145819154921 ], [ 28.408575963965134, -12.667391810009242 ], [ 28.408216547957139, -12.667391810009242 ] ] ] ] } },
{ "type": "Feature", "properties": { "id": "0", "layer": "REMP_siteID16_irrig_05", "path": "C:/Users/hssid/Downloads/REMP_siteID16_irrig_05.geojson" }, "geometry": { "type": "MultiPolygon", "coordinates": [ [ [ [ 28.34692123454138, -12.670659342216588 ], [ 28.34692123454138, -12.67047877679979 ], [ 28.347280650549376, -12.67047877679979 ], [ 28.347280650549376, -12.670659342216588 ], [ 28.34692123454138, -12.670659342216588 ] ] ] ] } },
{ "type": "Feature", "properties": { "id": "1", "layer": "REMP_siteID16_irrig_05", "path": "C:/Users/hssid/Downloads/REMP_siteID16_irrig_05.geojson" }, "geometry": { "type": "MultiPolygon", "coordinates": [ [ [ [ 28.350162116923599, -12.670681723750889 ], [ 28.350162116923599, -12.670545645489582 ], [ 28.350395469107895, -12.670545645489582 ], [ 28.350395469107895, -12.670681723750889 ], [ 28.350162116923599, -12.670681723750889 ] ] ] ] } },
{ "type": "Feature", "properties": { "id": "0", "layer": "REMP_siteID17_irrig_01", "path": "C:/Users/hssid/Downloads/REMP_siteID17_irrig_01.geojson" }, "geometry": { "type": "MultiPolygon", "coordinates": [ [ [ [ 28.294392569943501, -12.795178472073978 ], [ 28.294392569943501, -12.794990148487901 ], [ 28.295025571271015, -12.794990148487901 ], [ 28.295025571271015, -12.795178472073978 ], [ 28.294392569943501, -12.795178472073978 ] ] ] ] } },
{ "type": "Feature", "properties": { "id": "1", "layer": "REMP_siteID17_irrig_01", "path": "C:/Users/hssid/Downloads/REMP_siteID17_irrig_01.geojson" }, "geometry": { "type": "MultiPolygon", "coordinates": [ [ [ [ 28.295851691647602, -12.795126159980839 ], [ 28.295851691647602, -12.795011073337749 ], [ 28.296109183713032, -12.795011073337749 ], [ 28.296109183713032, -12.795126159980839 ], [ 28.295851691647602, -12.795126159980839 ] ] ] ] } },
{ "type": "Feature", "properties": { "id": "2", "layer": "REMP_siteID17_irrig_01", "path": "C:/Users/hssid/Downloads/REMP_siteID17_irrig_01.geojson" }, "geometry": { "type": "MultiPolygon", "coordinates": [ [ [ [ 28.296976109526447, -12.792872421174549 ], [ 28.296976109526447, -12.792535004899293 ], [ 28.297587653181843, -12.792535004899293 ], [ 28.297587653181843, -12.792872421174549 ], [ 28.296976109526447, -12.792872421174549 ] ] ] ] } },
{ "type": "Feature", "properties": { "id": "3", "layer": "REMP_siteID17_irrig_01", "path": "C:/Users/hssid/Downloads/REMP_siteID17_irrig_01.geojson" }, "geometry": { "type": "MultiPolygon", "coordinates": [ [ [ [ 28.298472784139491, -12.794570853025881 ], [ 28.298472784139491, -12.794338063567503 ], [ 28.298995814897395, -12.794338063567503 ], [ 28.298995814897395, -12.794570853025881 ], [ 28.298472784139491, -12.794570853025881 ] ] ] ] } },
{ "type": "Feature", "properties": { "id": "4", "layer": "REMP_siteID17_irrig_01", "path": "C:/Users/hssid/Downloads/REMP_siteID17_irrig_01.geojson" }, "geometry": { "type": "MultiPolygon", "coordinates": [ [ [ [ 28.280243832264514, -12.828350115205028 ], [ 28.280243832264514, -12.827675377210666 ], [ 28.280903655682177, -12.827675377210666 ], [ 28.280903655682177, -12.828350115205028 ], [ 28.280243832264514, -12.828350115205028 ] ] ] ] } },
{ "type": "Feature", "properties": { "id": "5", "layer": "REMP_siteID17_irrig_01", "path": "C:/Users/hssid/Downloads/REMP_siteID17_irrig_01.geojson" }, "geometry": { "type": "MultiPolygon", "coordinates": [ [ [ [ 28.280797242759306, -12.825087528458694 ], [ 28.280797242759306, -12.824893996632381 ], [ 28.281011819480497, -12.824893996632381 ], [ 28.281011819480497, -12.825087528458694 ], [ 28.280797242759306, -12.825087528458694 ] ] ] ] } },
{ "type": "Feature", "properties": { "id": "6", "layer": "REMP_siteID17_irrig_01", "path": "C:/Users/hssid/Downloads/REMP_siteID17_irrig_01.geojson" }, "geometry": { "type": "MultiPolygon", "coordinates": [ [ [ [ 28.288422339535853, -12.823087406444516 ], [ 28.288422339535853, -12.82292787219561 ], [ 28.288685196019312, -12.82292787219561 ], [ 28.288685196019312, -12.823087406444516 ], [ 28.288422339535853, -12.823087406444516 ] ] ] ] } },
{ "type": "Feature", "properties": { "id": "7", "layer": "REMP_siteID17_irrig_01", "path": "C:/Users/hssid/Downloads/REMP_siteID17_irrig_01.geojson" }, "geometry": { "type": "MultiPolygon", "coordinates": [ [ [ [ 28.285851108810515, -12.820175371362833 ], [ 28.285851108810515, -12.819981835759982 ], [ 28.286172973892302, -12.819981835759982 ], [ 28.286172973892302, -12.820175371362833 ], [ 28.285851108810515, -12.820175371362833 ] ] ] ] } },
{ "type": "Feature", "properties": { "id": "8", "layer": "REMP_siteID17_irrig_01", "path": "C:/Users/hssid/Downloads/REMP_siteID17_irrig_01.geojson" }, "geometry": { "type": "MultiPolygon", "coordinates": [ [ [ [ 28.286945450088592, -12.820619979616755 ], [ 28.286945450088592, -12.820468289830115 ], [ 28.287256586334319, -12.820468289830115 ], [ 28.287256586334319, -12.820619979616755 ], [ 28.286945450088592, -12.820619979616755 ] ] ] ] } },
{ "type": "Feature", "properties": { "id": "9", "layer": "REMP_siteID17_irrig_01", "path": "C:/Users/hssid/Downloads/REMP_siteID17_irrig_01.geojson" }, "geometry": { "type": "MultiPolygon", "coordinates": [ [ [ [ 28.29807112732956, -12.814077807087562 ], [ 28.29807112732956, -12.813774419541719 ], [ 28.298511009608003, -12.813774419541719 ], [ 28.298511009608003, -12.814077807087562 ], [ 28.29807112732956, -12.814077807087562 ] ] ] ] } },
{ "type": "Feature", "properties": { "id": "10", "layer": "REMP_siteID17_irrig_01", "path": "C:/Users/hssid/Downloads/REMP_siteID17_irrig_01.geojson" }, "geometry": { "type": "MultiPolygon", "coordinates": [ [ [ [ 28.303645857588215, -12.809976669642543 ], [ 28.303645857588215, -12.809728201686731 ], [ 28.303796061293049, -12.809728201686731 ], [ 28.303796061293049, -12.809976669642543 ], [ 28.303645857588215, -12.809976669642543 ] ] ] ] } },
{ "type": "Feature", "properties": { "id": "11", "layer": "REMP_siteID17_irrig_01", "path": "C:/Users/hssid/Downloads/REMP_siteID17_irrig_01.geojson" }, "geometry": { "type": "MultiPolygon", "coordinates": [ [ [ [ 28.302964970922446, -12.808272389469002 ], [ 28.302964970922446, -12.808112845836019 ], [ 28.303034708356833, -12.808112845836019 ], [ 28.303034708356833, -12.808272389469002 ], [ 28.302964970922446, -12.808272389469002 ] ] ] ] } },
{ "type": "Feature", "properties": { "id": "12", "layer": "REMP_siteID17_irrig_01", "path": "C:/Users/hssid/Downloads/REMP_siteID17_irrig_01.geojson" }, "geometry": { "type": "MultiPolygon", "coordinates": [ [ [ [ 28.305597465474793, -12.805356830648991 ], [ 28.305597465474793, -12.805168514663638 ], [ 28.305718164880464, -12.805168514663638 ], [ 28.305718164880464, -12.805356830648991 ], [ 28.305597465474793, -12.805356830648991 ] ] ] ] } },
{ "type": "Feature", "properties": { "id": "13", "layer": "REMP_siteID17_irrig_01", "path": "C:/Users/hssid/Downloads/REMP_siteID17_irrig_01.geojson" }, "geometry": { "type": "MultiPolygon", "coordinates": [ [ [ [ 28.309450573668382, -12.816604059217052 ], [ 28.309450573668382, -12.816475905462964 ], [ 28.309611506209276, -12.816475905462964 ], [ 28.309611506209276, -12.816604059217052 ], [ 28.309450573668382, -12.816604059217052 ] ] ] ] } },
{ "type": "Feature", "properties": { "id": "14", "layer": "REMP_siteID17_irrig_01", "path": "C:/Users/hssid/Downloads/REMP_siteID17_irrig_01.geojson" }, "geometry": { "type": "MultiPolygon", "coordinates": [ [ [ [ 28.310005366692064, -12.812137188801511 ], [ 28.310005366692064, -12.811907030992764 ], [ 28.310284316429613, -12.811907030992764 ], [ 28.310284316429613, -12.812137188801511 ], [ 28.310005366692064, -12.812137188801511 ] ] ] ] } },
{ "type": "Feature", "properties": { "id": "15", "layer": "REMP_siteID17_irrig_01", "path": "C:/Users/hssid/Downloads/REMP_siteID17_irrig_01.geojson" }, "geometry": { "type": "MultiPolygon", "coordinates": [ [ [ [ 28.305726528700578, -12.815066033675622 ], [ 28.305726528700578, -12.814901263545069 ], [ 28.305855274733293, -12.814901263545069 ], [ 28.305855274733293, -12.815066033675622 ], [ 28.305726528700578, -12.815066033675622 ] ] ] ] } },
{ "type": "Feature", "properties": { "id": "0", "layer": "REMP_siteID17_irrig_02", "path": "C:/Users/hssid/Downloads/REMP_siteID17_irrig_02.geojson" }, "geometry": { "type": "MultiPolygon", "coordinates": [ [ [ [ 28.326828151830547, -12.817327927047932 ], [ 28.326828151830547, -12.817223312044044 ], [ 28.326940804609173, -12.817223312044044 ], [ 28.326940804609173, -12.817327927047932 ], [ 28.326828151830547, -12.817327927047932 ] ] ] ] } },
{ "type": "Feature", "properties": { "id": "1", "layer": "REMP_siteID17_irrig_02", "path": "C:/Users/hssid/Downloads/REMP_siteID17_irrig_02.geojson" }, "geometry": { "type": "MultiPolygon", "coordinates": [ [ [ [ 28.32701054204356, -12.817249465799094 ], [ 28.32701054204356, -12.81712915850339 ], [ 28.327273398527019, -12.81712915850339 ], [ 28.327273398527019, -12.817249465799094 ], [ 28.32701054204356, -12.817249465799094 ] ] ] ] } },
{ "type": "Feature", "properties": { "id": "2", "layer": "REMP_siteID17_irrig_02", "path": "C:/Users/hssid/Downloads/REMP_siteID17_irrig_02.geojson" }, "geometry": { "type": "MultiPolygon", "coordinates": [ [ [ [ 28.327133923658245, -12.819153451869738 ], [ 28.327133923658245, -12.81899653048519 ], [ 28.327305585035198, -12.81899653048519 ], [ 28.327305585035198, -12.819153451869738 ], [ 28.327133923658245, -12.819153451869738 ] ] ] ] } },
{ "type": "Feature", "properties": { "id": "3", "layer": "REMP_siteID17_irrig_02", "path": "C:/Users/hssid/Downloads/REMP_siteID17_irrig_02.geojson" }, "geometry": { "type": "MultiPolygon", "coordinates": [ [ [ [ 28.325991302617901, -12.821162036954348 ], [ 28.325991302617901, -12.820874349969699 ], [ 28.326157599576824, -12.820874349969699 ], [ 28.326157599576824, -12.821162036954348 ], [ 28.325991302617901, -12.821162036954348 ] ] ] ] } },
{ "type": "Feature", "properties": { "id": "4", "layer": "REMP_siteID17_irrig_02", "path": "C:/Users/hssid/Downloads/REMP_siteID17_irrig_02.geojson" }, "geometry": { "type": "MultiPolygon", "coordinates": [ [ [ [ 28.325095444806927, -12.823280449172382 ], [ 28.325095444806927, -12.823029379025922 ], [ 28.325208097585552, -12.823029379025922 ], [ 28.325208097585552, -12.823280449172382 ], [ 28.325095444806927, -12.823280449172382 ] ] ] ] } },
{ "type": "Feature", "properties": { "id": "5", "layer": "REMP_siteID17_irrig_02", "path": "C:/Users/hssid/Downloads/REMP_siteID17_irrig_02.geojson" }, "geometry": { "type": "MultiPolygon", "coordinates": [ [ [ [ 28.321553719158487, -12.820738984513001 ], [ 28.321553719158487, -12.820330991278984 ], [ 28.321773660297708, -12.820330991278984 ], [ 28.321773660297708, -12.820738984513001 ], [ 28.321553719158487, -12.820738984513001 ] ] ] ] } },
{ "type": "Feature", "properties": { "id": "6", "layer": "REMP_siteID17_irrig_02", "path": "C:/Users/hssid/Downloads/REMP_siteID17_irrig_02.geojson" }, "geometry": { "type": "MultiPolygon", "coordinates": [ [ [ [ 28.321270759121447, -12.850312095387547 ], [ 28.321270759121447, -12.849867539626876 ], [ 28.321501429096728, -12.849867539626876 ], [ 28.321501429096728, -12.850312095387547 ], [ 28.321270759121447, -12.850312095387547 ] ] ] ] } },
{ "type": "Feature", "properties": { "id": "7", "layer": "REMP_siteID17_irrig_02", "path": "C:/Users/hssid/Downloads/REMP_siteID17_irrig_02.geojson" }, "geometry": { "type": "MultiPolygon", "coordinates": [ [ [ [ 28.321522886768847, -12.851902029550855 ], [ 28.321522886768847, -12.851635297877436 ], [ 28.321887667194872, -12.851635297877436 ], [ 28.321887667194872, -12.851902029550855 ], [ 28.321522886768847, -12.851902029550855 ] ] ] ] } },
{ "type": "Feature", "properties": { "id": "8", "layer": "REMP_siteID17_irrig_02", "path": "C:/Users/hssid/Downloads/REMP_siteID17_irrig_02.geojson" }, "geometry": { "type": "MultiPolygon", "coordinates": [ [ [ [ 28.322289998547106, -12.851467936682795 ], [ 28.322289998547106, -12.851159364187804 ], [ 28.32269232989934, -12.851159364187804 ], [ 28.32269232989934, -12.851467936682795 ], [ 28.322289998547106, -12.851467936682795 ] ] ] ] } },
{ "type": "Feature", "properties": { "id": "9", "layer": "REMP_siteID17_irrig_02", "path": "C:/Users/hssid/Downloads/REMP_siteID17_irrig_02.geojson" }, "geometry": { "type": "MultiPolygon", "coordinates": [ [ [ [ 28.321769649998217, -12.851253504989181 ], [ 28.321769649998217, -12.851028613016252 ], [ 28.322134430424242, -12.851028613016252 ], [ 28.322134430424242, -12.851253504989181 ], [ 28.321769649998217, -12.851253504989181 ] ] ] ] } },
{ "type": "Feature", "properties": { "id": "10", "layer": "REMP_siteID17_irrig_02", "path": "C:/Users/hssid/Downloads/REMP_siteID17_irrig_02.geojson" }, "geometry": { "type": "MultiPolygon", "coordinates": [ [ [ [ 28.32168381930974, -12.851546387256674 ], [ 28.32168381930974, -12.85131103546154 ], [ 28.322123701588183, -12.85131103546154 ], [ 28.322123701588183, -12.851546387256674 ], [ 28.32168381930974, -12.851546387256674 ] ] ] ] } },
{ "type": "Feature", "properties": { "id": "11", "layer": "REMP_siteID17_irrig_02", "path": "C:/Users/hssid/Downloads/REMP_siteID17_irrig_02.geojson" }, "geometry": { "type": "MultiPolygon", "coordinates": [ [ [ [ 28.317408135779072, -12.841101853846268 ], [ 28.317408135779072, -12.840997248727264 ], [ 28.317518106348682, -12.840997248727264 ], [ 28.317518106348682, -12.841101853846268 ], [ 28.317408135779072, -12.841101853846268 ] ] ] ] } },
{ "type": "Feature", "properties": { "id": "12", "layer": "REMP_siteID17_irrig_02", "path": "C:/Users/hssid/Downloads/REMP_siteID17_irrig_02.geojson" }, "geometry": { "type": "MultiPolygon", "coordinates": [ [ [ [ 28.318472972757984, -12.841733406327398 ], [ 28.318472972757984, -12.841571268781774 ], [ 28.318588307745625, -12.841571268781774 ], [ 28.318588307745625, -12.841733406327398 ], [ 28.318472972757984, -12.841733406327398 ] ] ] ] } },
{ "type": "Feature", "properties": { "id": "13", "layer": "REMP_siteID17_irrig_02", "path": "C:/Users/hssid/Downloads/REMP_siteID17_irrig_02.geojson" }, "geometry": { "type": "MultiPolygon", "coordinates": [ [ [ [ 28.31700774024706, -12.840989616317005 ], [ 28.31700774024706, -12.840769945418739 ], [ 28.317203541505148, -12.840769945418739 ], [ 28.317203541505148, -12.840989616317005 ], [ 28.31700774024706, -12.840989616317005 ] ] ] ] } },
{ "type": "Feature", "properties": { "id": "14", "layer": "REMP_siteID17_irrig_02", "path": "C:/Users/hssid/Downloads/REMP_siteID17_irrig_02.geojson" }, "geometry": { "type": "MultiPolygon", "coordinates": [ [ [ [ 28.317434812170568, -12.837232271467798 ], [ 28.317434812170568, -12.837157739177734 ], [ 28.317504549604955, -12.837157739177734 ], [ 28.317504549604955, -12.837232271467798 ], [ 28.317434812170568, -12.837232271467798 ] ] ] ] } },
{ "type": "Feature", "properties": { "id": "15", "layer": "REMP_siteID17_irrig_02", "path": "C:/Users/hssid/Downloads/REMP_siteID17_irrig_02.geojson" }, "geometry": { "type": "MultiPolygon", "coordinates": [ [ [ [ 28.317291313988271, -12.837300265818408 ], [ 28.317291313988271, -12.837238809386928 ], [ 28.3173865324083, -12.837238809386928 ], [ 28.3173865324083, -12.837300265818408 ], [ 28.317291313988271, -12.837300265818408 ] ] ] ] } },
{ "type": "Feature", "properties": { "id": "0", "layer": "REMP_siteID17_irrig_03", "path": "C:/Users/hssid/Downloads/REMP_siteID17_irrig_03.geojson" }, "geometry": { "type": "MultiPolygon", "coordinates": [ [ [ [ 28.327095863456375, -12.848916755187091 ], [ 28.327095863456375, -12.848686631024972 ], [ 28.327307757968551, -12.848686631024972 ], [ 28.327307757968551, -12.848916755187091 ], [ 28.327095863456375, -12.848916755187091 ] ] ] ] } },
{ "type": "Feature", "properties": { "id": "1", "layer": "REMP_siteID17_irrig_03", "path": "C:/Users/hssid/Downloads/REMP_siteID17_irrig_03.geojson" }, "geometry": { "type": "MultiPolygon", "coordinates": [ [ [ [ 28.327331897849685, -12.848736316941464 ], [ 28.327331897849685, -12.848629099951502 ], [ 28.327436504001266, -12.848629099951502 ], [ 28.327436504001266, -12.848736316941464 ], [ 28.327331897849685, -12.848736316941464 ] ] ] ] } },
{ "type": "Feature", "properties": { "id": "2", "layer": "REMP_siteID17_irrig_03", "path": "C:/Users/hssid/Downloads/REMP_siteID17_irrig_03.geojson" }, "geometry": { "type": "MultiPolygon", "coordinates": [ [ [ [ 28.329391834373123, -12.847946571210889 ], [ 28.329391834373123, -12.847855044227273 ], [ 28.329584953422195, -12.847855044227273 ], [ 28.329584953422195, -12.847946571210889 ], [ 28.329391834373123, -12.847946571210889 ] ] ] ] } },
{ "type": "Feature", "properties": { "id": "3", "layer": "REMP_siteID17_irrig_03", "path": "C:/Users/hssid/Downloads/REMP_siteID17_irrig_03.geojson" }, "geometry": { "type": "MultiPolygon", "coordinates": [ [ [ [ 28.329635915393478, -12.847692910631567 ], [ 28.329635915393478, -12.847601383555524 ], [ 28.329732474918014, -12.847601383555524 ], [ 28.329732474918014, -12.847692910631567 ], [ 28.329635915393478, -12.847692910631567 ] ] ] ] } },
{ "type": "Feature", "properties": { "id": "4", "layer": "REMP_siteID17_irrig_03", "path": "C:/Users/hssid/Downloads/REMP_siteID17_irrig_03.geojson" }, "geometry": { "type": "MultiPolygon", "coordinates": [ [ [ [ 28.333187876406996, -12.842368915752418 ], [ 28.333187876406996, -12.842060332081784 ], [ 28.33333808011183, -12.842060332081784 ], [ 28.33333808011183, -12.842368915752418 ], [ 28.333187876406996, -12.842368915752418 ] ] ] ] } },
{ "type": "Feature", "properties": { "id": "5", "layer": "REMP_siteID17_irrig_03", "path": "C:/Users/hssid/Downloads/REMP_siteID17_irrig_03.geojson" }, "geometry": { "type": "MultiPolygon", "coordinates": [ [ [ [ 28.332485137645094, -12.839889775219323 ], [ 28.332485137645094, -12.839565497645081 ], [ 28.332710443202345, -12.839565497645081 ], [ 28.332710443202345, -12.839889775219323 ], [ 28.332485137645094, -12.839889775219323 ] ] ] ] } },
{ "type": "Feature", "properties": { "id": "6", "layer": "REMP_siteID17_irrig_03", "path": "C:/Users/hssid/Downloads/REMP_siteID17_irrig_03.geojson" }, "geometry": { "type": "MultiPolygon", "coordinates": [ [ [ [ 28.333220062915174, -12.839335364919281 ], [ 28.333220062915174, -12.83900062603292 ], [ 28.333515105906812, -12.83900062603292 ], [ 28.333515105906812, -12.839335364919281 ], [ 28.333220062915174, -12.839335364919281 ] ] ] ] } },
{ "type": "Feature", "properties": { "id": "7", "layer": "REMP_siteID17_irrig_03", "path": "C:/Users/hssid/Downloads/REMP_siteID17_irrig_03.geojson" }, "geometry": { "type": "MultiPolygon", "coordinates": [ [ [ [ 28.333059130374281, -12.838247461909035 ], [ 28.333059130374281, -12.838012097657588 ], [ 28.333203969661085, -12.838012097657588 ], [ 28.333203969661085, -12.838247461909035 ], [ 28.333059130374281, -12.838247461909035 ] ] ] ] } },
{ "type": "Feature", "properties": { "id": "8", "layer": "REMP_siteID17_irrig_03", "path": "C:/Users/hssid/Downloads/REMP_siteID17_irrig_03.geojson" }, "geometry": { "type": "MultiPolygon", "coordinates": [ [ [ [ 28.334193369207174, -12.839608703508345 ], [ 28.334193369207174, -12.839483176614682 ], [ 28.334643980321676, -12.839483176614682 ], [ 28.334643980321676, -12.839608703508345 ], [ 28.334193369207174, -12.839608703508345 ] ] ] ] } },
{ "type": "Feature", "properties": { "id": "9", "layer": "REMP_siteID17_irrig_03", "path": "C:/Users/hssid/Downloads/REMP_siteID17_irrig_03.geojson" }, "geometry": { "type": "MultiPolygon", "coordinates": [ [ [ [ 28.334426257199148, -12.843153142209166 ], [ 28.334426257199148, -12.842943933635107 ], [ 28.334549638813833, -12.842943933635107 ], [ 28.334549638813833, -12.843153142209166 ], [ 28.334426257199148, -12.843153142209166 ] ] ] ] } },
{ "type": "Feature", "properties": { "id": "0", "layer": "REMP_siteID17_irrig_04", "path": "C:/Users/hssid/Downloads/REMP_siteID17_irrig_04.geojson" }, "geometry": { "type": "MultiPolygon", "coordinates": [ [ [ [ 28.301670875448707, -12.764485586887101 ], [ 28.301670875448707, -12.764380949976582 ], [ 28.301770117182258, -12.764380949976582 ], [ 28.301770117182258, -12.764485586887101 ], [ 28.301670875448707, -12.764485586887101 ] ] ] ] } },
{ "type": "Feature", "properties": { "id": "1", "layer": "REMP_siteID17_irrig_04", "path": "C:/Users/hssid/Downloads/REMP_siteID17_irrig_04.geojson" }, "geometry": { "type": "MultiPolygon", "coordinates": [ [ [ [ 28.301786210436347, -12.764592839675453 ], [ 28.301786210436347, -12.764469891353281 ], [ 28.301912274260047, -12.764469891353281 ], [ 28.301912274260047, -12.764592839675453 ], [ 28.301786210436347, -12.764592839675453 ] ] ] ] } },
{ "type": "Feature", "properties": { "id": "2", "layer": "REMP_siteID17_irrig_04", "path": "C:/Users/hssid/Downloads/REMP_siteID17_irrig_04.geojson" }, "geometry": { "type": "MultiPolygon", "coordinates": [ [ [ [ 28.301252450842384, -12.765393310269111 ], [ 28.301252450842384, -12.765220659963212 ], [ 28.301609184641364, -12.765220659963212 ], [ 28.301609184641364, -12.765393310269111 ], [ 28.301252450842384, -12.765393310269111 ] ] ] ] } },
{ "type": "Feature", "properties": { "id": "3", "layer": "REMP_siteID17_irrig_04", "path": "C:/Users/hssid/Downloads/REMP_siteID17_irrig_04.geojson" }, "geometry": { "type": "MultiPolygon", "coordinates": [ [ [ [ 28.301440205473426, -12.766314109909906 ], [ 28.301440205473426, -12.76621470556467 ], [ 28.301617231268409, -12.76621470556467 ], [ 28.301617231268409, -12.766314109909906 ], [ 28.301440205473426, -12.766314109909906 ] ] ] ] } },
{ "type": "Feature", "properties": { "id": "4", "layer": "REMP_siteID17_irrig_04", "path": "C:/Users/hssid/Downloads/REMP_siteID17_irrig_04.geojson" }, "geometry": { "type": "MultiPolygon", "coordinates": [ [ [ [ 28.30133057294529, -12.768736364877403 ], [ 28.30133057294529, -12.768663120275832 ], [ 28.301462001187019, -12.768663120275832 ], [ 28.301462001187019, -12.768736364877403 ], [ 28.30133057294529, -12.768736364877403 ] ] ] ] } },
{ "type": "Feature", "properties": { "id": "5", "layer": "REMP_siteID17_irrig_04", "path": "C:/Users/hssid/Downloads/REMP_siteID17_irrig_04.geojson" }, "geometry": { "type": "MultiPolygon", "coordinates": [ [ [ [ 28.307857212870278, -12.770891189809033 ], [ 28.307857212870278, -12.770833640971542 ], [ 28.307894763796487, -12.770833640971542 ], [ 28.307894763796487, -12.770891189809033 ], [ 28.307857212870278, -12.770891189809033 ] ] ] ] } },
{ "type": "Feature", "properties": { "id": "6", "layer": "REMP_siteID17_irrig_04", "path": "C:/Users/hssid/Downloads/REMP_siteID17_irrig_04.geojson" }, "geometry": { "type": "MultiPolygon", "coordinates": [ [ [ [ 28.309123215525307, -12.771341116632268 ], [ 28.309123215525307, -12.771163238681583 ], [ 28.309327063410439, -12.771163238681583 ], [ 28.309327063410439, -12.771341116632268 ], [ 28.309123215525307, -12.771341116632268 ] ] ] ] } },
{ "type": "Feature", "properties": { "id": "7", "layer": "REMP_siteID17_irrig_04", "path": "C:/Users/hssid/Downloads/REMP_siteID17_irrig_04.geojson" }, "geometry": { "type": "MultiPolygon", "coordinates": [ [ [ [ 28.310337404892717, -12.772378753813197 ], [ 28.310337404892717, -12.772360335552731 ], [ 28.310364846526284, -12.772360335552731 ], [ 28.310364846526284, -12.772378753813197 ], [ 28.310337404892717, -12.772378753813197 ] ] ] ] } },
{ "type": "Feature", "properties": { "id": "8", "layer": "REMP_siteID17_irrig_04", "path": "C:/Users/hssid/Downloads/REMP_siteID17_irrig_04.geojson" }, "geometry": { "type": "MultiPolygon", "coordinates": [ [ [ [ 28.313251563282837, -12.792657396143509 ], [ 28.313251563282837, -12.792555386532589 ], [ 28.313389697047104, -12.792555386532589 ], [ 28.313389697047104, -12.792657396143509 ], [ 28.313251563282837, -12.792657396143509 ] ] ] ] } },
{ "type": "Feature", "properties": { "id": "9", "layer": "REMP_siteID17_irrig_04", "path": "C:/Users/hssid/Downloads/REMP_siteID17_irrig_04.geojson" }, "geometry": { "type": "MultiPolygon", "coordinates": [ [ [ [ 28.335973533681205, -12.779461024677605 ], [ 28.335973533681205, -12.77927530513532 ], [ 28.336075457623771, -12.77927530513532 ], [ 28.336075457623771, -12.779461024677605 ], [ 28.335973533681205, -12.779461024677605 ] ] ] ] } },
{ "type": "Feature", "properties": { "id": "10", "layer": "REMP_siteID17_irrig_04", "path": "C:/Users/hssid/Downloads/REMP_siteID17_irrig_04.geojson" }, "geometry": { "type": "MultiPolygon", "coordinates": [ [ [ [ 28.326670822062816, -12.799589481927489 ], [ 28.326670822062816, -12.799364543783579 ], [ 28.327148255267467, -12.799364543783579 ], [ 28.327148255267467, -12.799589481927489 ], [ 28.326670822062816, -12.799589481927489 ] ] ] ] } },
{ "type": "Feature", "properties": { "id": "11", "layer": "REMP_siteID17_irrig_04", "path": "C:/Users/hssid/Downloads/REMP_siteID17_irrig_04.geojson" }, "geometry": { "type": "MultiPolygon", "coordinates": [ [ [ [ 28.327201899447765, -12.800018433180734 ], [ 28.327201899447765, -12.799537170749142 ], [ 28.328049477496471, -12.799537170749142 ], [ 28.328049477496471, -12.800018433180734 ], [ 28.327201899447765, -12.800018433180734 ] ] ] ] } },
{ "type": "Feature", "properties": { "id": "12", "layer": "REMP_siteID17_irrig_04", "path": "C:/Users/hssid/Downloads/REMP_siteID17_irrig_04.geojson" }, "geometry": { "type": "MultiPolygon", "coordinates": [ [ [ [ 28.33843859510479, -12.774826508547916 ], [ 28.33843859510479, -12.774677407036295 ], [ 28.33857538776455, -12.774677407036295 ], [ 28.33857538776455, -12.774826508547916 ], [ 28.33843859510479, -12.774826508547916 ] ] ] ] } },
{ "type": "Feature", "properties": { "id": "13", "layer": "REMP_siteID17_irrig_04", "path": "C:/Users/hssid/Downloads/REMP_siteID17_irrig_04.geojson" }, "geometry": { "type": "MultiPolygon", "coordinates": [ [ [ [ 28.338293755817986, -12.774931141135131 ], [ 28.338293755817986, -12.774842203438766 ], [ 28.33843859510479, -12.774842203438766 ], [ 28.33843859510479, -12.774931141135131 ], [ 28.338293755817986, -12.774931141135131 ] ] ] ] } },
{ "type": "Feature", "properties": { "id": "14", "layer": "REMP_siteID17_irrig_04", "path": "C:/Users/hssid/Downloads/REMP_siteID17_irrig_04.geojson" }, "geometry": { "type": "MultiPolygon", "coordinates": [ [ [ [ 28.354449522479221, -12.769537619604145 ], [ 28.354449522479221, -12.769160934049582 ], [ 28.355050337298557, -12.769160934049582 ], [ 28.355050337298557, -12.769537619604145 ], [ 28.354449522479221, -12.769537619604145 ] ] ] ] } },
{ "type": "Feature", "properties": { "id": "15", "layer": "REMP_siteID17_irrig_04", "path": "C:/Users/hssid/Downloads/REMP_siteID17_irrig_04.geojson" }, "geometry": { "type": "MultiPolygon", "coordinates": [ [ [ [ 28.360233352790189, -12.762340466698257 ], [ 28.360233352790189, -12.761989929904802 ], [ 28.360474751601529, -12.761989929904802 ], [ 28.360474751601529, -12.762340466698257 ], [ 28.360233352790189, -12.762340466698257 ] ] ] ] } },
{ "type": "Feature", "properties": { "id": "16", "layer": "REMP_siteID17_irrig_04", "path": "C:/Users/hssid/Downloads/REMP_siteID17_irrig_04.geojson" }, "geometry": { "type": "MultiPolygon", "coordinates": [ [ [ [ 28.360903905043912, -12.762518350855412 ], [ 28.360903905043912, -12.762209669444081 ], [ 28.361080930838895, -12.762209669444081 ], [ 28.361080930838895, -12.762518350855412 ], [ 28.360903905043912, -12.762518350855412 ] ] ] ] } },
{ "type": "Feature", "properties": { "id": "17", "layer": "REMP_siteID17_irrig_04", "path": "C:/Users/hssid/Downloads/REMP_siteID17_irrig_04.geojson" }, "geometry": { "type": "MultiPolygon", "coordinates": [ [ [ [ 28.340049443530397, -12.782293959634963 ], [ 28.340049443530397, -12.782184098619222 ], [ 28.34022110490735, -12.782184098619222 ], [ 28.34022110490735, -12.782293959634963 ], [ 28.340049443530397, -12.782293959634963 ] ] ] ] } },
{ "type": "Feature", "properties": { "id": "18", "layer": "REMP_siteID17_irrig_04", "path": "C:/Users/hssid/Downloads/REMP_siteID17_irrig_04.geojson" }, "geometry": { "type": "MultiPolygon", "coordinates": [ [ [ [ 28.340516147898988, -12.78250845005177 ], [ 28.340516147898988, -12.782393357655655 ], [ 28.340703902530031, -12.782393357655655 ], [ 28.340703902530031, -12.78250845005177 ], [ 28.340516147898988, -12.78250845005177 ] ] ] ] } },
{ "type": "Feature", "properties": { "id": "19", "layer": "REMP_siteID17_irrig_04", "path": "C:/Users/hssid/Downloads/REMP_siteID17_irrig_04.geojson" }, "geometry": { "type": "MultiPolygon", "coordinates": [ [ [ [ 28.341610489177064, -12.783533816356526 ], [ 28.341610489177064, -12.783371641350801 ], [ 28.341798243808107, -12.783371641350801 ], [ 28.341798243808107, -12.783533816356526 ], [ 28.341610489177064, -12.783533816356526 ] ] ] ] } },
{ "type": "Feature", "properties": { "id": "20", "layer": "REMP_siteID17_irrig_04", "path": "C:/Users/hssid/Downloads/REMP_siteID17_irrig_04.geojson" }, "geometry": { "type": "MultiPolygon", "coordinates": [ [ [ [ 28.342971749569791, -12.784840153919252 ], [ 28.342971749569791, -12.784709368309034 ], [ 28.343084402348417, -12.784709368309034 ], [ 28.343084402348417, -12.784840153919252 ], [ 28.342971749569791, -12.784840153919252 ] ] ] ] } },
{ "type": "Feature", "properties": { "id": "21", "layer": "REMP_siteID17_irrig_04", "path": "C:/Users/hssid/Downloads/REMP_siteID17_irrig_04.geojson" }, "geometry": { "type": "MultiPolygon", "coordinates": [ [ [ [ 28.345568127896207, -12.787000722396039 ], [ 28.345568127896207, -12.786948408607755 ], [ 28.34575051810922, -12.786948408607755 ], [ 28.34575051810922, -12.787000722396039 ], [ 28.345568127896207, -12.787000722396039 ] ] ] ] } },
{ "type": "Feature", "properties": { "id": "22", "layer": "REMP_siteID17_irrig_04", "path": "C:/Users/hssid/Downloads/REMP_siteID17_irrig_04.geojson" }, "geometry": { "type": "MultiPolygon", "coordinates": [ [ [ [ 28.361015758487021, -12.790916576971767 ], [ 28.361015758487021, -12.790751791058412 ], [ 28.361211559745108, -12.790751791058412 ], [ 28.361211559745108, -12.790916576971767 ], [ 28.361015758487021, -12.790916576971767 ] ] ] ] } },
{ "type": "Feature", "properties": { "id": "23", "layer": "REMP_siteID17_irrig_04", "path": "C:/Users/hssid/Downloads/REMP_siteID17_irrig_04.geojson" }, "geometry": { "type": "MultiPolygon", "coordinates": [ [ [ [ 28.361828467818533, -12.791217376377398 ], [ 28.361828467818533, -12.791167679109011 ], [ 28.361984035941397, -12.791167679109011 ], [ 28.361984035941397, -12.791217376377398 ], [ 28.361828467818533, -12.791217376377398 ] ] ] ] } },
{ "type": "Feature", "properties": { "id": "24", "layer": "REMP_siteID17_irrig_04", "path": "C:/Users/hssid/Downloads/REMP_siteID17_irrig_04.geojson" }, "geometry": { "type": "MultiPolygon", "coordinates": [ [ [ [ 28.362375638457571, -12.79104997501328 ], [ 28.362375638457571, -12.790945349104337 ], [ 28.362667999240195, -12.790945349104337 ], [ 28.362667999240195, -12.79104997501328 ], [ 28.362375638457571, -12.79104997501328 ] ] ] ] } },
{ "type": "Feature", "properties": { "id": "25", "layer": "REMP_siteID17_irrig_04", "path": "C:/Users/hssid/Downloads/REMP_siteID17_irrig_04.geojson" }, "geometry": { "type": "MultiPolygon", "coordinates": [ [ [ [ 28.362871847125326, -12.790979352529497 ], [ 28.362871847125326, -12.790838107502644 ], [ 28.362965724440848, -12.790838107502644 ], [ 28.362965724440848, -12.790979352529497 ], [ 28.362871847125326, -12.790979352529497 ] ] ] ] } },
{ "type": "Feature", "properties": { "id": "26", "layer": "REMP_siteID17_irrig_04", "path": "C:/Users/hssid/Downloads/REMP_siteID17_irrig_04.geojson" }, "geometry": { "type": "MultiPolygon", "coordinates": [ [ [ [ 28.374134801018219, -12.785727978799743 ], [ 28.374134801018219, -12.785288540426023 ], [ 28.374617598640899, -12.785288540426023 ], [ 28.374617598640899, -12.785727978799743 ], [ 28.374134801018219, -12.785727978799743 ] ] ] ] } },
{ "type": "Feature", "properties": { "id": "27", "layer": "REMP_siteID17_irrig_04", "path": "C:/Users/hssid/Downloads/REMP_siteID17_irrig_04.geojson" }, "geometry": { "type": "MultiPolygon", "coordinates": [ [ [ [ 28.379612217251637, -12.767360366504555 ], [ 28.379612217251637, -12.767198181118502 ], [ 28.379746327702382, -12.767198181118502 ], [ 28.379746327702382, -12.767360366504555 ], [ 28.379612217251637, -12.767360366504555 ] ] ] ] } },
{ "type": "Feature", "properties": { "id": "28", "layer": "REMP_siteID17_irrig_04", "path": "C:/Users/hssid/Downloads/REMP_siteID17_irrig_04.geojson" }, "geometry": { "type": "MultiPolygon", "coordinates": [ [ [ [ 28.392371465719055, -12.770203170160663 ], [ 28.392371465719055, -12.770103767344422 ], [ 28.392548491514038, -12.770103767344422 ], [ 28.392548491514038, -12.770203170160663 ], [ 28.392371465719055, -12.770203170160663 ] ] ] ] } },
{ "type": "Feature", "properties": { "id": "29", "layer": "REMP_siteID17_irrig_04", "path": "C:/Users/hssid/Downloads/REMP_siteID17_irrig_04.geojson" }, "geometry": { "type": "MultiPolygon", "coordinates": [ [ [ [ 28.391800006548351, -12.770833999954451 ], [ 28.391800006548351, -12.770671816796735 ], [ 28.391998490015453, -12.770671816796735 ], [ 28.391998490015453, -12.770833999954451 ], [ 28.391800006548351, -12.770833999954451 ] ] ] ] } },
{ "type": "Feature", "properties": { "id": "30", "layer": "REMP_siteID17_irrig_04", "path": "C:/Users/hssid/Downloads/REMP_siteID17_irrig_04.geojson" }, "geometry": { "type": "MultiPolygon", "coordinates": [ [ [ [ 28.390614658154831, -12.772018703212074 ], [ 28.390614658154831, -12.771940227871394 ], [ 28.390716582097397, -12.771940227871394 ], [ 28.390716582097397, -12.772018703212074 ], [ 28.390614658154831, -12.772018703212074 ] ] ] ] } },
{ "type": "Feature", "properties": { "id": "31", "layer": "REMP_siteID17_irrig_04", "path": "C:/Users/hssid/Downloads/REMP_siteID17_irrig_04.geojson" }, "geometry": { "type": "MultiPolygon", "coordinates": [ [ [ [ 28.388463347367356, -12.772616177914907 ], [ 28.388463347367356, -12.772467075099248 ], [ 28.388677924088547, -12.772467075099248 ], [ 28.388677924088547, -12.772616177914907 ], [ 28.388463347367356, -12.772616177914907 ] ] ] ] } },
{ "type": "Feature", "properties": { "id": "32", "layer": "REMP_siteID17_irrig_04", "path": "C:/Users/hssid/Downloads/REMP_siteID17_irrig_04.geojson" }, "geometry": { "type": "MultiPolygon", "coordinates": [ [ [ [ 28.387618451527665, -12.772940541631138 ], [ 28.387618451527665, -12.77276789647915 ], [ 28.387991278580735, -12.77276789647915 ], [ 28.387991278580735, -12.772940541631138 ], [ 28.387618451527665, -12.772940541631138 ] ] ] ] } },
{ "type": "Feature", "properties": { "id": "33", "layer": "REMP_siteID17_irrig_04", "path": "C:/Users/hssid/Downloads/REMP_siteID17_irrig_04.geojson" }, "geometry": { "type": "MultiPolygon", "coordinates": [ [ [ [ 28.387639909199784, -12.773238746615872 ], [ 28.387639909199784, -12.773026864162905 ], [ 28.387913494519303, -12.773026864162905 ], [ 28.387913494519303, -12.773238746615872 ], [ 28.387639909199784, -12.773238746615872 ] ] ] ] } },
{ "type": "Feature", "properties": { "id": "34", "layer": "REMP_siteID17_irrig_04", "path": "C:/Users/hssid/Downloads/REMP_siteID17_irrig_04.geojson" }, "geometry": { "type": "MultiPolygon", "coordinates": [ [ [ [ 28.386141305941539, -12.775108550418423 ], [ 28.386141305941539, -12.774823426716633 ], [ 28.386522179621654, -12.774823426716633 ], [ 28.386522179621654, -12.775108550418423 ], [ 28.386141305941539, -12.775108550418423 ] ] ] ] } },
{ "type": "Feature", "properties": { "id": "35", "layer": "REMP_siteID17_irrig_04", "path": "C:/Users/hssid/Downloads/REMP_siteID17_irrig_04.geojson" }, "geometry": { "type": "MultiPolygon", "coordinates": [ [ [ [ 28.385637050646739, -12.77549830615086 ], [ 28.385637050646739, -12.775022228597702 ], [ 28.386025970953899, -12.775022228597702 ], [ 28.386025970953899, -12.77549830615086 ], [ 28.385637050646739, -12.77549830615086 ] ] ] ] } },
{ "type": "Feature", "properties": { "id": "36", "layer": "REMP_siteID17_irrig_04", "path": "C:/Users/hssid/Downloads/REMP_siteID17_irrig_04.geojson" }, "geometry": { "type": "MultiPolygon", "coordinates": [ [ [ [ 28.387155180949168, -12.774836505792562 ], [ 28.387155180949168, -12.774588003234147 ], [ 28.387391215342479, -12.774588003234147 ], [ 28.387391215342479, -12.774836505792562 ], [ 28.387155180949168, -12.774836505792562 ] ] ] ] } },
{ "type": "Feature", "properties": { "id": "37", "layer": "REMP_siteID17_irrig_04", "path": "C:/Users/hssid/Downloads/REMP_siteID17_irrig_04.geojson" }, "geometry": { "type": "MultiPolygon", "coordinates": [ [ [ [ 28.383883996661723, -12.776267688131405 ], [ 28.383883996661723, -12.776108124262565 ], [ 28.384109302218974, -12.776108124262565 ], [ 28.384109302218974, -12.776267688131405 ], [ 28.383883996661723, -12.776267688131405 ] ] ] ] } },
{ "type": "Feature", "properties": { "id": "38", "layer": "REMP_siteID17_irrig_04", "path": "C:/Users/hssid/Downloads/REMP_siteID17_irrig_04.geojson" }, "geometry": { "type": "MultiPolygon", "coordinates": [ [ [ [ 28.384272916968882, -12.775969486720941 ], [ 28.384272916968882, -12.775891012607064 ], [ 28.384527726825297, -12.775891012607064 ], [ 28.384527726825297, -12.775969486720941 ], [ 28.384272916968882, -12.775969486720941 ] ] ] ] } },
{ "type": "Feature", "properties": { "id": "0", "layer": "REMP_siteID17_irrig_05", "path": "C:/Users/hssid/Downloads/REMP_siteID17_irrig_05.geojson" }, "geometry": { "type": "MultiPolygon", "coordinates": [ [ [ [ 28.348099356465355, -12.832769864500778 ], [ 28.348099356465355, -12.832547571204833 ], [ 28.348324662022605, -12.832547571204833 ], [ 28.348324662022605, -12.832769864500778 ], [ 28.348099356465355, -12.832769864500778 ] ] ] ] } },
{ "type": "Feature", "properties": { "id": "1", "layer": "REMP_siteID17_irrig_05", "path": "C:/Users/hssid/Downloads/REMP_siteID17_irrig_05.geojson" }, "geometry": { "type": "MultiPolygon", "coordinates": [ [ [ [ 28.347777491383567, -12.833041846619158 ], [ 28.347777491383567, -12.832879703468597 ], [ 28.348123496346489, -12.832879703468597 ], [ 28.348123496346489, -12.833041846619158 ], [ 28.347777491383567, -12.833041846619158 ] ] ] ] } },
{ "type": "Feature", "properties": { "id": "2", "layer": "REMP_siteID17_irrig_05", "path": "C:/Users/hssid/Downloads/REMP_siteID17_irrig_05.geojson" }, "geometry": { "type": "MultiPolygon", "coordinates": [ [ [ [ 28.34746099071981, -12.833732261444917 ], [ 28.34746099071981, -12.833598886001273 ], [ 28.347726529412284, -12.833598886001273 ], [ 28.347726529412284, -12.833732261444917 ], [ 28.34746099071981, -12.833732261444917 ] ] ] ] } },
{ "type": "Feature", "properties": { "id": "3", "layer": "REMP_siteID17_irrig_05", "path": "C:/Users/hssid/Downloads/REMP_siteID17_irrig_05.geojson" }, "geometry": { "type": "MultiPolygon", "coordinates": [ [ [ [ 28.348938887887016, -12.834234380127763 ], [ 28.348938887887016, -12.834101004950403 ], [ 28.349148100190178, -12.834101004950403 ], [ 28.349148100190178, -12.834234380127763 ], [ 28.348938887887016, -12.834234380127763 ] ] ] ] } },
{ "type": "Feature", "properties": { "id": "4", "layer": "REMP_siteID17_irrig_05", "path": "C:/Users/hssid/Downloads/REMP_siteID17_irrig_05.geojson" }, "geometry": { "type": "MultiPolygon", "coordinates": [ [ [ [ 28.348761862092033, -12.834108850551031 ], [ 28.348761862092033, -12.833993781717318 ], [ 28.348922794632927, -12.833993781717318 ], [ 28.348922794632927, -12.834108850551031 ], [ 28.348761862092033, -12.834108850551031 ] ] ] ] } },
{ "type": "Feature", "properties": { "id": "5", "layer": "REMP_siteID17_irrig_05", "path": "C:/Users/hssid/Downloads/REMP_siteID17_irrig_05.geojson" }, "geometry": { "type": "MultiPolygon", "coordinates": [ [ [ [ 28.346602683835044, -12.832884933894446 ], [ 28.346602683835044, -12.832743712358498 ], [ 28.346822624974266, -12.832743712358498 ], [ 28.346822624974266, -12.832884933894446 ], [ 28.346602683835044, -12.832884933894446 ] ] ] ] } },
{ "type": "Feature", "properties": { "id": "6", "layer": "REMP_siteID17_irrig_05", "path": "C:/Users/hssid/Downloads/REMP_siteID17_irrig_05.geojson" }, "geometry": { "type": "MultiPolygon", "coordinates": [ [ [ [ 28.347275918297782, -12.833248448224056 ], [ 28.347275918297782, -12.832992157600266 ], [ 28.347485130600944, -12.832992157600266 ], [ 28.347485130600944, -12.833248448224056 ], [ 28.347275918297782, -12.833248448224056 ] ] ] ] } },
{ "type": "Feature", "properties": { "id": "7", "layer": "REMP_siteID17_irrig_05", "path": "C:/Users/hssid/Downloads/REMP_siteID17_irrig_05.geojson" }, "geometry": { "type": "MultiPolygon", "coordinates": [ [ [ [ 28.349448507599845, -12.832652179839167 ], [ 28.349448507599845, -12.832563262502754 ], [ 28.349550431542411, -12.832563262502754 ], [ 28.349550431542411, -12.832652179839167 ], [ 28.349448507599845, -12.832652179839167 ] ] ] ] } },
{ "type": "Feature", "properties": { "id": "8", "layer": "REMP_siteID17_irrig_05", "path": "C:/Users/hssid/Downloads/REMP_siteID17_irrig_05.geojson" }, "geometry": { "type": "MultiPolygon", "coordinates": [ [ [ [ 28.34209389048101, -12.818440698498019 ], [ 28.34209389048101, -12.818053624476967 ], [ 28.342590099148765, -12.818053624476967 ], [ 28.342590099148765, -12.818440698498019 ], [ 28.34209389048101, -12.818440698498019 ] ] ] ] } },
{ "type": "Feature", "properties": { "id": "9", "layer": "REMP_siteID17_irrig_05", "path": "C:/Users/hssid/Downloads/REMP_siteID17_irrig_05.geojson" }, "geometry": { "type": "MultiPolygon", "coordinates": [ [ [ [ 28.343322342209831, -12.817771164680705 ], [ 28.343322342209831, -12.817609011691557 ], [ 28.343494003586784, -12.817609011691557 ], [ 28.343494003586784, -12.817771164680705 ], [ 28.343322342209831, -12.817771164680705 ] ] ] ] } },
{ "type": "Feature", "properties": { "id": "10", "layer": "REMP_siteID17_irrig_05", "path": "C:/Users/hssid/Downloads/REMP_siteID17_irrig_05.geojson" }, "geometry": { "type": "MultiPolygon", "coordinates": [ [ [ [ 28.34285563784124, -12.817266397774336 ], [ 28.34285563784124, -12.817083321444283 ], [ 28.343126540951744, -12.817083321444283 ], [ 28.343126540951744, -12.817266397774336 ], [ 28.34285563784124, -12.817266397774336 ] ] ] ] } },
{ "type": "Feature", "properties": { "id": "11", "layer": "REMP_siteID17_irrig_05", "path": "C:/Users/hssid/Downloads/REMP_siteID17_irrig_05.geojson" }, "geometry": { "type": "MultiPolygon", "coordinates": [ [ [ [ 28.342050975136772, -12.817990855660742 ], [ 28.342050975136772, -12.817826087443684 ], [ 28.342195814423576, -12.817826087443684 ], [ 28.342195814423576, -12.817990855660742 ], [ 28.342050975136772, -12.817990855660742 ] ] ] ] } },
{ "type": "Feature", "properties": { "id": "12", "layer": "REMP_siteID17_irrig_05", "path": "C:/Users/hssid/Downloads/REMP_siteID17_irrig_05.geojson" }, "geometry": { "type": "MultiPolygon", "coordinates": [ [ [ [ 28.341659372620597, -12.817988240293056 ], [ 28.341659372620597, -12.817852241136116 ], [ 28.341777389817253, -12.817852241136116 ], [ 28.341777389817253, -12.817988240293056 ], [ 28.341659372620597, -12.817988240293056 ] ] ] ] } },
{ "type": "Feature", "properties": { "id": "13", "layer": "REMP_siteID17_irrig_05", "path": "C:/Users/hssid/Downloads/REMP_siteID17_irrig_05.geojson" }, "geometry": { "type": "MultiPolygon", "coordinates": [ [ [ [ 28.343118494324699, -12.818283776669313 ], [ 28.343118494324699, -12.817852241136116 ], [ 28.343367939763084, -12.817852241136116 ], [ 28.343367939763084, -12.818283776669313 ], [ 28.343118494324699, -12.818283776669313 ] ] ] ] } },
{ "type": "Feature", "properties": { "id": "14", "layer": "REMP_siteID17_irrig_05", "path": "C:/Users/hssid/Downloads/REMP_siteID17_irrig_05.geojson" }, "geometry": { "type": "MultiPolygon", "coordinates": [ [ [ [ 28.34310240107061, -12.81869177322057 ], [ 28.34310240107061, -12.818521774737876 ], [ 28.343451088242546, -12.818521774737876 ], [ 28.343451088242546, -12.81869177322057 ], [ 28.34310240107061, -12.81869177322057 ] ] ] ] } },
{ "type": "Feature", "properties": { "id": "15", "layer": "REMP_siteID17_irrig_05", "path": "C:/Users/hssid/Downloads/REMP_siteID17_irrig_05.geojson" }, "geometry": { "type": "MultiPolygon", "coordinates": [ [ [ [ 28.343113129906669, -12.818506082564463 ], [ 28.343113129906669, -12.8182968534921 ], [ 28.343434994988456, -12.8182968534921 ], [ 28.343434994988456, -12.818506082564463 ], [ 28.343113129906669, -12.818506082564463 ] ] ] ] } },
{ "type": "Feature", "properties": { "id": "16", "layer": "REMP_siteID17_irrig_05", "path": "C:/Users/hssid/Downloads/REMP_siteID17_irrig_05.geojson" }, "geometry": { "type": "MultiPolygon", "coordinates": [ [ [ [ 28.342984383873954, -12.819622839797804 ], [ 28.342984383873954, -12.819112845891182 ], [ 28.343134587578788, -12.819112845891182 ], [ 28.343134587578788, -12.819622839797804 ], [ 28.342984383873954, -12.819622839797804 ] ] ] ] } },
{ "type": "Feature", "properties": { "id": "17", "layer": "REMP_siteID17_irrig_05", "path": "C:/Users/hssid/Downloads/REMP_siteID17_irrig_05.geojson" }, "geometry": { "type": "MultiPolygon", "coordinates": [ [ [ [ 28.343201642804161, -12.819651608654057 ], [ 28.343201642804161, -12.819421457711938 ], [ 28.343410855107322, -12.819421457711938 ], [ 28.343410855107322, -12.819651608654057 ], [ 28.343201642804161, -12.819651608654057 ] ] ] ] } },
{ "type": "Feature", "properties": { "id": "18", "layer": "REMP_siteID17_irrig_05", "path": "C:/Users/hssid/Downloads/REMP_siteID17_irrig_05.geojson" }, "geometry": { "type": "MultiPolygon", "coordinates": [ [ [ [ 28.342525726132408, -12.815971783726358 ], [ 28.342525726132408, -12.815856706600048 ], [ 28.342831497960105, -12.815856706600048 ], [ 28.342831497960105, -12.815971783726358 ], [ 28.342525726132408, -12.815971783726358 ] ] ] ] } },
{ "type": "Feature", "properties": { "id": "19", "layer": "REMP_siteID17_irrig_05", "path": "C:/Users/hssid/Downloads/REMP_siteID17_irrig_05.geojson" }, "geometry": { "type": "MultiPolygon", "coordinates": [ [ [ [ 28.343963970420635, -12.824505229623155 ], [ 28.343963970420635, -12.824311697349085 ], [ 28.344108809707439, -12.824311697349085 ], [ 28.344108809707439, -12.824505229623155 ], [ 28.343963970420635, -12.824505229623155 ] ] ] ] } },
{ "type": "Feature", "properties": { "id": "20", "layer": "REMP_siteID17_irrig_05", "path": "C:/Users/hssid/Downloads/REMP_siteID17_irrig_05.geojson" }, "geometry": { "type": "MultiPolygon", "coordinates": [ [ [ [ 28.342917908904827, -12.822386827712421 ], [ 28.342917908904827, -12.821989298453651 ], [ 28.343127121207988, -12.821989298453651 ], [ 28.343127121207988, -12.822386827712421 ], [ 28.342917908904827, -12.822386827712421 ] ] ] ] } },
{ "type": "Feature", "properties": { "id": "21", "layer": "REMP_siteID17_irrig_05", "path": "C:/Users/hssid/Downloads/REMP_siteID17_irrig_05.geojson" }, "geometry": { "type": "MultiPolygon", "coordinates": [ [ [ [ 28.342756976363933, -12.820896089755275 ], [ 28.342756976363933, -12.820373021713383 ], [ 28.343186129806316, -12.820373021713383 ], [ 28.343186129806316, -12.820896089755275 ], [ 28.342756976363933, -12.820896089755275 ] ] ] ] } },
{ "type": "Feature", "properties": { "id": "22", "layer": "REMP_siteID17_irrig_05", "path": "C:/Users/hssid/Downloads/REMP_siteID17_irrig_05.geojson" }, "geometry": { "type": "MultiPolygon", "coordinates": [ [ [ [ 28.34384595322398, -12.820529942240059 ], [ 28.34384595322398, -12.820331176223087 ], [ 28.344071258781231, -12.820331176223087 ], [ 28.344071258781231, -12.820529942240059 ], [ 28.34384595322398, -12.820529942240059 ] ] ] ] } },
{ "type": "Feature", "properties": { "id": "23", "layer": "REMP_siteID17_irrig_05", "path": "C:/Users/hssid/Downloads/REMP_siteID17_irrig_05.geojson" }, "geometry": { "type": "MultiPolygon", "coordinates": [ [ [ [ 28.344570149658001, -12.821811456213599 ], [ 28.344570149658001, -12.821508077984719 ], [ 28.344725717780864, -12.821508077984719 ], [ 28.344725717780864, -12.821811456213599 ], [ 28.344570149658001, -12.821811456213599 ] ] ] ] } },
{ "type": "Feature", "properties": { "id": "24", "layer": "REMP_siteID17_irrig_05", "path": "C:/Users/hssid/Downloads/REMP_siteID17_irrig_05.geojson" }, "geometry": { "type": "MultiPolygon", "coordinates": [ [ [ [ 28.346453060386455, -12.828579834030361 ], [ 28.346453060386455, -12.828266002916662 ], [ 28.346758832214153, -12.828266002916662 ], [ 28.346758832214153, -12.828579834030361 ], [ 28.346453060386455, -12.828579834030361 ] ] ] ] } },
{ "type": "Feature", "properties": { "id": "25", "layer": "REMP_siteID17_irrig_05", "path": "C:/Users/hssid/Downloads/REMP_siteID17_irrig_05.geojson" }, "geometry": { "type": "MultiPolygon", "coordinates": [ [ [ [ 28.347740520713604, -12.830454966777538 ], [ 28.347740520713604, -12.830345126750924 ], [ 28.347869266746319, -12.830345126750924 ], [ 28.347869266746319, -12.830454966777538 ], [ 28.347740520713604, -12.830454966777538 ] ] ] ] } },
{ "type": "Feature", "properties": { "id": "26", "layer": "REMP_siteID17_irrig_05", "path": "C:/Users/hssid/Downloads/REMP_siteID17_irrig_05.geojson" }, "geometry": { "type": "MultiPolygon", "coordinates": [ [ [ [ 28.34697072672633, -12.829978992982536 ], [ 28.34697072672633, -12.829869152748119 ], [ 28.347120930431164, -12.829869152748119 ], [ 28.347120930431164, -12.829978992982536 ], [ 28.34697072672633, -12.829978992982536 ] ] ] ] } },
{ "type": "Feature", "properties": { "id": "27", "layer": "REMP_siteID17_irrig_05", "path": "C:/Users/hssid/Downloads/REMP_siteID17_irrig_05.geojson" }, "geometry": { "type": "MultiPolygon", "coordinates": [ [ [ [ 28.346933175800121, -12.829644241642281 ], [ 28.346933175800121, -12.829523940270587 ], [ 28.347078015086925, -12.829523940270587 ], [ 28.347078015086925, -12.829644241642281 ], [ 28.346933175800121, -12.829644241642281 ] ] ] ] } },
{ "type": "Feature", "properties": { "id": "28", "layer": "REMP_siteID17_irrig_05", "path": "C:/Users/hssid/Downloads/REMP_siteID17_irrig_05.geojson" }, "geometry": { "type": "MultiPolygon", "coordinates": [ [ [ [ 28.355588552486413, -12.836499192491839 ], [ 28.355588552486413, -12.836357972985478 ], [ 28.355856773387902, -12.836357972985478 ], [ 28.355856773387902, -12.836499192491839 ], [ 28.355588552486413, -12.836499192491839 ] ] ] ] } },
{ "type": "Feature", "properties": { "id": "29", "layer": "REMP_siteID17_irrig_05", "path": "C:/Users/hssid/Downloads/REMP_siteID17_irrig_05.geojson" }, "geometry": { "type": "MultiPolygon", "coordinates": [ [ [ [ 28.375944721546951, -12.841182505550522 ], [ 28.375944721546951, -12.841128895449673 ], [ 28.376005071249786, -12.841128895449673 ], [ 28.376005071249786, -12.841182505550522 ], [ 28.375944721546951, -12.841182505550522 ] ] ] ] } },
{ "type": "Feature", "properties": { "id": "30", "layer": "REMP_siteID17_irrig_05", "path": "C:/Users/hssid/Downloads/REMP_siteID17_irrig_05.geojson" }, "geometry": { "type": "MultiPolygon", "coordinates": [ [ [ [ 28.377424924863906, -12.839356738433771 ], [ 28.377424924863906, -12.839262593175036 ], [ 28.377521484388442, -12.839262593175036 ], [ 28.377521484388442, -12.839356738433771 ], [ 28.377424924863906, -12.839356738433771 ] ] ] ] } },
{ "type": "Feature", "properties": { "id": "31", "layer": "REMP_siteID17_irrig_05", "path": "C:/Users/hssid/Downloads/REMP_siteID17_irrig_05.geojson" }, "geometry": { "type": "MultiPolygon", "coordinates": [ [ [ [ 28.377129881872268, -12.839338432413998 ], [ 28.377129881872268, -12.839280899200331 ], [ 28.377204983724685, -12.839280899200331 ], [ 28.377204983724685, -12.839338432413998 ], [ 28.377129881872268, -12.839338432413998 ] ] ] ] } },
{ "type": "Feature", "properties": { "id": "32", "layer": "REMP_siteID17_irrig_05", "path": "C:/Users/hssid/Downloads/REMP_siteID17_irrig_05.geojson" }, "geometry": { "type": "MultiPolygon", "coordinates": [ [ [ [ 28.384924381269546, -12.849746497083334 ], [ 28.384924381269546, -12.849620975253851 ], [ 28.385098724855514, -12.849620975253851 ], [ 28.385098724855514, -12.849746497083334 ], [ 28.384924381269546, -12.849746497083334 ] ] ] ] } },
{ "type": "Feature", "properties": { "id": "33", "layer": "REMP_siteID17_irrig_05", "path": "C:/Users/hssid/Downloads/REMP_siteID17_irrig_05.geojson" }, "geometry": { "type": "MultiPolygon", "coordinates": [ [ [ [ 28.388582914365859, -12.847515860225196 ], [ 28.388582914365859, -12.84738249209502 ], [ 28.388679473890395, -12.84738249209502 ], [ 28.388679473890395, -12.847515860225196 ], [ 28.388582914365859, -12.847515860225196 ] ] ] ] } },
{ "type": "Feature", "properties": { "id": "34", "layer": "REMP_siteID17_irrig_05", "path": "C:/Users/hssid/Downloads/REMP_siteID17_irrig_05.geojson" }, "geometry": { "type": "MultiPolygon", "coordinates": [ [ [ [ 28.388328104509444, -12.847855817883842 ], [ 28.388328104509444, -12.84774598545981 ], [ 28.388494401468368, -12.84774598545981 ], [ 28.388494401468368, -12.847855817883842 ], [ 28.388328104509444, -12.847855817883842 ] ] ] ] } },
{ "type": "Feature", "properties": { "id": "35", "layer": "REMP_siteID17_irrig_05", "path": "C:/Users/hssid/Downloads/REMP_siteID17_irrig_05.geojson" }, "geometry": { "type": "MultiPolygon", "coordinates": [ [ [ [ 28.35760385716819, -12.834178678319299 ], [ 28.35760385716819, -12.834113298324752 ], [ 28.357689687856666, -12.834113298324752 ], [ 28.357689687856666, -12.834178678319299 ], [ 28.35760385716819, -12.834178678319299 ] ] ] ] } },
{ "type": "Feature", "properties": { "id": "36", "layer": "REMP_siteID17_irrig_05", "path": "C:/Users/hssid/Downloads/REMP_siteID17_irrig_05.geojson" }, "geometry": { "type": "MultiPolygon", "coordinates": [ [ [ [ 28.356275284007744, -12.831219064041857 ], [ 28.356275284007744, -12.831101378654671 ], [ 28.356382572368339, -12.831101378654671 ], [ 28.356382572368339, -12.831219064041857 ], [ 28.356275284007744, -12.831219064041857 ] ] ] ] } },
{ "type": "Feature", "properties": { "id": "37", "layer": "REMP_siteID17_irrig_05", "path": "C:/Users/hssid/Downloads/REMP_siteID17_irrig_05.geojson" }, "geometry": { "type": "MultiPolygon", "coordinates": [ [ [ [ 28.357612365201668, -12.829027491576225 ], [ 28.357612365201668, -12.828752889861727 ], [ 28.357821577504829, -12.828752889861727 ], [ 28.357821577504829, -12.829027491576225 ], [ 28.357612365201668, -12.829027491576225 ] ] ] ] } },
{ "type": "Feature", "properties": { "id": "38", "layer": "REMP_siteID17_irrig_05", "path": "C:/Users/hssid/Downloads/REMP_siteID17_irrig_05.geojson" }, "geometry": { "type": "MultiPolygon", "coordinates": [ [ [ [ 28.363725119546608, -12.820974998767399 ], [ 28.363725119546608, -12.820797155810819 ], [ 28.363821679071144, -12.820797155810819 ], [ 28.363821679071144, -12.820974998767399 ], [ 28.363725119546608, -12.820974998767399 ] ] ] ] } },
{ "type": "Feature", "properties": { "id": "39", "layer": "REMP_siteID17_irrig_05", "path": "C:/Users/hssid/Downloads/REMP_siteID17_irrig_05.geojson" }, "geometry": { "type": "MultiPolygon", "coordinates": [ [ [ [ 28.353222282774961, -12.811705527094185 ], [ 28.353222282774961, -12.811287057477653 ], [ 28.353528054602659, -12.811287057477653 ], [ 28.353528054602659, -12.811705527094185 ], [ 28.353222282774961, -12.811705527094185 ] ] ] ] } },
{ "type": "Feature", "properties": { "id": "40", "layer": "REMP_siteID17_irrig_05", "path": "C:/Users/hssid/Downloads/REMP_siteID17_irrig_05.geojson" }, "geometry": { "type": "MultiPolygon", "coordinates": [ [ [ [ 28.353608520873106, -12.812118765158438 ], [ 28.353608520873106, -12.811726450556764 ], [ 28.35425225103668, -12.811726450556764 ], [ 28.35425225103668, -12.812118765158438 ], [ 28.353608520873106, -12.812118765158438 ] ] ] ] } },
{ "type": "Feature", "properties": { "id": "41", "layer": "REMP_siteID17_irrig_05", "path": "C:/Users/hssid/Downloads/REMP_siteID17_irrig_05.geojson" }, "geometry": { "type": "MultiPolygon", "coordinates": [ [ [ [ 28.352819951422727, -12.811857222158533 ], [ 28.352819951422727, -12.81141259843559 ], [ 28.353152545340574, -12.81141259843559 ], [ 28.353152545340574, -12.811857222158533 ], [ 28.352819951422727, -12.811857222158533 ] ] ] ] } },
{ "type": "Feature", "properties": { "id": "42", "layer": "REMP_siteID17_irrig_05", "path": "C:/Users/hssid/Downloads/REMP_siteID17_irrig_05.geojson" }, "geometry": { "type": "MultiPolygon", "coordinates": [ [ [ [ 28.356038602240599, -12.81054950308654 ], [ 28.356038602240599, -12.810387345448627 ], [ 28.356322916396177, -12.810387345448627 ], [ 28.356322916396177, -12.81054950308654 ], [ 28.356038602240599, -12.81054950308654 ] ] ] ] } },
{ "type": "Feature", "properties": { "id": "43", "layer": "REMP_siteID17_irrig_05", "path": "C:/Users/hssid/Downloads/REMP_siteID17_irrig_05.geojson" }, "geometry": { "type": "MultiPolygon", "coordinates": [ [ [ [ 28.354380997069395, -12.811841529569906 ], [ 28.354380997069395, -12.811642756696013 ], [ 28.354815514929808, -12.811642756696013 ], [ 28.354815514929808, -12.811841529569906 ], [ 28.354380997069395, -12.811841529569906 ] ] ] ] } },
{ "type": "Feature", "properties": { "id": "44", "layer": "REMP_siteID17_irrig_05", "path": "C:/Users/hssid/Downloads/REMP_siteID17_irrig_05.geojson" }, "geometry": { "type": "MultiPolygon", "coordinates": [ [ [ [ 28.355781110175169, -12.812071687438486 ], [ 28.355781110175169, -12.811846760432891 ], [ 28.356172712691343, -12.811846760432891 ], [ 28.356172712691343, -12.812071687438486 ], [ 28.355781110175169, -12.812071687438486 ] ] ] ] } },
{ "type": "Feature", "properties": { "id": "45", "layer": "REMP_siteID17_irrig_05", "path": "C:/Users/hssid/Downloads/REMP_siteID17_irrig_05.geojson" }, "geometry": { "type": "MultiPolygon", "coordinates": [ [ [ [ 28.355593355544126, -12.811742143152552 ], [ 28.355593355544126, -12.811548601069434 ], [ 28.355866940863645, -12.811548601069434 ], [ 28.355866940863645, -12.811742143152552 ], [ 28.355593355544126, -12.811742143152552 ] ] ] ] } },
{ "type": "Feature", "properties": { "id": "46", "layer": "REMP_siteID17_irrig_05", "path": "C:/Users/hssid/Downloads/REMP_siteID17_irrig_05.geojson" }, "geometry": { "type": "MultiPolygon", "coordinates": [ [ [ [ 28.353667529471434, -12.811668911030484 ], [ 28.353667529471434, -12.811297519226537 ], [ 28.354026945479429, -12.811297519226537 ], [ 28.354026945479429, -12.811668911030484 ], [ 28.353667529471434, -12.811668911030484 ] ] ] ] } },
{ "type": "Feature", "properties": { "id": "47", "layer": "REMP_siteID17_irrig_05", "path": "C:/Users/hssid/Downloads/REMP_siteID17_irrig_05.geojson" }, "geometry": { "type": "MultiPolygon", "coordinates": [ [ [ [ 28.354684086688078, -12.808260978379771 ], [ 28.354684086688078, -12.808085741917052 ], [ 28.354850383647001, -12.808085741917052 ], [ 28.354850383647001, -12.808260978379771 ], [ 28.354684086688078, -12.808260978379771 ] ] ] ] } },
{ "type": "Feature", "properties": { "id": "48", "layer": "REMP_siteID17_irrig_05", "path": "C:/Users/hssid/Downloads/REMP_siteID17_irrig_05.geojson" }, "geometry": { "type": "MultiPolygon", "coordinates": [ [ [ [ 28.354684086688078, -12.808580065357168 ], [ 28.354684086688078, -12.808318518684255 ], [ 28.354740413077391, -12.808318518684255 ], [ 28.354740413077391, -12.808580065357168 ], [ 28.354684086688078, -12.808580065357168 ] ] ] ] } },
{ "type": "Feature", "properties": { "id": "49", "layer": "REMP_siteID17_irrig_05", "path": "C:/Users/hssid/Downloads/REMP_siteID17_irrig_05.geojson" }, "geometry": { "type": "MultiPolygon", "coordinates": [ [ [ [ 28.354759188540495, -12.808600989079279 ], [ 28.354759188540495, -12.808540833373538 ], [ 28.354831608183897, -12.808540833373538 ], [ 28.354831608183897, -12.808600989079279 ], [ 28.354759188540495, -12.808600989079279 ] ] ] ] } },
{ "type": "Feature", "properties": { "id": "50", "layer": "REMP_siteID17_irrig_05", "path": "C:/Users/hssid/Downloads/REMP_siteID17_irrig_05.geojson" }, "geometry": { "type": "MultiPolygon", "coordinates": [ [ [ [ 28.354268344290769, -12.808543448839298 ], [ 28.354268344290769, -12.808441445654321 ], [ 28.354458781130827, -12.808441445654321 ], [ 28.354458781130827, -12.808543448839298 ], [ 28.354268344290769, -12.808543448839298 ] ] ] ] } },
{ "type": "Feature", "properties": { "id": "51", "layer": "REMP_siteID17_irrig_05", "path": "C:/Users/hssid/Downloads/REMP_siteID17_irrig_05.geojson" }, "geometry": { "type": "MultiPolygon", "coordinates": [ [ [ [ 28.354568751700437, -12.808548679770754 ], [ 28.354568751700437, -12.808399598181879 ], [ 28.354646535761869, -12.808399598181879 ], [ 28.354646535761869, -12.808548679770754 ], [ 28.354568751700437, -12.808548679770754 ] ] ] ] } },
{ "type": "Feature", "properties": { "id": "52", "layer": "REMP_siteID17_irrig_05", "path": "C:/Users/hssid/Downloads/REMP_siteID17_irrig_05.geojson" }, "geometry": { "type": "MultiPolygon", "coordinates": [ [ [ [ 28.360051186926878, -12.812573849331034 ], [ 28.360051186926878, -12.812443078101252 ], [ 28.360212119467771, -12.812443078101252 ], [ 28.360212119467771, -12.812573849331034 ], [ 28.360051186926878, -12.812573849331034 ] ] ] ] } },
{ "type": "Feature", "properties": { "id": "53", "layer": "REMP_siteID17_irrig_05", "path": "C:/Users/hssid/Downloads/REMP_siteID17_irrig_05.geojson" }, "geometry": { "type": "MultiPolygon", "coordinates": [ [ [ [ 28.361743660815275, -12.809762252932458 ], [ 28.361743660815275, -12.809660250240821 ], [ 28.36186167801193, -12.809660250240821 ], [ 28.36186167801193, -12.809762252932458 ], [ 28.361743660815275, -12.809762252932458 ] ] ] ] } },
{ "type": "Feature", "properties": { "id": "54", "layer": "REMP_siteID17_irrig_05", "path": "C:/Users/hssid/Downloads/REMP_siteID17_irrig_05.geojson" }, "geometry": { "type": "MultiPolygon", "coordinates": [ [ [ [ 28.361207219012297, -12.809597479333126 ], [ 28.361207219012297, -12.809458860189931 ], [ 28.36137351597122, -12.809458860189931 ], [ 28.36137351597122, -12.809597479333126 ], [ 28.361207219012297, -12.809597479333126 ] ] ] ] } },
{ "type": "Feature", "properties": { "id": "55", "layer": "REMP_siteID17_irrig_05", "path": "C:/Users/hssid/Downloads/REMP_siteID17_irrig_05.geojson" }, "geometry": { "type": "MultiPolygon", "coordinates": [ [ [ [ 28.374331326718494, -12.81667647021397 ], [ 28.374331326718494, -12.816451547320069 ], [ 28.374519081349536, -12.816451547320069 ], [ 28.374519081349536, -12.81667647021397 ], [ 28.374331326718494, -12.81667647021397 ] ] ] ] } },
{ "type": "Feature", "properties": { "id": "56", "layer": "REMP_siteID17_irrig_05", "path": "C:/Users/hssid/Downloads/REMP_siteID17_irrig_05.geojson" }, "geometry": { "type": "MultiPolygon", "coordinates": [ [ [ [ 28.374395699734851, -12.816443701168975 ], [ 28.374395699734851, -12.816252778083843 ], [ 28.374508352513477, -12.816252778083843 ], [ 28.374508352513477, -12.816443701168975 ], [ 28.374395699734851, -12.816443701168975 ] ] ] ] } },
{ "type": "Feature", "properties": { "id": "57", "layer": "REMP_siteID17_irrig_05", "path": "C:/Users/hssid/Downloads/REMP_siteID17_irrig_05.geojson" }, "geometry": { "type": "MultiPolygon", "coordinates": [ [ [ [ 28.374948234791919, -12.817356468438959 ], [ 28.374948234791919, -12.817244007320769 ], [ 28.375127942795917, -12.817244007320769 ], [ 28.375127942795917, -12.817356468438959 ], [ 28.374948234791919, -12.817356468438959 ] ] ] ] } },
{ "type": "Feature", "properties": { "id": "58", "layer": "REMP_siteID17_irrig_05", "path": "C:/Users/hssid/Downloads/REMP_siteID17_irrig_05.geojson" }, "geometry": { "type": "MultiPolygon", "coordinates": [ [ [ [ 28.373391785776167, -12.801799083823004 ], [ 28.373391785776167, -12.801668307002656 ], [ 28.373541989481001, -12.801668307002656 ], [ 28.373541989481001, -12.801799083823004 ], [ 28.373391785776167, -12.801799083823004 ] ] ] ] } },
{ "type": "Feature", "properties": { "id": "59", "layer": "REMP_siteID17_irrig_05", "path": "C:/Users/hssid/Downloads/REMP_siteID17_irrig_05.geojson" }, "geometry": { "type": "MultiPolygon", "coordinates": [ [ [ [ 28.372951903497725, -12.802442504791321 ], [ 28.372951903497725, -12.802233262380156 ], [ 28.373128929292708, -12.802233262380156 ], [ 28.373128929292708, -12.802442504791321 ], [ 28.372951903497725, -12.802442504791321 ] ] ] ] } },
{ "type": "Feature", "properties": { "id": "60", "layer": "REMP_siteID17_irrig_05", "path": "C:/Users/hssid/Downloads/REMP_siteID17_irrig_05.geojson" }, "geometry": { "type": "MultiPolygon", "coordinates": [ [ [ [ 28.374475398218184, -12.806844401760282 ], [ 28.374475398218184, -12.806669164312634 ], [ 28.37458268657878, -12.806669164312634 ], [ 28.37458268657878, -12.806844401760282 ], [ 28.374475398218184, -12.806844401760282 ] ] ] ] } },
{ "type": "Feature", "properties": { "id": "61", "layer": "REMP_siteID17_irrig_05", "path": "C:/Users/hssid/Downloads/REMP_siteID17_irrig_05.geojson" }, "geometry": { "type": "MultiPolygon", "coordinates": [ [ [ [ 28.381639702296653, -12.814770554128765 ], [ 28.381639702296653, -12.814694707485156 ], [ 28.381749672866263, -12.814694707485156 ], [ 28.381749672866263, -12.814770554128765 ], [ 28.381639702296653, -12.814770554128765 ] ] ] ] } },
{ "type": "Feature", "properties": { "id": "62", "layer": "REMP_siteID17_irrig_05", "path": "C:/Users/hssid/Downloads/REMP_siteID17_irrig_05.geojson" }, "geometry": { "type": "MultiPolygon", "coordinates": [ [ [ [ 28.387838087262786, -12.813022558228639 ], [ 28.387838087262786, -12.812839478813993 ], [ 28.387910506906188, -12.812839478813993 ], [ 28.387910506906188, -12.813022558228639 ], [ 28.387838087262786, -12.813022558228639 ] ] ] ] } },
{ "type": "Feature", "properties": { "id": "63", "layer": "REMP_siteID17_irrig_05", "path": "C:/Users/hssid/Downloads/REMP_siteID17_irrig_05.geojson" }, "geometry": { "type": "MultiPolygon", "coordinates": [ [ [ [ 28.389723749790587, -12.808198957079034 ], [ 28.389723749790587, -12.808162340505785 ], [ 28.389747889671721, -12.808162340505785 ], [ 28.389747889671721, -12.808198957079034 ], [ 28.389723749790587, -12.808198957079034 ] ] ] ] } },
{ "type": "Feature", "properties": { "id": "64", "layer": "REMP_siteID17_irrig_05", "path": "C:/Users/hssid/Downloads/REMP_siteID17_irrig_05.geojson" }, "geometry": { "type": "MultiPolygon", "coordinates": [ [ [ [ 28.390421124134459, -12.804474501239271 ], [ 28.390421124134459, -12.804403882514089 ], [ 28.390509637031951, -12.804403882514089 ], [ 28.390509637031951, -12.804474501239271 ], [ 28.390421124134459, -12.804474501239271 ] ] ] ] } },
{ "type": "Feature", "properties": { "id": "65", "layer": "REMP_siteID17_irrig_05", "path": "C:/Users/hssid/Downloads/REMP_siteID17_irrig_05.geojson" }, "geometry": { "type": "MultiPolygon", "coordinates": [ [ [ [ 28.396782764884765, -12.792000754081807 ], [ 28.396782764884765, -12.791872587820237 ], [ 28.397080490085418, -12.791872587820237 ], [ 28.397080490085418, -12.792000754081807 ], [ 28.396782764884765, -12.792000754081807 ] ] ] ] } },
{ "type": "Feature", "properties": { "id": "66", "layer": "REMP_siteID17_irrig_05", "path": "C:/Users/hssid/Downloads/REMP_siteID17_irrig_05.geojson" }, "geometry": { "type": "MultiPolygon", "coordinates": [ [ [ [ 28.397641071769531, -12.792424486973047 ], [ 28.397641071769531, -12.792134151550233 ], [ 28.39778859326535, -12.792134151550233 ], [ 28.39778859326535, -12.792424486973047 ], [ 28.397641071769531, -12.792424486973047 ] ] ] ] } },
{ "type": "Feature", "properties": { "id": "67", "layer": "REMP_siteID17_irrig_05", "path": "C:/Users/hssid/Downloads/REMP_siteID17_irrig_05.geojson" }, "geometry": { "type": "MultiPolygon", "coordinates": [ [ [ [ 28.392405982400089, -12.793827828480779 ], [ 28.392405982400089, -12.793644735127176 ], [ 28.392636652375369, -12.793644735127176 ], [ 28.392636652375369, -12.793827828480779 ], [ 28.392405982400089, -12.793827828480779 ] ] ] ] } },
{ "type": "Feature", "properties": { "id": "68", "layer": "REMP_siteID17_irrig_05", "path": "C:/Users/hssid/Downloads/REMP_siteID17_irrig_05.geojson" }, "geometry": { "type": "MultiPolygon", "coordinates": [ [ [ [ 28.397625561143069, -12.794204477247522 ], [ 28.397625561143069, -12.794084158952606 ], [ 28.397791858101993, -12.794084158952606 ], [ 28.397791858101993, -12.794204477247522 ], [ 28.397625561143069, -12.794204477247522 ] ] ] ] } },
{ "type": "Feature", "properties": { "id": "69", "layer": "REMP_siteID17_irrig_05", "path": "C:/Users/hssid/Downloads/REMP_siteID17_irrig_05.geojson" }, "geometry": { "type": "MultiPolygon", "coordinates": [ [ [ [ 28.39224236765018, -12.792593253581316 ], [ 28.39224236765018, -12.792504322105328 ], [ 28.392352338219791, -12.792504322105328 ], [ 28.392352338219791, -12.792593253581316 ], [ 28.39224236765018, -12.792593253581316 ] ] ] ] } },
{ "type": "Feature", "properties": { "id": "70", "layer": "REMP_siteID17_irrig_05", "path": "C:/Users/hssid/Downloads/REMP_siteID17_irrig_05.geojson" }, "geometry": { "type": "MultiPolygon", "coordinates": [ [ [ [ 28.407310796998104, -12.786232676998486 ], [ 28.407310796998104, -12.786070503726174 ], [ 28.407428814194759, -12.786070503726174 ], [ 28.407428814194759, -12.786232676998486 ], [ 28.407310796998104, -12.786232676998486 ] ] ] ] } },
{ "type": "Feature", "properties": { "id": "71", "layer": "REMP_siteID17_irrig_05", "path": "C:/Users/hssid/Downloads/REMP_siteID17_irrig_05.geojson" }, "geometry": { "type": "MultiPolygon", "coordinates": [ [ [ [ 28.393293601702105, -12.823828330937543 ], [ 28.393293601702105, -12.823742025790791 ], [ 28.393403572271716, -12.823742025790791 ], [ 28.393403572271716, -12.823828330937543 ], [ 28.393293601702105, -12.823828330937543 ] ] ] ] } },
{ "type": "Feature", "properties": { "id": "72", "layer": "REMP_siteID17_irrig_05", "path": "C:/Users/hssid/Downloads/REMP_siteID17_irrig_05.geojson" }, "geometry": { "type": "MultiPolygon", "coordinates": [ [ [ [ 28.393143397997271, -12.823514493898431 ], [ 28.393143397997271, -12.823357575232125 ], [ 28.393307012747179, -12.823357575232125 ], [ 28.393307012747179, -12.823514493898431 ], [ 28.393143397997271, -12.823514493898431 ] ] ] ] } },
{ "type": "Feature", "properties": { "id": "73", "layer": "REMP_siteID17_irrig_05", "path": "C:/Users/hssid/Downloads/REMP_siteID17_irrig_05.geojson" }, "geometry": { "type": "MultiPolygon", "coordinates": [ [ [ [ 28.392958325575243, -12.823375882414901 ], [ 28.392958325575243, -12.823221578975545 ], [ 28.393076342771899, -12.823221578975545 ], [ 28.393076342771899, -12.823375882414901 ], [ 28.392958325575243, -12.823375882414901 ] ] ] ] } },
{ "type": "Feature", "properties": { "id": "74", "layer": "REMP_siteID17_irrig_05", "path": "C:/Users/hssid/Downloads/REMP_siteID17_irrig_05.geojson" }, "geometry": { "type": "MultiPolygon", "coordinates": [ [ [ [ 28.404564757356908, -12.823231780135048 ], [ 28.404564757356908, -12.823106245068832 ], [ 28.404677410135534, -12.823106245068832 ], [ 28.404677410135534, -12.823231780135048 ], [ 28.404564757356908, -12.823231780135048 ] ] ] ] } },
{ "type": "Feature", "properties": { "id": "75", "layer": "REMP_siteID17_irrig_05", "path": "C:/Users/hssid/Downloads/REMP_siteID17_irrig_05.geojson" }, "geometry": { "type": "MultiPolygon", "coordinates": [ [ [ [ 28.407457481852568, -12.819909447828461 ], [ 28.407457481852568, -12.81976037296306 ], [ 28.407605003348387, -12.81976037296306 ], [ 28.407605003348387, -12.819909447828461 ], [ 28.407457481852568, -12.819909447828461 ] ] ] ] } },
{ "type": "Feature", "properties": { "id": "76", "layer": "REMP_siteID17_irrig_05", "path": "C:/Users/hssid/Downloads/REMP_siteID17_irrig_05.geojson" }, "geometry": { "type": "MultiPolygon", "coordinates": [ [ [ [ 28.407004188529051, -12.820110829524035 ], [ 28.407004188529051, -12.819919909219216 ], [ 28.407216083041227, -12.819919909219216 ], [ 28.407216083041227, -12.820110829524035 ], [ 28.407004188529051, -12.820110829524035 ] ] ] ] } },
{ "type": "Feature", "properties": { "id": "77", "layer": "REMP_siteID17_irrig_05", "path": "C:/Users/hssid/Downloads/REMP_siteID17_irrig_05.geojson" }, "geometry": { "type": "MultiPolygon", "coordinates": [ [ [ [ 28.414277209172791, -12.815872471424962 ], [ 28.414277209172791, -12.815762625034937 ], [ 28.414395226369447, -12.815762625034937 ], [ 28.414395226369447, -12.815872471424962 ], [ 28.414277209172791, -12.815872471424962 ] ] ] ] } },
{ "type": "Feature", "properties": { "id": "78", "layer": "REMP_siteID17_irrig_05", "path": "C:/Users/hssid/Downloads/REMP_siteID17_irrig_05.geojson" }, "geometry": { "type": "MultiPolygon", "coordinates": [ [ [ [ 28.414523972402161, -12.815579547611765 ], [ 28.414523972402161, -12.815456624124407 ], [ 28.414663447270936, -12.815456624124407 ], [ 28.414663447270936, -12.815579547611765 ], [ 28.414523972402161, -12.815579547611765 ] ] ] ] } },
{ "type": "Feature", "properties": { "id": "79", "layer": "REMP_siteID17_irrig_05", "path": "C:/Users/hssid/Downloads/REMP_siteID17_irrig_05.geojson" }, "geometry": { "type": "MultiPolygon", "coordinates": [ [ [ [ 28.403868812408959, -12.826358884079527 ], [ 28.403868812408959, -12.826123508703505 ], [ 28.403984147396599, -12.826123508703505 ], [ 28.403984147396599, -12.826358884079527 ], [ 28.403868812408959, -12.826358884079527 ] ] ] ] } },
{ "type": "Feature", "properties": { "id": "80", "layer": "REMP_siteID17_irrig_05", "path": "C:/Users/hssid/Downloads/REMP_siteID17_irrig_05.geojson" }, "geometry": { "type": "MultiPolygon", "coordinates": [ [ [ [ 28.403903199533865, -12.825377933531493 ], [ 28.403903199533865, -12.825270706580644 ], [ 28.403978301386282, -12.825270706580644 ], [ 28.403978301386282, -12.825377933531493 ], [ 28.403903199533865, -12.825377933531493 ] ] ] ] } },
{ "type": "Feature", "properties": { "id": "81", "layer": "REMP_siteID17_irrig_05", "path": "C:/Users/hssid/Downloads/REMP_siteID17_irrig_05.geojson" }, "geometry": { "type": "MultiPolygon", "coordinates": [ [ [ [ 28.404806581781632, -12.823226970167966 ], [ 28.404806581781632, -12.823098819784764 ], [ 28.404895094679123, -12.823098819784764 ], [ 28.404895094679123, -12.823226970167966 ], [ 28.404806581781632, -12.823226970167966 ] ] ] ] } },
{ "type": "Feature", "properties": { "id": "82", "layer": "REMP_siteID17_irrig_05", "path": "C:/Users/hssid/Downloads/REMP_siteID17_irrig_05.geojson" }, "geometry": { "type": "MultiPolygon", "coordinates": [ [ [ [ 28.414313420312798, -12.82141614772504 ], [ 28.414313420312798, -12.821222613075985 ], [ 28.414468988435662, -12.821222613075985 ], [ 28.414468988435662, -12.82141614772504 ], [ 28.414313420312798, -12.82141614772504 ] ] ] ] } },
{ "type": "Feature", "properties": { "id": "83", "layer": "REMP_siteID17_irrig_05", "path": "C:/Users/hssid/Downloads/REMP_siteID17_irrig_05.geojson" }, "geometry": { "type": "MultiPolygon", "coordinates": [ [ [ [ 28.419990647246042, -12.826634509142318 ], [ 28.419990647246042, -12.826443593785525 ], [ 28.420234728266397, -12.826443593785525 ], [ 28.420234728266397, -12.826634509142318 ], [ 28.419990647246042, -12.826634509142318 ] ] ] ] } },
{ "type": "Feature", "properties": { "id": "84", "layer": "REMP_siteID17_irrig_05", "path": "C:/Users/hssid/Downloads/REMP_siteID17_irrig_05.geojson" }, "geometry": { "type": "MultiPolygon", "coordinates": [ [ [ [ 28.419108200480142, -12.827139257264699 ], [ 28.419108200480142, -12.826882960417164 ], [ 28.419615137983957, -12.826882960417164 ], [ 28.419615137983957, -12.827139257264699 ], [ 28.419108200480142, -12.827139257264699 ] ] ] ] } },
{ "type": "Feature", "properties": { "id": "85", "layer": "REMP_siteID17_irrig_05", "path": "C:/Users/hssid/Downloads/REMP_siteID17_irrig_05.geojson" }, "geometry": { "type": "MultiPolygon", "coordinates": [ [ [ [ 28.428003278514886, -12.821084220227004 ], [ 28.428003278514886, -12.820665766193116 ], [ 28.428201761981988, -12.820665766193116 ], [ 28.428201761981988, -12.821084220227004 ], [ 28.428003278514886, -12.821084220227004 ] ] ] ] } },
{ "type": "Feature", "properties": { "id": "86", "layer": "REMP_siteID17_irrig_05", "path": "C:/Users/hssid/Downloads/REMP_siteID17_irrig_05.geojson" }, "geometry": { "type": "MultiPolygon", "coordinates": [ [ [ [ 28.426774218908275, -12.819991754659364 ], [ 28.426774218908275, -12.819887140762168 ], [ 28.426902964940989, -12.819887140762168 ], [ 28.426902964940989, -12.819991754659364 ], [ 28.426774218908275, -12.819991754659364 ] ] ] ] } },
{ "type": "Feature", "properties": { "id": "87", "layer": "REMP_siteID17_irrig_05", "path": "C:/Users/hssid/Downloads/REMP_siteID17_irrig_05.geojson" }, "geometry": { "type": "MultiPolygon", "coordinates": [ [ [ [ 28.41500207487541, -12.809977287117377 ], [ 28.41500207487541, -12.80976805096086 ], [ 28.415176418461378, -12.80976805096086 ], [ 28.415176418461378, -12.809977287117377 ], [ 28.41500207487541, -12.809977287117377 ] ] ] ] } },
{ "type": "Feature", "properties": { "id": "88", "layer": "REMP_siteID17_irrig_05", "path": "C:/Users/hssid/Downloads/REMP_siteID17_irrig_05.geojson" }, "geometry": { "type": "MultiPolygon", "coordinates": [ [ [ [ 28.409495018431347, -12.796728969736929 ], [ 28.409495018431347, -12.796451717223711 ], [ 28.409682773062389, -12.796451717223711 ], [ 28.409682773062389, -12.796728969736929 ], [ 28.409495018431347, -12.796728969736929 ] ] ] ] } },
{ "type": "Feature", "properties": { "id": "89", "layer": "REMP_siteID17_irrig_05", "path": "C:/Users/hssid/Downloads/REMP_siteID17_irrig_05.geojson" }, "geometry": { "type": "MultiPolygon", "coordinates": [ [ [ [ 28.419823386662458, -12.801454810247442 ], [ 28.419823386662458, -12.801348880883568 ], [ 28.419887759678815, -12.801348880883568 ], [ 28.419887759678815, -12.801454810247442 ], [ 28.419823386662458, -12.801454810247442 ] ] ] ] } },
{ "type": "Feature", "properties": { "id": "90", "layer": "REMP_siteID17_irrig_05", "path": "C:/Users/hssid/Downloads/REMP_siteID17_irrig_05.geojson" }, "geometry": { "type": "MultiPolygon", "coordinates": [ [ [ [ 28.45217634399263, -12.817876248280628 ], [ 28.45217634399263, -12.817635634230609 ], [ 28.452390920713821, -12.817635634230609 ], [ 28.452390920713821, -12.817876248280628 ], [ 28.45217634399263, -12.817876248280628 ] ] ] ] } },
{ "type": "Feature", "properties": { "id": "91", "layer": "REMP_siteID17_irrig_05", "path": "C:/Users/hssid/Downloads/REMP_siteID17_irrig_05.geojson" }, "geometry": { "type": "MultiPolygon", "coordinates": [ [ [ [ 28.451784741476455, -12.817196251459116 ], [ 28.451784741476455, -12.816960867516194 ], [ 28.451881301000991, -12.816960867516194 ], [ 28.451881301000991, -12.817196251459116 ], [ 28.451784741476455, -12.817196251459116 ] ] ] ] } },
{ "type": "Feature", "properties": { "id": "92", "layer": "REMP_siteID17_irrig_05", "path": "C:/Users/hssid/Downloads/REMP_siteID17_irrig_05.geojson" }, "geometry": { "type": "MultiPolygon", "coordinates": [ [ [ [ 28.44992328842012, -12.818441167320596 ], [ 28.44992328842012, -12.818279014762869 ], [ 28.450288068846145, -12.818279014762869 ], [ 28.450288068846145, -12.818441167320596 ], [ 28.44992328842012, -12.818441167320596 ] ] ] ] } },
{ "type": "Feature", "properties": { "id": "93", "layer": "REMP_siteID17_irrig_05", "path": "C:/Users/hssid/Downloads/REMP_siteID17_irrig_05.geojson" }, "geometry": { "type": "MultiPolygon", "coordinates": [ [ [ [ 28.447731962359953, -12.814549567174337 ], [ 28.447731962359953, -12.81425141100973 ], [ 28.448080649531889, -12.81425141100973 ], [ 28.448080649531889, -12.814549567174337 ], [ 28.447731962359953, -12.814549567174337 ] ] ] ] } },
{ "type": "Feature", "properties": { "id": "94", "layer": "REMP_siteID17_irrig_05", "path": "C:/Users/hssid/Downloads/REMP_siteID17_irrig_05.geojson" }, "geometry": { "type": "MultiPolygon", "coordinates": [ [ [ [ 28.445516457713651, -12.811159981557946 ], [ 28.445516457713651, -12.811029209594295 ], [ 28.44568007246356, -12.811029209594295 ], [ 28.44568007246356, -12.811159981557946 ], [ 28.445516457713651, -12.811159981557946 ] ] ] ] } },
{ "type": "Feature", "properties": { "id": "95", "layer": "REMP_siteID17_irrig_05", "path": "C:/Users/hssid/Downloads/REMP_siteID17_irrig_05.geojson" }, "geometry": { "type": "MultiPolygon", "coordinates": [ [ [ [ 28.444921007312345, -12.811144288925899 ], [ 28.444921007312345, -12.810997824312921 ], [ 28.445073893226194, -12.810997824312921 ], [ 28.445073893226194, -12.811144288925899 ], [ 28.444921007312345, -12.811144288925899 ] ] ] ] } },
{ "type": "Feature", "properties": { "id": "96", "layer": "REMP_siteID17_irrig_05", "path": "C:/Users/hssid/Downloads/REMP_siteID17_irrig_05.geojson" }, "geometry": { "type": "MultiPolygon", "coordinates": [ [ [ [ 28.444223632968473, -12.811071056630047 ], [ 28.444223632968473, -12.810898437562768 ], [ 28.444414069808531, -12.810898437562768 ], [ 28.444414069808531, -12.811071056630047 ], [ 28.444223632968473, -12.811071056630047 ] ] ] ] } },
{ "type": "Feature", "properties": { "id": "97", "layer": "REMP_siteID17_irrig_05", "path": "C:/Users/hssid/Downloads/REMP_siteID17_irrig_05.geojson" }, "geometry": { "type": "MultiPolygon", "coordinates": [ [ [ [ 28.467998093219073, -12.82427198513354 ], [ 28.467998093219073, -12.824143835282372 ], [ 28.468175119014056, -12.824143835282372 ], [ 28.468175119014056, -12.82427198513354 ], [ 28.467998093219073, -12.82427198513354 ] ] ] ] } },
{ "type": "Feature", "properties": { "id": "0", "layer": "REMP_siteID17_irrig_06", "path": "C:/Users/hssid/Downloads/REMP_siteID17_irrig_06.geojson|geometrytype=Polygon" }, "geometry": { "type": "MultiPolygon", "coordinates": [ [ [ [ 28.379478069960964, -12.872664351845593 ], [ 28.379478069960964, -12.87260159667008 ], [ 28.379601451575649, -12.87260159667008 ], [ 28.379601451575649, -12.872664351845593 ], [ 28.379478069960964, -12.872664351845593 ] ] ] ] } },
{ "type": "Feature", "properties": { "id": "1", "layer": "REMP_siteID17_irrig_06", "path": "C:/Users/hssid/Downloads/REMP_siteID17_irrig_06.geojson|geometrytype=Polygon" }, "geometry": { "type": "MultiPolygon", "coordinates": [ [ [ [ 28.379993054091823, -12.872193687646401 ], [ 28.379993054091823, -12.872125702744606 ], [ 28.380105706870449, -12.872125702744606 ], [ 28.380105706870449, -12.872193687646401 ], [ 28.379993054091823, -12.872193687646401 ] ] ] ] } },
{ "type": "Feature", "properties": { "id": "2", "layer": "REMP_siteID17_irrig_06", "path": "C:/Users/hssid/Downloads/REMP_siteID17_irrig_06.geojson|geometrytype=Polygon" }, "geometry": { "type": "MultiPolygon", "coordinates": [ [ [ [ 28.400382792839427, -12.886605473691125 ], [ 28.400382792839427, -12.88648519961602 ], [ 28.400452530273814, -12.88648519961602 ], [ 28.400452530273814, -12.886605473691125 ], [ 28.400382792839427, -12.886605473691125 ] ] ] ] } },
{ "type": "Feature", "properties": { "id": "3", "layer": "REMP_siteID17_irrig_06", "path": "C:/Users/hssid/Downloads/REMP_siteID17_irrig_06.geojson|geometrytype=Polygon" }, "geometry": { "type": "MultiPolygon", "coordinates": [ [ [ [ 28.400860238928331, -12.889023674580731 ], [ 28.400860238928331, -12.888869411485388 ], [ 28.400980938334001, -12.888869411485388 ], [ 28.400980938334001, -12.889023674580731 ], [ 28.400860238928331, -12.889023674580731 ] ] ] ] } },
{ "type": "Feature", "properties": { "id": "4", "layer": "REMP_siteID17_irrig_06", "path": "C:/Users/hssid/Downloads/REMP_siteID17_irrig_06.geojson|geometrytype=Polygon" }, "geometry": { "type": "MultiPolygon", "coordinates": [ [ [ [ 28.400811959166063, -12.889274678736099 ], [ 28.400811959166063, -12.889120415795409 ], [ 28.400924611944689, -12.889120415795409 ], [ 28.400924611944689, -12.889274678736099 ], [ 28.400811959166063, -12.889274678736099 ] ] ] ] } },
{ "type": "Feature", "properties": { "id": "5", "layer": "REMP_siteID17_irrig_06", "path": "C:/Users/hssid/Downloads/REMP_siteID17_irrig_06.geojson|geometrytype=Polygon" }, "geometry": { "type": "MultiPolygon", "coordinates": [ [ [ [ 28.403591011293646, -12.872922293478243 ], [ 28.403591011293646, -12.872747102087571 ], [ 28.403727803953405, -12.872747102087571 ], [ 28.403727803953405, -12.872922293478243 ], [ 28.403591011293646, -12.872922293478243 ] ] ] ] } },
{ "type": "Feature", "properties": { "id": "6", "layer": "REMP_siteID17_irrig_06", "path": "C:/Users/hssid/Downloads/REMP_siteID17_irrig_06.geojson|geometrytype=Polygon" }, "geometry": { "type": "MultiPolygon", "coordinates": [ [ [ [ 28.404384945162054, -12.872762790873807 ], [ 28.404384945162054, -12.872556221776293 ], [ 28.404511008985754, -12.872556221776293 ], [ 28.404511008985754, -12.872762790873807 ], [ 28.404384945162054, -12.872762790873807 ] ] ] ] } },
{ "type": "Feature", "properties": { "id": "7", "layer": "REMP_siteID17_irrig_06", "path": "C:/Users/hssid/Downloads/REMP_siteID17_irrig_06.geojson|geometrytype=Polygon" }, "geometry": { "type": "MultiPolygon", "coordinates": [ [ [ [ 28.432663037782969, -12.903887853344743 ], [ 28.432663037782969, -12.903689153346365 ], [ 28.432848110204997, -12.903689153346365 ], [ 28.432848110204997, -12.903887853344743 ], [ 28.432663037782969, -12.903887853344743 ] ] ] ] } },
{ "type": "Feature", "properties": { "id": "8", "layer": "REMP_siteID17_irrig_06", "path": "C:/Users/hssid/Downloads/REMP_siteID17_irrig_06.geojson|geometrytype=Polygon" }, "geometry": { "type": "MultiPolygon", "coordinates": [ [ [ [ 28.434221446581617, -12.917581566167868 ], [ 28.434221446581617, -12.917110986433954 ], [ 28.434336781569257, -12.917110986433954 ], [ 28.434336781569257, -12.917581566167868 ], [ 28.434221446581617, -12.917581566167868 ] ] ] ] } },
{ "type": "Feature", "properties": { "id": "9", "layer": "REMP_siteID17_irrig_06", "path": "C:/Users/hssid/Downloads/REMP_siteID17_irrig_06.geojson|geometrytype=Polygon" }, "geometry": { "type": "MultiPolygon", "coordinates": [ [ [ [ 28.434709608622327, -12.918227304693294 ], [ 28.434709608622327, -12.918122731766019 ], [ 28.434846401282087, -12.918122731766019 ], [ 28.434846401282087, -12.918227304693294 ], [ 28.434709608622327, -12.918227304693294 ] ] ] ] } },
{ "type": "Feature", "properties": { "id": "10", "layer": "REMP_siteID17_irrig_06", "path": "C:/Users/hssid/Downloads/REMP_siteID17_irrig_06.geojson|geometrytype=Polygon" }, "geometry": { "type": "MultiPolygon", "coordinates": [ [ [ [ 28.432848970084084, -12.8738525758106 ], [ 28.432848970084084, -12.873564949157064 ], [ 28.432932118563546, -12.873564949157064 ], [ 28.432932118563546, -12.8738525758106 ], [ 28.432848970084084, -12.8738525758106 ] ] ] ] } },
{ "type": "Feature", "properties": { "id": "11", "layer": "REMP_siteID17_irrig_06", "path": "C:/Users/hssid/Downloads/REMP_siteID17_irrig_06.geojson|geometrytype=Polygon" }, "geometry": { "type": "MultiPolygon", "coordinates": [ [ [ [ 28.432975033907784, -12.874569026221856 ], [ 28.432975033907784, -12.874435672468284 ], [ 28.433060864596261, -12.874435672468284 ], [ 28.433060864596261, -12.874569026221856 ], [ 28.432975033907784, -12.874569026221856 ] ] ] ] } },
{ "type": "Feature", "properties": { "id": "12", "layer": "REMP_siteID17_irrig_06", "path": "C:/Users/hssid/Downloads/REMP_siteID17_irrig_06.geojson|geometrytype=Polygon" }, "geometry": { "type": "MultiPolygon", "coordinates": [ [ [ [ 28.441515187411202, -12.875476352818637 ], [ 28.441515187411202, -12.875149506440311 ], [ 28.441660026698006, -12.875149506440311 ], [ 28.441660026698006, -12.875476352818637 ], [ 28.441515187411202, -12.875476352818637 ] ] ] ] } },
{ "type": "Feature", "properties": { "id": "13", "layer": "REMP_siteID17_irrig_06", "path": "C:/Users/hssid/Downloads/REMP_siteID17_irrig_06.geojson|geometrytype=Polygon" }, "geometry": { "type": "MultiPolygon", "coordinates": [ [ [ [ 28.440041852579068, -12.876884128015069 ], [ 28.440041852579068, -12.876698480367173 ], [ 28.440130365476559, -12.876698480367173 ], [ 28.440130365476559, -12.876884128015069 ], [ 28.440041852579068, -12.876884128015069 ] ] ] ] } },
{ "type": "Feature", "properties": { "id": "14", "layer": "REMP_siteID17_irrig_06", "path": "C:/Users/hssid/Downloads/REMP_siteID17_irrig_06.geojson|geometrytype=Polygon" }, "geometry": { "type": "MultiPolygon", "coordinates": [ [ [ [ 28.44047637043948, -12.876285348488215 ], [ 28.44047637043948, -12.876084011819398 ], [ 28.440650714025448, -12.876084011819398 ], [ 28.440650714025448, -12.876285348488215 ], [ 28.44047637043948, -12.876285348488215 ] ] ] ] } },
{ "type": "Feature", "properties": { "id": "15", "layer": "REMP_siteID17_irrig_06", "path": "C:/Users/hssid/Downloads/REMP_siteID17_irrig_06.geojson|geometrytype=Polygon" }, "geometry": { "type": "MultiPolygon", "coordinates": [ [ [ [ 28.440867972955655, -12.876625267172447 ], [ 28.440867972955655, -12.87653113589066 ], [ 28.441028905496548, -12.87653113589066 ], [ 28.441028905496548, -12.876625267172447 ], [ 28.440867972955655, -12.876625267172447 ] ] ] ] } },
{ "type": "Feature", "properties": { "id": "16", "layer": "REMP_siteID17_irrig_06", "path": "C:/Users/hssid/Downloads/REMP_siteID17_irrig_06.geojson|geometrytype=Polygon" }, "geometry": { "type": "MultiPolygon", "coordinates": [ [ [ [ 28.449797046766232, -12.883026111383515 ], [ 28.449797046766232, -12.882843082978617 ], [ 28.449947250471066, -12.882843082978617 ], [ 28.449947250471066, -12.883026111383515 ], [ 28.449797046766232, -12.883026111383515 ] ] ] ] } },
{ "type": "Feature", "properties": { "id": "17", "layer": "REMP_siteID17_irrig_06", "path": "C:/Users/hssid/Downloads/REMP_siteID17_irrig_06.geojson|geometrytype=Polygon" }, "geometry": { "type": "MultiPolygon", "coordinates": [ [ [ [ 28.453803352800513, -12.893387776232023 ], [ 28.453803352800513, -12.892692296360723 ], [ 28.454361252275611, -12.892692296360723 ], [ 28.454361252275611, -12.893387776232023 ], [ 28.453803352800513, -12.893387776232023 ] ] ] ] } },
{ "type": "Feature", "properties": { "id": "18", "layer": "REMP_siteID17_irrig_06", "path": "C:/Users/hssid/Downloads/REMP_siteID17_irrig_06.geojson|geometrytype=Polygon" }, "geometry": { "type": "MultiPolygon", "coordinates": [ [ [ [ 28.452902130571509, -12.893926379616634 ], [ 28.452902130571509, -12.893236130409798 ], [ 28.453610233751441, -12.893236130409798 ], [ 28.453610233751441, -12.893926379616634 ], [ 28.452902130571509, -12.893926379616634 ] ] ] ] } },
{ "type": "Feature", "properties": { "id": "19", "layer": "REMP_siteID17_irrig_06", "path": "C:/Users/hssid/Downloads/REMP_siteID17_irrig_06.geojson|geometrytype=Polygon" }, "geometry": { "type": "MultiPolygon", "coordinates": [ [ [ [ 28.453250817743445, -12.892169377891602 ], [ 28.453250817743445, -12.891384998139749 ], [ 28.454468540636206, -12.891384998139749 ], [ 28.454468540636206, -12.892169377891602 ], [ 28.453250817743445, -12.892169377891602 ] ] ] ] } },
{ "type": "Feature", "properties": { "id": "20", "layer": "REMP_siteID17_irrig_06", "path": "C:/Users/hssid/Downloads/REMP_siteID17_irrig_06.geojson|geometrytype=Polygon" }, "geometry": { "type": "MultiPolygon", "coordinates": [ [ [ [ 28.454425625291968, -12.893827025681407 ], [ 28.454425625291968, -12.893115859519929 ], [ 28.454924516168738, -12.893115859519929 ], [ 28.454924516168738, -12.893827025681407 ], [ 28.454425625291968, -12.893827025681407 ] ] ] ] } },
{ "type": "Feature", "properties": { "id": "21", "layer": "REMP_siteID17_irrig_06", "path": "C:/Users/hssid/Downloads/REMP_siteID17_irrig_06.geojson|geometrytype=Polygon" }, "geometry": { "type": "MultiPolygon", "coordinates": [ [ [ [ 28.453470758882666, -12.894783959312765 ], [ 28.453470758882666, -12.894030962663733 ], [ 28.453996471849585, -12.894030962663733 ], [ 28.453996471849585, -12.894783959312765 ], [ 28.453470758882666, -12.894783959312765 ] ] ] ] } },
{ "type": "Feature", "properties": { "id": "22", "layer": "REMP_siteID17_irrig_06", "path": "C:/Users/hssid/Downloads/REMP_siteID17_irrig_06.geojson|geometrytype=Polygon" }, "geometry": { "type": "MultiPolygon", "coordinates": [ [ [ [ 28.452486698040893, -12.891190129867478 ], [ 28.452486698040893, -12.890787480326816 ], [ 28.452776376614501, -12.890787480326816 ], [ 28.452776376614501, -12.891190129867478 ], [ 28.452486698040893, -12.891190129867478 ] ] ] ] } },
{ "type": "Feature", "properties": { "id": "23", "layer": "REMP_siteID17_irrig_06", "path": "C:/Users/hssid/Downloads/REMP_siteID17_irrig_06.geojson|geometrytype=Polygon" }, "geometry": { "type": "MultiPolygon", "coordinates": [ [ [ [ 28.458167859842767, -12.881189093230423 ], [ 28.458167859842767, -12.880922392697444 ], [ 28.458441445162286, -12.880922392697444 ], [ 28.458441445162286, -12.881189093230423 ], [ 28.458167859842767, -12.881189093230423 ] ] ] ] } },
{ "type": "Feature", "properties": { "id": "24", "layer": "REMP_siteID17_irrig_06", "path": "C:/Users/hssid/Downloads/REMP_siteID17_irrig_06.geojson|geometrytype=Polygon" }, "geometry": { "type": "MultiPolygon", "coordinates": [ [ [ [ 28.461568900873651, -12.878997956907691 ], [ 28.461568900873651, -12.878516845650928 ], [ 28.462019511988153, -12.878516845650928 ], [ 28.462019511988153, -12.878997956907691 ], [ 28.461568900873651, -12.878997956907691 ] ] ] ] } },
{ "type": "Feature", "properties": { "id": "25", "layer": "REMP_siteID17_irrig_06", "path": "C:/Users/hssid/Downloads/REMP_siteID17_irrig_06.geojson|geometrytype=Polygon" }, "geometry": { "type": "MultiPolygon", "coordinates": [ [ [ [ 28.46160108738183, -12.878213535905648 ], [ 28.46160108738183, -12.87791022579327 ], [ 28.461821028521051, -12.87791022579327 ], [ 28.461821028521051, -12.878213535905648 ], [ 28.46160108738183, -12.878213535905648 ] ] ] ] } },
{ "type": "Feature", "properties": { "id": "26", "layer": "REMP_siteID17_irrig_06", "path": "C:/Users/hssid/Downloads/REMP_siteID17_irrig_06.geojson|geometrytype=Polygon" }, "geometry": { "type": "MultiPolygon", "coordinates": [ [ [ [ 28.468510457804193, -12.875834110513541 ], [ 28.468510457804193, -12.875305927307917 ], [ 28.468923517992486, -12.875305927307917 ], [ 28.468923517992486, -12.875834110513541 ], [ 28.468510457804193, -12.875834110513541 ] ] ] ] } },
{ "type": "Feature", "properties": { "id": "27", "layer": "REMP_siteID17_irrig_06", "path": "C:/Users/hssid/Downloads/REMP_siteID17_irrig_06.geojson|geometrytype=Polygon" }, "geometry": { "type": "MultiPolygon", "coordinates": [ [ [ [ 28.464642712404718, -12.874610397230464 ], [ 28.464642712404718, -12.874333230571638 ], [ 28.46484656028985, -12.874333230571638 ], [ 28.46484656028985, -12.874610397230464 ], [ 28.464642712404718, -12.874610397230464 ] ] ] ] } },
{ "type": "Feature", "properties": { "id": "28", "layer": "REMP_siteID17_irrig_06", "path": "C:/Users/hssid/Downloads/REMP_siteID17_irrig_06.geojson|geometrytype=Polygon" }, "geometry": { "type": "MultiPolygon", "coordinates": [ [ [ [ 28.470025905897607, -12.872074049395854 ], [ 28.470025905897607, -12.872008679267122 ], [ 28.470133194258203, -12.872008679267122 ], [ 28.470133194258203, -12.872074049395854 ], [ 28.470025905897607, -12.872074049395854 ] ] ] ] } },
{ "type": "Feature", "properties": { "id": "29", "layer": "REMP_siteID17_irrig_06", "path": "C:/Users/hssid/Downloads/REMP_siteID17_irrig_06.geojson|geometrytype=Polygon" }, "geometry": { "type": "MultiPolygon", "coordinates": [ [ [ [ 28.401959349475469, -12.858144137423578 ], [ 28.401959349475469, -12.858078763664954 ], [ 28.40204249795493, -12.858078763664954 ], [ 28.40204249795493, -12.858144137423578 ], [ 28.401959349475469, -12.858144137423578 ] ] ] ] } },
{ "type": "Feature", "properties": { "id": "30", "layer": "REMP_siteID17_irrig_06", "path": "C:/Users/hssid/Downloads/REMP_siteID17_irrig_06.geojson|geometrytype=Polygon" }, "geometry": { "type": "MultiPolygon", "coordinates": [ [ [ [ 28.402230252585973, -12.857495628984797 ], [ 28.402230252585973, -12.857425025142346 ], [ 28.402329494319524, -12.857425025142346 ], [ 28.402329494319524, -12.857495628984797 ], [ 28.402230252585973, -12.857495628984797 ] ] ] ] } },
{ "type": "Feature", "properties": { "id": "31", "layer": "REMP_siteID17_irrig_06", "path": "C:/Users/hssid/Downloads/REMP_siteID17_irrig_06.geojson|geometrytype=Polygon" }, "geometry": { "type": "MultiPolygon", "coordinates": [ [ [ [ 28.40355526383933, -12.857184448937469 ], [ 28.40355526383933, -12.857069390671032 ], [ 28.403761793933477, -12.857069390671032 ], [ 28.403761793933477, -12.857184448937469 ], [ 28.40355526383933, -12.857184448937469 ] ] ] ] } },
{ "type": "Feature", "properties": { "id": "32", "layer": "REMP_siteID17_irrig_06", "path": "C:/Users/hssid/Downloads/REMP_siteID17_irrig_06.geojson|geometrytype=Polygon" }, "geometry": { "type": "MultiPolygon", "coordinates": [ [ [ [ 28.405483772121038, -12.855563168501121 ], [ 28.405483772121038, -12.855435034600839 ], [ 28.405974616370763, -12.855435034600839 ], [ 28.405974616370763, -12.855563168501121 ], [ 28.405483772121038, -12.855563168501121 ] ] ] ] } },
{ "type": "Feature", "properties": { "id": "33", "layer": "REMP_siteID17_irrig_06", "path": "C:/Users/hssid/Downloads/REMP_siteID17_irrig_06.geojson|geometrytype=Polygon" }, "geometry": { "type": "MultiPolygon", "coordinates": [ [ [ [ 28.406832923255529, -12.854930343296317 ], [ 28.406832923255529, -12.854742064415124 ], [ 28.406940211616124, -12.854742064415124 ], [ 28.406940211616124, -12.854930343296317 ], [ 28.406832923255529, -12.854930343296317 ] ] ] ] } },
{ "type": "Feature", "properties": { "id": "34", "layer": "REMP_siteID17_irrig_06", "path": "C:/Users/hssid/Downloads/REMP_siteID17_irrig_06.geojson|geometrytype=Polygon" }, "geometry": { "type": "MultiPolygon", "coordinates": [ [ [ [ 28.407066649809718, -12.853508899164035 ], [ 28.407066649809718, -12.853129724126511 ], [ 28.407155162707209, -12.853129724126511 ], [ 28.407155162707209, -12.853508899164035 ], [ 28.407066649809718, -12.853508899164035 ] ] ] ] } },
{ "type": "Feature", "properties": { "id": "35", "layer": "REMP_siteID17_irrig_06", "path": "C:/Users/hssid/Downloads/REMP_siteID17_irrig_06.geojson|geometrytype=Polygon" }, "geometry": { "type": "MultiPolygon", "coordinates": [ [ [ [ 28.412339309974037, -12.841184998951364 ], [ 28.412339309974037, -12.840860723048021 ], [ 28.412693361564003, -12.840860723048021 ], [ 28.412693361564003, -12.841184998951364 ], [ 28.412339309974037, -12.841184998951364 ] ] ] ] } },
{ "type": "Feature", "properties": { "id": "36", "layer": "REMP_siteID17_irrig_06", "path": "C:/Users/hssid/Downloads/REMP_siteID17_irrig_06.geojson|geometrytype=Polygon" }, "geometry": { "type": "MultiPolygon", "coordinates": [ [ [ [ 28.413229803366981, -12.83993496534465 ], [ 28.413229803366981, -12.839626378685887 ], [ 28.413787702842079, -12.839626378685887 ], [ 28.413787702842079, -12.83993496534465 ], [ 28.413229803366981, -12.83993496534465 ] ] ] ] } },
{ "type": "Feature", "properties": { "id": "37", "layer": "REMP_siteID17_irrig_06", "path": "C:/Users/hssid/Downloads/REMP_siteID17_irrig_06.geojson|geometrytype=Polygon" }, "geometry": { "type": "MultiPolygon", "coordinates": [ [ [ [ 28.418905631552629, -12.842194400506846 ], [ 28.418905631552629, -12.841817823511622 ], [ 28.419506446371965, -12.841817823511622 ], [ 28.419506446371965, -12.842194400506846 ], [ 28.418905631552629, -12.842194400506846 ] ] ] ] } },
{ "type": "Feature", "properties": { "id": "38", "layer": "REMP_siteID17_irrig_06", "path": "C:/Users/hssid/Downloads/REMP_siteID17_irrig_06.geojson|geometrytype=Polygon" }, "geometry": { "type": "MultiPolygon", "coordinates": [ [ [ [ 28.416185871611528, -12.840787464126956 ], [ 28.416185871611528, -12.840567793052017 ], [ 28.416491643439226, -12.840567793052017 ], [ 28.416491643439226, -12.840787464126956 ], [ 28.416185871611528, -12.840787464126956 ] ] ] ] } },
{ "type": "Feature", "properties": { "id": "39", "layer": "REMP_siteID17_irrig_06", "path": "C:/Users/hssid/Downloads/REMP_siteID17_irrig_06.geojson|geometrytype=Polygon" }, "geometry": { "type": "MultiPolygon", "coordinates": [ [ [ [ 28.445000848143291, -12.841720545679902 ], [ 28.445000848143291, -12.841411961213213 ], [ 28.445472916929912, -12.841411961213213 ], [ 28.445472916929912, -12.841720545679902 ], [ 28.445000848143291, -12.841720545679902 ] ] ] ] } },
{ "type": "Feature", "properties": { "id": "40", "layer": "REMP_siteID17_irrig_06", "path": "C:/Users/hssid/Downloads/REMP_siteID17_irrig_06.geojson|geometrytype=Polygon" }, "geometry": { "type": "MultiPolygon", "coordinates": [ [ [ [ 28.443836769430828, -12.842599224797851 ], [ 28.443836769430828, -12.842437087810785 ], [ 28.444212278692913, -12.842437087810785 ], [ 28.444212278692913, -12.842599224797851 ], [ 28.443836769430828, -12.842599224797851 ] ] ] ] } },
{ "type": "Feature", "properties": { "id": "41", "layer": "REMP_siteID17_irrig_06", "path": "C:/Users/hssid/Downloads/REMP_siteID17_irrig_06.geojson|geometrytype=Polygon" }, "geometry": { "type": "MultiPolygon", "coordinates": [ [ [ [ 28.443386158316326, -12.841976827406635 ], [ 28.443386158316326, -12.841417191461563 ], [ 28.443756303160381, -12.841417191461563 ], [ 28.443756303160381, -12.841976827406635 ], [ 28.443386158316326, -12.841976827406635 ] ] ] ] } },
{ "type": "Feature", "properties": { "id": "42", "layer": "REMP_siteID17_irrig_06", "path": "C:/Users/hssid/Downloads/REMP_siteID17_irrig_06.geojson|geometrytype=Polygon" }, "geometry": { "type": "MultiPolygon", "coordinates": [ [ [ [ 28.440891703932476, -12.843226850858425 ], [ 28.440891703932476, -12.842907807806828 ], [ 28.441299399702739, -12.842907807806828 ], [ 28.441299399702739, -12.843226850858425 ], [ 28.440891703932476, -12.843226850858425 ] ] ] ] } },
{ "type": "Feature", "properties": { "id": "43", "layer": "REMP_siteID17_irrig_06", "path": "C:/Users/hssid/Downloads/REMP_siteID17_irrig_06.geojson|geometrytype=Polygon" }, "geometry": { "type": "MultiPolygon", "coordinates": [ [ [ [ 28.435854515402507, -12.846270815014783 ], [ 28.435854515402507, -12.846171442196756 ], [ 28.435993990271282, -12.846171442196756 ], [ 28.435993990271282, -12.846270815014783 ], [ 28.435854515402507, -12.846270815014783 ] ] ] ] } },
{ "type": "Feature", "properties": { "id": "44", "layer": "REMP_siteID17_irrig_06", "path": "C:/Users/hssid/Downloads/REMP_siteID17_irrig_06.geojson|geometrytype=Polygon" }, "geometry": { "type": "MultiPolygon", "coordinates": [ [ [ [ 28.435902795164775, -12.846663075754796 ], [ 28.435902795164775, -12.846448639959473 ], [ 28.436401686041545, -12.846448639959473 ], [ 28.436401686041545, -12.846663075754796 ], [ 28.435902795164775, -12.846663075754796 ] ] ] ] } },
{ "type": "Feature", "properties": { "id": "45", "layer": "REMP_siteID17_irrig_06", "path": "C:/Users/hssid/Downloads/REMP_siteID17_irrig_06.geojson|geometrytype=Polygon" }, "geometry": { "type": "MultiPolygon", "coordinates": [ [ [ [ 28.436562618582439, -12.846898431904823 ], [ 28.436562618582439, -12.846459100246422 ], [ 28.437152704565715, -12.846459100246422 ], [ 28.437152704565715, -12.846898431904823 ], [ 28.436562618582439, -12.846898431904823 ] ] ] ] } },
{ "type": "Feature", "properties": { "id": "46", "layer": "REMP_siteID17_irrig_06", "path": "C:/Users/hssid/Downloads/REMP_siteID17_irrig_06.geojson|geometrytype=Polygon" }, "geometry": { "type": "MultiPolygon", "coordinates": [ [ [ [ 28.435323438017559, -12.84484298074957 ], [ 28.435323438017559, -12.844314732316928 ], [ 28.435929617254924, -12.844314732316928 ], [ 28.435929617254924, -12.84484298074957 ], [ 28.435323438017559, -12.84484298074957 ] ] ] ] } },
{ "type": "Feature", "properties": { "id": "47", "layer": "REMP_siteID17_irrig_06", "path": "C:/Users/hssid/Downloads/REMP_siteID17_irrig_06.geojson|geometrytype=Polygon" }, "geometry": { "type": "MultiPolygon", "coordinates": [ [ [ [ 28.434867462485027, -12.845538593328232 ], [ 28.434867462485027, -12.845245704056138 ], [ 28.435082039206218, -12.845245704056138 ], [ 28.435082039206218, -12.845538593328232 ], [ 28.434867462485027, -12.845538593328232 ] ] ] ] } },
{ "type": "Feature", "properties": { "id": "48", "layer": "REMP_siteID17_irrig_06", "path": "C:/Users/hssid/Downloads/REMP_siteID17_irrig_06.geojson|geometrytype=Polygon" }, "geometry": { "type": "MultiPolygon", "coordinates": [ [ [ [ 28.434910377829265, -12.845088798948511 ], [ 28.434910377829265, -12.84465469430689 ], [ 28.435275158255291, -12.84465469430689 ], [ 28.435275158255291, -12.845088798948511 ], [ 28.434910377829265, -12.845088798948511 ] ] ] ] } },
{ "type": "Feature", "properties": { "id": "49", "layer": "REMP_siteID17_irrig_06", "path": "C:/Users/hssid/Downloads/REMP_siteID17_irrig_06.geojson|geometrytype=Polygon" }, "geometry": { "type": "MultiPolygon", "coordinates": [ [ [ [ 28.435403904288005, -12.845219553211665 ], [ 28.435403904288005, -12.844958044617306 ], [ 28.435725769369792, -12.844958044617306 ], [ 28.435725769369792, -12.845219553211665 ], [ 28.435403904288005, -12.845219553211665 ] ] ] ] } },
{ "type": "Feature", "properties": { "id": "50", "layer": "REMP_siteID17_irrig_06", "path": "C:/Users/hssid/Downloads/REMP_siteID17_irrig_06.geojson|geometrytype=Polygon" }, "geometry": { "type": "MultiPolygon", "coordinates": [ [ [ [ 28.434144331742143, -12.847643559094831 ], [ 28.434144331742143, -12.847219919122493 ], [ 28.43445546798787, -12.847219919122493 ], [ 28.43445546798787, -12.847643559094831 ], [ 28.434144331742143, -12.847643559094831 ] ] ] ] } },
{ "type": "Feature", "properties": { "id": "51", "layer": "REMP_siteID17_irrig_06", "path": "C:/Users/hssid/Downloads/REMP_siteID17_irrig_06.geojson|geometrytype=Polygon" }, "geometry": { "type": "MultiPolygon", "coordinates": [ [ [ [ 28.434530569840287, -12.84758079766253 ], [ 28.434530569840287, -12.847350672276585 ], [ 28.434873892594194, -12.847350672276585 ], [ 28.434873892594194, -12.84758079766253 ], [ 28.434530569840287, -12.84758079766253 ] ] ] ] } },
{ "type": "Feature", "properties": { "id": "52", "layer": "REMP_siteID17_irrig_06", "path": "C:/Users/hssid/Downloads/REMP_siteID17_irrig_06.geojson|geometrytype=Polygon" }, "geometry": { "type": "MultiPolygon", "coordinates": [ [ [ [ 28.441311194229936, -12.852685342927732 ], [ 28.441311194229936, -12.852324471721658 ], [ 28.441439940262651, -12.852324471721658 ], [ 28.441439940262651, -12.852685342927732 ], [ 28.441311194229936, -12.852685342927732 ] ] ] ] } },
{ "type": "Feature", "properties": { "id": "53", "layer": "REMP_siteID17_irrig_06", "path": "C:/Users/hssid/Downloads/REMP_siteID17_irrig_06.geojson|geometrytype=Polygon" }, "geometry": { "type": "MultiPolygon", "coordinates": [ [ [ [ 28.441874710892069, -12.859173539283047 ], [ 28.441874710892069, -12.859061096868823 ], [ 28.44222608027302, -12.859061096868823 ], [ 28.44222608027302, -12.859173539283047 ], [ 28.441874710892069, -12.859173539283047 ] ] ] ] } },
{ "type": "Feature", "properties": { "id": "54", "layer": "REMP_siteID17_irrig_06", "path": "C:/Users/hssid/Downloads/REMP_siteID17_irrig_06.geojson|geometrytype=Polygon" }, "geometry": { "type": "MultiPolygon", "coordinates": [ [ [ [ 28.441131738994944, -12.858417820693488 ], [ 28.441131738994944, -12.858187705238544 ], [ 28.441383866642344, -12.858187705238544 ], [ 28.441383866642344, -12.858417820693488 ], [ 28.441131738994944, -12.858417820693488 ] ] ] ] } },
{ "type": "Feature", "properties": { "id": "55", "layer": "REMP_siteID17_irrig_06", "path": "C:/Users/hssid/Downloads/REMP_siteID17_irrig_06.geojson|geometrytype=Polygon" }, "geometry": { "type": "MultiPolygon", "coordinates": [ [ [ [ 28.456718055580485, -12.852131409029555 ], [ 28.456718055580485, -12.851713006660383 ], [ 28.457018462990153, -12.851713006660383 ], [ 28.457018462990153, -12.852131409029555 ], [ 28.456718055580485, -12.852131409029555 ] ] ] ] } },
{ "type": "Feature", "properties": { "id": "56", "layer": "REMP_siteID17_irrig_06", "path": "C:/Users/hssid/Downloads/REMP_siteID17_irrig_06.geojson|geometrytype=Polygon" }, "geometry": { "type": "MultiPolygon", "coordinates": [ [ [ [ 28.450822560165751, -12.8516293261029 ], [ 28.450822560165751, -12.85136782418104 ], [ 28.450983492706644, -12.85136782418104 ], [ 28.450983492706644, -12.8516293261029 ], [ 28.450822560165751, -12.8516293261029 ] ] ] ] } },
{ "type": "Feature", "properties": { "id": "57", "layer": "REMP_siteID17_irrig_06", "path": "C:/Users/hssid/Downloads/REMP_siteID17_irrig_06.geojson|geometrytype=Polygon" }, "geometry": { "type": "MultiPolygon", "coordinates": [ [ [ [ 28.457694379661906, -12.853190486911021 ], [ 28.457694379661906, -12.852949906648545 ], [ 28.457860676620829, -12.852949906648545 ], [ 28.457860676620829, -12.853190486911021 ], [ 28.457694379661906, -12.853190486911021 ] ] ] ] } },
{ "type": "Feature", "properties": { "id": "58", "layer": "REMP_siteID17_irrig_06", "path": "C:/Users/hssid/Downloads/REMP_siteID17_irrig_06.geojson|geometrytype=Polygon" }, "geometry": { "type": "MultiPolygon", "coordinates": [ [ [ [ 28.456277457776082, -12.851667552910619 ], [ 28.456277457776082, -12.851113168597438 ], [ 28.45658859402181, -12.851113168597438 ], [ 28.45658859402181, -12.851667552910619 ], [ 28.456277457776082, -12.851667552910619 ] ] ] ] } },
{ "type": "Feature", "properties": { "id": "59", "layer": "REMP_siteID17_irrig_06", "path": "C:/Users/hssid/Downloads/REMP_siteID17_irrig_06.geojson|geometrytype=Polygon" }, "geometry": { "type": "MultiPolygon", "coordinates": [ [ [ [ 28.457131024571929, -12.850195282173708 ], [ 28.457131024571929, -12.849810872059676 ], [ 28.457447525235686, -12.849810872059676 ], [ 28.457447525235686, -12.850195282173708 ], [ 28.457131024571929, -12.850195282173708 ] ] ] ] } },
{ "type": "Feature", "properties": { "id": "60", "layer": "REMP_siteID17_irrig_06", "path": "C:/Users/hssid/Downloads/REMP_siteID17_irrig_06.geojson|geometrytype=Polygon" }, "geometry": { "type": "MultiPolygon", "coordinates": [ [ [ [ 28.460068043443236, -12.850579691699414 ], [ 28.460068043443236, -12.850375719371289 ], [ 28.46021824714807, -12.850375719371289 ], [ 28.46021824714807, -12.850579691699414 ], [ 28.460068043443236, -12.850579691699414 ] ] ] ] } },
{ "type": "Feature", "properties": { "id": "61", "layer": "REMP_siteID17_irrig_06", "path": "C:/Users/hssid/Downloads/REMP_siteID17_irrig_06.geojson|geometrytype=Polygon" }, "geometry": { "type": "MultiPolygon", "coordinates": [ [ [ [ 28.460304077836547, -12.850522161059542 ], [ 28.460304077836547, -12.850391409556257 ], [ 28.460384544106994, -12.850391409556257 ], [ 28.460384544106994, -12.850522161059542 ], [ 28.460304077836547, -12.850522161059542 ] ] ] ] } },
{ "type": "Feature", "properties": { "id": "62", "layer": "REMP_siteID17_irrig_06", "path": "C:/Users/hssid/Downloads/REMP_siteID17_irrig_06.geojson|geometrytype=Polygon" }, "geometry": { "type": "MultiPolygon", "coordinates": [ [ [ [ 28.46171491977838, -12.848440589043859 ], [ 28.46171491977838, -12.848121552612447 ], [ 28.461865123483214, -12.848121552612447 ], [ 28.461865123483214, -12.848440589043859 ], [ 28.46171491977838, -12.848440589043859 ] ] ] ] } },
{ "type": "Feature", "properties": { "id": "63", "layer": "REMP_siteID17_irrig_06", "path": "C:/Users/hssid/Downloads/REMP_siteID17_irrig_06.geojson|geometrytype=Polygon" }, "geometry": { "type": "MultiPolygon", "coordinates": [ [ [ [ 28.461339410516295, -12.848456279349699 ], [ 28.461339410516295, -12.848084941848493 ], [ 28.461446698876891, -12.848084941848493 ], [ 28.461446698876891, -12.848456279349699 ], [ 28.461339410516295, -12.848456279349699 ] ] ] ] } },
{ "type": "Feature", "properties": { "id": "65", "layer": "REMP_siteID17_irrig_06", "path": "C:/Users/hssid/Downloads/REMP_siteID17_irrig_06.geojson|geometrytype=Polygon" }, "geometry": { "type": "MultiPolygon", "coordinates": [ [ [ [ 28.463184770318541, -12.851008556054166 ], [ 28.463184770318541, -12.850417559862365 ], [ 28.463351067277465, -12.850417559862365 ], [ 28.463351067277465, -12.851008556054166 ], [ 28.463184770318541, -12.851008556054166 ] ] ] ] } },
{ "type": "Feature", "properties": { "id": "66", "layer": "REMP_siteID17_irrig_06", "path": "C:/Users/hssid/Downloads/REMP_siteID17_irrig_06.geojson|geometrytype=Polygon" }, "geometry": { "type": "MultiPolygon", "coordinates": [ [ [ [ 28.463517364236388, -12.851154997373436 ], [ 28.463517364236388, -12.850815044179896 ], [ 28.463705118867431, -12.850815044179896 ], [ 28.463705118867431, -12.851154997373436 ], [ 28.463517364236388, -12.851154997373436 ] ] ] ] } },
{ "type": "Feature", "properties": { "id": "67", "layer": "REMP_siteID17_irrig_06", "path": "C:/Users/hssid/Downloads/REMP_siteID17_irrig_06.geojson|geometrytype=Polygon" }, "geometry": { "type": "MultiPolygon", "coordinates": [ [ [ [ 28.462299641343627, -12.851212527868363 ], [ 28.462299641343627, -12.850412329801362 ], [ 28.462535675736937, -12.850412329801362 ], [ 28.462535675736937, -12.851212527868363 ], [ 28.462299641343627, -12.851212527868363 ] ] ] ] } },
{ "type": "Feature", "properties": { "id": "68", "layer": "REMP_siteID17_irrig_06", "path": "C:/Users/hssid/Downloads/REMP_siteID17_irrig_06.geojson|geometrytype=Polygon" }, "geometry": { "type": "MultiPolygon", "coordinates": [ [ [ [ 28.462734159204039, -12.851207297823912 ], [ 28.462734159204039, -12.850527391118268 ], [ 28.462900456162963, -12.850527391118268 ], [ 28.462900456162963, -12.851207297823912 ], [ 28.462734159204039, -12.851207297823912 ] ] ] ] } },
{ "type": "Feature", "properties": { "id": "69", "layer": "REMP_siteID17_irrig_06", "path": "C:/Users/hssid/Downloads/REMP_siteID17_irrig_06.geojson|geometrytype=Polygon" }, "geometry": { "type": "MultiPolygon", "coordinates": [ [ [ [ 28.461285766335997, -12.850611072042897 ], [ 28.461285766335997, -12.850213587402564 ], [ 28.461752470704589, -12.850213587402564 ], [ 28.461752470704589, -12.850611072042897 ], [ 28.461285766335997, -12.850611072042897 ] ] ] ] } },
{ "type": "Feature", "properties": { "id": "70", "layer": "REMP_siteID17_irrig_06", "path": "C:/Users/hssid/Downloads/REMP_siteID17_irrig_06.geojson|geometrytype=Polygon" }, "geometry": { "type": "MultiPolygon", "coordinates": [ [ [ [ 28.459917839738402, -12.848079711738931 ], [ 28.459917839738402, -12.847703143563676 ], [ 28.460427459451232, -12.847703143563676 ], [ 28.460427459451232, -12.848079711738931 ], [ 28.459917839738402, -12.848079711738931 ] ] ] ] } },
{ "type": "Feature", "properties": { "id": "71", "layer": "REMP_siteID17_irrig_06", "path": "C:/Users/hssid/Downloads/REMP_siteID17_irrig_06.geojson|geometrytype=Polygon" }, "geometry": { "type": "MultiPolygon", "coordinates": [ [ [ [ 28.459000524255309, -12.850171746877511 ], [ 28.459000524255309, -12.849899783294804 ], [ 28.459354575845275, -12.849899783294804 ], [ 28.459354575845275, -12.850171746877511 ], [ 28.459000524255309, -12.850171746877511 ] ] ] ] } },
{ "type": "Feature", "properties": { "id": "72", "layer": "REMP_siteID17_irrig_06", "path": "C:/Users/hssid/Downloads/REMP_siteID17_irrig_06.geojson|geometrytype=Polygon" }, "geometry": { "type": "MultiPolygon", "coordinates": [ [ [ [ 28.45973544952539, -12.851039936344053 ], [ 28.45973544952539, -12.850856884597778 ], [ 28.459896382066283, -12.850856884597778 ], [ 28.459896382066283, -12.851039936344053 ], [ 28.45973544952539, -12.851039936344053 ] ] ] ] } },
{ "type": "Feature", "properties": { "id": "73", "layer": "REMP_siteID17_irrig_06", "path": "C:/Users/hssid/Downloads/REMP_siteID17_irrig_06.geojson|geometrytype=Polygon" }, "geometry": { "type": "MultiPolygon", "coordinates": [ [ [ [ 28.464412292778459, -12.84916944917466 ], [ 28.464412292778459, -12.848918404876251 ], [ 28.46462686949965, -12.848918404876251 ], [ 28.46462686949965, -12.84916944917466 ], [ 28.464412292778459, -12.84916944917466 ] ] ] ] } },
{ "type": "Feature", "properties": { "id": "74", "layer": "REMP_siteID17_irrig_06", "path": "C:/Users/hssid/Downloads/REMP_siteID17_irrig_06.geojson|geometrytype=Polygon" }, "geometry": { "type": "MultiPolygon", "coordinates": [ [ [ [ 28.46236844950911, -12.848771962252993 ], [ 28.46236844950911, -12.848416315526785 ], [ 28.462926348984208, -12.848416315526785 ], [ 28.462926348984208, -12.848771962252993 ], [ 28.46236844950911, -12.848771962252993 ] ] ] ] } },
{ "type": "Feature", "properties": { "id": "75", "layer": "REMP_siteID17_irrig_06", "path": "C:/Users/hssid/Downloads/REMP_siteID17_irrig_06.geojson|geometrytype=Polygon" }, "geometry": { "type": "MultiPolygon", "coordinates": [ [ [ [ 28.463108739197221, -12.848766732157729 ], [ 28.463108739197221, -12.84846861654751 ], [ 28.463457426369157, -12.84846861654751 ], [ 28.463457426369157, -12.848766732157729 ], [ 28.463108739197221, -12.848766732157729 ] ] ] ] } },
{ "type": "Feature", "properties": { "id": "76", "layer": "REMP_siteID17_irrig_06", "path": "C:/Users/hssid/Downloads/REMP_siteID17_irrig_06.geojson|geometrytype=Polygon" }, "geometry": { "type": "MultiPolygon", "coordinates": [ [ [ [ 28.465560278236833, -12.850126553260571 ], [ 28.465560278236833, -12.849906890350201 ], [ 28.465807041466203, -12.849906890350201 ], [ 28.465807041466203, -12.850126553260571 ], [ 28.465560278236833, -12.850126553260571 ] ] ] ] } },
{ "type": "Feature", "properties": { "id": "0", "layer": "REMP_siteID58_irrig_01", "path": "C:/Users/hssid/Downloads/REMP_siteID58_irrig_01.geojson" }, "geometry": { "type": "MultiPolygon", "coordinates": [ [ [ [ 28.907786537829711, -9.528214942798444 ], [ 28.907786537829711, -9.528131618805265 ], [ 28.907875050727203, -9.528131618805265 ], [ 28.907875050727203, -9.528214942798444 ], [ 28.907786537829711, -9.528214942798444 ] ] ] ] } },
{ "type": "Feature", "properties": { "id": "1", "layer": "REMP_siteID58_irrig_01", "path": "C:/Users/hssid/Downloads/REMP_siteID58_irrig_01.geojson" }, "geometry": { "type": "MultiPolygon", "coordinates": [ [ [ [ 28.906842400256469, -9.528356461279948 ], [ 28.906842400256469, -9.528302234579019 ], [ 28.906890680018737, -9.528302234579019 ], [ 28.906890680018737, -9.528356461279948 ], [ 28.906842400256469, -9.528356461279948 ] ] ] ] } },
{ "type": "Feature", "properties": { "id": "2", "layer": "REMP_siteID58_irrig_01", "path": "C:/Users/hssid/Downloads/REMP_siteID58_irrig_01.geojson" }, "geometry": { "type": "MultiPolygon", "coordinates": [ [ [ [ 28.902402875597815, -9.526866720995111 ], [ 28.902402875597815, -9.526667007109298 ], [ 28.90265768545423, -9.526667007109298 ], [ 28.90265768545423, -9.526866720995111 ], [ 28.902402875597815, -9.526866720995111 ] ] ] ] } },
{ "type": "Feature", "properties": { "id": "3", "layer": "REMP_siteID58_irrig_01", "path": "C:/Users/hssid/Downloads/REMP_siteID58_irrig_01.geojson" }, "geometry": { "type": "MultiPolygon", "coordinates": [ [ [ [ 28.902195004399161, -9.526754299285686 ], [ 28.902195004399161, -9.526567811427238 ], [ 28.902372030194144, -9.526567811427238 ], [ 28.902372030194144, -9.526754299285686 ], [ 28.902195004399161, -9.526754299285686 ] ] ] ] } },
{ "type": "Feature", "properties": { "id": "4", "layer": "REMP_siteID58_irrig_01", "path": "C:/Users/hssid/Downloads/REMP_siteID58_irrig_01.geojson" }, "geometry": { "type": "MultiPolygon", "coordinates": [ [ [ [ 28.901246843512396, -9.526803235799045 ], [ 28.901246843512396, -9.526631296667082 ], [ 28.90140777605329, -9.526631296667082 ], [ 28.90140777605329, -9.526803235799045 ], [ 28.901246843512396, -9.526803235799045 ] ] ] ] } },
{ "type": "Feature", "properties": { "id": "5", "layer": "REMP_siteID58_irrig_01", "path": "C:/Users/hssid/Downloads/REMP_siteID58_irrig_01.geojson" }, "geometry": { "type": "MultiPolygon", "coordinates": [ [ [ [ 28.900065696708872, -9.526664193142141 ], [ 28.900065696708872, -9.526571610505686 ], [ 28.9001609151289, -9.526571610505686 ], [ 28.9001609151289, -9.526664193142141 ], [ 28.900065696708872, -9.526664193142141 ] ] ] ] } },
{ "type": "Feature", "properties": { "id": "6", "layer": "REMP_siteID58_irrig_01", "path": "C:/Users/hssid/Downloads/REMP_siteID58_irrig_01.geojson" }, "geometry": { "type": "MultiPolygon", "coordinates": [ [ [ [ 28.900026804678156, -9.526531932225224 ], [ 28.900026804678156, -9.526480350453737 ], [ 28.900109953157617, -9.526480350453737 ], [ 28.900109953157617, -9.526531932225224 ], [ 28.900026804678156, -9.526531932225224 ] ] ] ] } },
{ "type": "Feature", "properties": { "id": "7", "layer": "REMP_siteID58_irrig_01", "path": "C:/Users/hssid/Downloads/REMP_siteID58_irrig_01.geojson" }, "geometry": { "type": "MultiPolygon", "coordinates": [ [ [ [ 28.89973042058201, -9.526482995672973 ], [ 28.89973042058201, -9.526366606007011 ], [ 28.899792111389353, -9.526366606007011 ], [ 28.899792111389353, -9.526482995672973 ], [ 28.89973042058201, -9.526482995672973 ] ] ] ] } },
{ "type": "Feature", "properties": { "id": "8", "layer": "REMP_siteID58_irrig_01", "path": "C:/Users/hssid/Downloads/REMP_siteID58_irrig_01.geojson" }, "geometry": { "type": "MultiPolygon", "coordinates": [ [ [ [ 28.899089372627451, -9.526051824666229 ], [ 28.899089372627451, -9.525893111275115 ], [ 28.899228847496225, -9.525893111275115 ], [ 28.899228847496225, -9.526051824666229 ], [ 28.899089372627451, -9.526051824666229 ] ] ] ] } },
{ "type": "Feature", "properties": { "id": "9", "layer": "REMP_siteID58_irrig_01", "path": "C:/Users/hssid/Downloads/REMP_siteID58_irrig_01.geojson" }, "geometry": { "type": "MultiPolygon", "coordinates": [ [ [ [ 28.898735321037485, -9.526014791548238 ], [ 28.898735321037485, -9.525898401722674 ], [ 28.898874795906259, -9.525898401722674 ], [ 28.898874795906259, -9.526014791548238 ], [ 28.898735321037485, -9.526014791548238 ] ] ] ] } },
{ "type": "Feature", "properties": { "id": "10", "layer": "REMP_siteID58_irrig_01", "path": "C:/Users/hssid/Downloads/REMP_siteID58_irrig_01.geojson" }, "geometry": { "type": "MultiPolygon", "coordinates": [ [ [ [ 28.896276235994293, -9.524560415409571 ], [ 28.896276235994293, -9.524483703611349 ], [ 28.896333903488113, -9.524483703611349 ], [ 28.896333903488113, -9.524560415409571 ], [ 28.896276235994293, -9.524560415409571 ] ] ] ] } },
{ "type": "Feature", "properties": { "id": "11", "layer": "REMP_siteID58_irrig_01", "path": "C:/Users/hssid/Downloads/REMP_siteID58_irrig_01.geojson" }, "geometry": { "type": "MultiPolygon", "coordinates": [ [ [ [ 28.895891339000656, -9.523941430063527 ], [ 28.895891339000656, -9.523805200232037 ], [ 28.896001309570266, -9.523805200232037 ], [ 28.896001309570266, -9.523941430063527 ], [ 28.895891339000656, -9.523941430063527 ] ] ] ] } },
{ "type": "Feature", "properties": { "id": "12", "layer": "REMP_siteID58_irrig_01", "path": "C:/Users/hssid/Downloads/REMP_siteID58_irrig_01.geojson" }, "geometry": { "type": "MultiPolygon", "coordinates": [ [ [ [ 28.896474162515783, -9.520741201823304 ], [ 28.896474162515783, -9.520647294948949 ], [ 28.8965492643682, -9.520647294948949 ], [ 28.8965492643682, -9.520741201823304 ], [ 28.896474162515783, -9.520741201823304 ] ] ] ] } },
{ "type": "Feature", "properties": { "id": "13", "layer": "REMP_siteID58_irrig_01", "path": "C:/Users/hssid/Downloads/REMP_siteID58_irrig_01.geojson" }, "geometry": { "type": "MultiPolygon", "coordinates": [ [ [ [ 28.896256903585577, -9.520836431303332 ], [ 28.896256903585577, -9.520734588663977 ], [ 28.896329323228979, -9.520734588663977 ], [ 28.896329323228979, -9.520836431303332 ], [ 28.896256903585577, -9.520836431303332 ] ] ] ] } },
{ "type": "Feature", "properties": { "id": "14", "layer": "REMP_siteID58_irrig_01", "path": "C:/Users/hssid/Downloads/REMP_siteID58_irrig_01.geojson" }, "geometry": { "type": "MultiPolygon", "coordinates": [ [ [ [ 28.89421177460785, -9.521775642050407 ], [ 28.89421177460785, -9.521702897511112 ], [ 28.894390141507341, -9.521702897511112 ], [ 28.894390141507341, -9.521775642050407 ], [ 28.89421177460785, -9.521775642050407 ] ] ] ] } },
{ "type": "Feature", "properties": { "id": "15", "layer": "REMP_siteID58_irrig_01", "path": "C:/Users/hssid/Downloads/REMP_siteID58_irrig_01.geojson" }, "geometry": { "type": "MultiPolygon", "coordinates": [ [ [ [ 28.894062912007524, -9.5216116361581 ], [ 28.894062912007524, -9.521515084265314 ], [ 28.894155448218537, -9.521515084265314 ], [ 28.894155448218537, -9.5216116361581 ], [ 28.894062912007524, -9.5216116361581 ] ] ] ] } },
{ "type": "Feature", "properties": { "id": "16", "layer": "REMP_siteID58_irrig_01", "path": "C:/Users/hssid/Downloads/REMP_siteID58_irrig_01.geojson" }, "geometry": { "type": "MultiPolygon", "coordinates": [ [ [ [ 28.893745406398121, -9.521423835241391 ], [ 28.893745406398121, -9.521340509591104 ], [ 28.893862082490269, -9.521340509591104 ], [ 28.893862082490269, -9.521423835241391 ], [ 28.893745406398121, -9.521423835241391 ] ] ] ] } },
{ "type": "Feature", "properties": { "id": "17", "layer": "REMP_siteID58_irrig_01", "path": "C:/Users/hssid/Downloads/REMP_siteID58_irrig_01.geojson" }, "geometry": { "type": "MultiPolygon", "coordinates": [ [ [ [ 28.893431587943379, -9.521755815011398 ], [ 28.893431587943379, -9.521679102583247 ], [ 28.893489255437199, -9.521679102583247 ], [ 28.893489255437199, -9.521755815011398 ], [ 28.893431587943379, -9.521755815011398 ] ] ] ] } },
{ "type": "Feature", "properties": { "id": "18", "layer": "REMP_siteID58_irrig_01", "path": "C:/Users/hssid/Downloads/REMP_siteID58_irrig_01.geojson" }, "geometry": { "type": "MultiPolygon", "coordinates": [ [ [ [ 28.893081125442038, -9.521233122808566 ], [ 28.893081125442038, -9.521173604455779 ], [ 28.893169638339529, -9.521173604455779 ], [ 28.893169638339529, -9.521233122808566 ], [ 28.893081125442038, -9.521233122808566 ] ] ] ] } },
{ "type": "Feature", "properties": { "id": "19", "layer": "REMP_siteID58_irrig_01", "path": "C:/Users/hssid/Downloads/REMP_siteID58_irrig_01.geojson" }, "geometry": { "type": "MultiPolygon", "coordinates": [ [ [ [ 28.891085460675239, -9.520228810532267 ], [ 28.891085460675239, -9.520130935614455 ], [ 28.891222253334998, -9.520130935614455 ], [ 28.891222253334998, -9.520228810532267 ], [ 28.891085460675239, -9.520228810532267 ] ] ] ] } },
{ "type": "Feature", "properties": { "id": "20", "layer": "REMP_siteID58_irrig_01", "path": "C:/Users/hssid/Downloads/REMP_siteID58_irrig_01.geojson" }, "geometry": { "type": "MultiPolygon", "coordinates": [ [ [ [ 28.890766277802467, -9.520072739704082 ], [ 28.890766277802467, -9.519853182316604 ], [ 28.890889659417152, -9.519853182316604 ], [ 28.890889659417152, -9.520072739704082 ], [ 28.890766277802467, -9.520072739704082 ] ] ] ] } },
{ "type": "Feature", "properties": { "id": "21", "layer": "REMP_siteID58_irrig_01", "path": "C:/Users/hssid/Downloads/REMP_siteID58_irrig_01.geojson" }, "geometry": { "type": "MultiPolygon", "coordinates": [ [ [ [ 28.889929858291893, -9.519833373275693 ], [ 28.889929858291893, -9.519738143516067 ], [ 28.890053239906578, -9.519738143516067 ], [ 28.890053239906578, -9.519833373275693 ], [ 28.889929858291893, -9.519833373275693 ] ] ] ] } },
{ "type": "Feature", "properties": { "id": "22", "layer": "REMP_siteID58_irrig_01", "path": "C:/Users/hssid/Downloads/REMP_siteID58_irrig_01.geojson" }, "geometry": { "type": "MultiPolygon", "coordinates": [ [ [ [ 28.888229792158302, -9.519827998986001 ], [ 28.888229792158302, -9.519711607052137 ], [ 28.888371949236092, -9.519711607052137 ], [ 28.888371949236092, -9.519827998986001 ], [ 28.888229792158302, -9.519827998986001 ] ] ] ] } },
{ "type": "Feature", "properties": { "id": "23", "layer": "REMP_siteID58_irrig_01", "path": "C:/Users/hssid/Downloads/REMP_siteID58_irrig_01.geojson" }, "geometry": { "type": "MultiPolygon", "coordinates": [ [ [ [ 28.886556093733009, -9.519936455070502 ], [ 28.886556093733009, -9.519857096963269 ], [ 28.886735801737007, -9.519857096963269 ], [ 28.886735801737007, -9.519936455070502 ], [ 28.886556093733009, -9.519936455070502 ] ] ] ] } },
{ "type": "Feature", "properties": { "id": "24", "layer": "REMP_siteID58_irrig_01", "path": "C:/Users/hssid/Downloads/REMP_siteID58_irrig_01.geojson" }, "geometry": { "type": "MultiPolygon", "coordinates": [ [ [ [ 28.885153298418221, -9.520501219734589 ], [ 28.885153298418221, -9.520448314419264 ], [ 28.88523242358416, -9.520448314419264 ], [ 28.88523242358416, -9.520501219734589 ], [ 28.885153298418221, -9.520501219734589 ] ] ] ] } },
{ "type": "Feature", "properties": { "id": "25", "layer": "REMP_siteID58_irrig_01", "path": "C:/Users/hssid/Downloads/REMP_siteID58_irrig_01.geojson" }, "geometry": { "type": "MultiPolygon", "coordinates": [ [ [ [ 28.893575316258069, -9.518632509865055 ], [ 28.893575316258069, -9.518563732577373 ], [ 28.893630301542874, -9.518563732577373 ], [ 28.893630301542874, -9.518632509865055 ], [ 28.893575316258069, -9.518632509865055 ] ] ] ] } },
{ "type": "Feature", "properties": { "id": "26", "layer": "REMP_siteID58_irrig_01", "path": "C:/Users/hssid/Downloads/REMP_siteID58_irrig_01.geojson" }, "geometry": { "type": "MultiPolygon", "coordinates": [ [ [ [ 28.893816715069409, -9.519280602857521 ], [ 28.893816715069409, -9.519226374715485 ], [ 28.893882429190274, -9.519226374715485 ], [ 28.893882429190274, -9.519280602857521 ], [ 28.893816715069409, -9.519280602857521 ] ] ] ] } },
{ "type": "Feature", "properties": { "id": "0", "layer": "REMP_siteID58_irrig_02", "path": "C:/Users/hssid/Downloads/REMP_siteID58_irrig_02.geojson" }, "geometry": { "type": "MultiPolygon", "coordinates": [ [ [ [ 28.842274746406524, -9.530919362553069 ], [ 28.842274746406524, -9.530575488349314 ], [ 28.842709264266936, -9.530575488349314 ], [ 28.842709264266936, -9.530919362553069 ], [ 28.842274746406524, -9.530919362553069 ] ] ] ] } },
{ "type": "Feature", "properties": { "id": "1", "layer": "REMP_siteID58_irrig_02", "path": "C:/Users/hssid/Downloads/REMP_siteID58_irrig_02.geojson" }, "geometry": { "type": "MultiPolygon", "coordinates": [ [ [ [ 28.843138174035559, -9.531173385313945 ], [ 28.843138174035559, -9.530956480248777 ], [ 28.843384937264929, -9.530956480248777 ], [ 28.843384937264929, -9.531173385313945 ], [ 28.843138174035559, -9.531173385313945 ] ] ] ] } },
{ "type": "Feature", "properties": { "id": "2", "layer": "REMP_siteID58_irrig_02", "path": "C:/Users/hssid/Downloads/REMP_siteID58_irrig_02.geojson" }, "geometry": { "type": "MultiPolygon", "coordinates": [ [ [ [ 28.843733624436865, -9.530924738032544 ], [ 28.843733624436865, -9.530612606082425 ], [ 28.844291523911963, -9.530612606082425 ], [ 28.844291523911963, -9.530924738032544 ], [ 28.843733624436865, -9.530924738032544 ] ] ] ] } },
{ "type": "Feature", "properties": { "id": "3", "layer": "REMP_siteID58_irrig_02", "path": "C:/Users/hssid/Downloads/REMP_siteID58_irrig_02.geojson" }, "geometry": { "type": "MultiPolygon", "coordinates": [ [ [ [ 28.843824819543372, -9.530564992708985 ], [ 28.843824819543372, -9.530078277844105 ], [ 28.844243244149695, -9.530078277844105 ], [ 28.844243244149695, -9.530564992708985 ], [ 28.843824819543372, -9.530564992708985 ] ] ] ] } },
{ "type": "Feature", "properties": { "id": "4", "layer": "REMP_siteID58_irrig_02", "path": "C:/Users/hssid/Downloads/REMP_siteID58_irrig_02.geojson" }, "geometry": { "type": "MultiPolygon", "coordinates": [ [ [ [ 28.842827037789831, -9.530898286183442 ], [ 28.842827037789831, -9.530570283084145 ], [ 28.843706802346716, -9.530570283084145 ], [ 28.843706802346716, -9.530898286183442 ], [ 28.842827037789831, -9.530898286183442 ] ] ] ] } },
{ "type": "Feature", "properties": { "id": "5", "layer": "REMP_siteID58_irrig_02", "path": "C:/Users/hssid/Downloads/REMP_siteID58_irrig_02.geojson" }, "geometry": { "type": "MultiPolygon", "coordinates": [ [ [ [ 28.843148902871619, -9.531654808258693 ], [ 28.843148902871619, -9.531231579332374 ], [ 28.843916014649878, -9.531231579332374 ], [ 28.843916014649878, -9.531654808258693 ], [ 28.843148902871619, -9.531654808258693 ] ] ] ] } },
{ "type": "Feature", "properties": { "id": "6", "layer": "REMP_siteID58_irrig_02", "path": "C:/Users/hssid/Downloads/REMP_siteID58_irrig_02.geojson" }, "geometry": { "type": "MultiPolygon", "coordinates": [ [ [ [ 28.843594149568091, -9.531194546776337 ], [ 28.843594149568091, -9.530935318771627 ], [ 28.843975023248206, -9.530935318771627 ], [ 28.843975023248206, -9.531194546776337 ], [ 28.843594149568091, -9.531194546776337 ] ] ] ] } },
{ "type": "Feature", "properties": { "id": "7", "layer": "REMP_siteID58_irrig_02", "path": "C:/Users/hssid/Downloads/REMP_siteID58_irrig_02.geojson" }, "geometry": { "type": "MultiPolygon", "coordinates": [ [ [ [ 28.843349580099613, -9.52963707478126 ], [ 28.843349580099613, -9.529253521321362 ], [ 28.843531970312625, -9.529253521321362 ], [ 28.843531970312625, -9.52963707478126 ], [ 28.843349580099613, -9.52963707478126 ] ] ] ] } },
{ "type": "Feature", "properties": { "id": "8", "layer": "REMP_siteID58_irrig_02", "path": "C:/Users/hssid/Downloads/REMP_siteID58_irrig_02.geojson" }, "geometry": { "type": "MultiPolygon", "coordinates": [ [ [ [ 28.843995992472202, -9.529801076818762 ], [ 28.843995992472202, -9.529618558417233 ], [ 28.844360772898227, -9.529618558417233 ], [ 28.844360772898227, -9.529801076818762 ], [ 28.843995992472202, -9.529801076818762 ] ] ] ] } },
{ "type": "Feature", "properties": { "id": "9", "layer": "REMP_siteID58_irrig_02", "path": "C:/Users/hssid/Downloads/REMP_siteID58_irrig_02.geojson" }, "geometry": { "type": "MultiPolygon", "coordinates": [ [ [ [ 28.841410640149537, -9.530403944788279 ], [ 28.841410640149537, -9.530210845947964 ], [ 28.841782126098099, -9.530210845947964 ], [ 28.841782126098099, -9.530403944788279 ], [ 28.841410640149537, -9.530403944788279 ] ] ] ] } },
{ "type": "Feature", "properties": { "id": "10", "layer": "REMP_siteID58_irrig_02", "path": "C:/Users/hssid/Downloads/REMP_siteID58_irrig_02.geojson" }, "geometry": { "type": "MultiPolygon", "coordinates": [ [ [ [ 28.842858221000807, -9.535336177897124 ], [ 28.842858221000807, -9.534346890135938 ], [ 28.843536819881574, -9.534346890135938 ], [ 28.843536819881574, -9.535336177897124 ], [ 28.842858221000807, -9.535336177897124 ] ] ] ] } },
{ "type": "Feature", "properties": { "id": "11", "layer": "REMP_siteID58_irrig_02", "path": "C:/Users/hssid/Downloads/REMP_siteID58_irrig_02.geojson" }, "geometry": { "type": "MultiPolygon", "coordinates": [ [ [ [ 28.843756761020796, -9.533003147084607 ], [ 28.843756761020796, -9.532680436351065 ], [ 28.844172503418104, -9.532680436351065 ], [ 28.844172503418104, -9.533003147084607 ], [ 28.843756761020796, -9.533003147084607 ] ] ] ] } },
{ "type": "Feature", "properties": { "id": "12", "layer": "REMP_siteID58_irrig_02", "path": "C:/Users/hssid/Downloads/REMP_siteID58_irrig_02.geojson" }, "geometry": { "type": "MultiPolygon", "coordinates": [ [ [ [ 28.844057168430464, -9.532117014420677 ], [ 28.844057168430464, -9.531894819600776 ], [ 28.844376351303236, -9.531894819600776 ], [ 28.844376351303236, -9.532117014420677 ], [ 28.844057168430464, -9.532117014420677 ] ] ] ] } },
{ "type": "Feature", "properties": { "id": "13", "layer": "REMP_siteID58_irrig_02", "path": "C:/Users/hssid/Downloads/REMP_siteID58_irrig_02.geojson" }, "geometry": { "type": "MultiPolygon", "coordinates": [ [ [ [ 28.846087600654737, -9.531177975802615 ], [ 28.846087600654737, -9.531051007002425 ], [ 28.846243168777601, -9.531051007002425 ], [ 28.846243168777601, -9.531177975802615 ], [ 28.846087600654737, -9.531177975802615 ] ] ] ] } },
{ "type": "Feature", "properties": { "id": "14", "layer": "REMP_siteID58_irrig_02", "path": "C:/Users/hssid/Downloads/REMP_siteID58_irrig_02.geojson" }, "geometry": { "type": "MultiPolygon", "coordinates": [ [ [ [ 28.844537283844129, -9.531717592676417 ], [ 28.844537283844129, -9.531490107235626 ], [ 28.84476258940138, -9.531490107235626 ], [ 28.84476258940138, -9.531717592676417 ], [ 28.844537283844129, -9.531717592676417 ] ] ] ] } },
{ "type": "Feature", "properties": { "id": "0", "layer": "REMP_siteID58_irrig_03", "path": "C:/Users/hssid/Downloads/REMP_siteID58_irrig_03.geojson" }, "geometry": { "type": "MultiPolygon", "coordinates": [ [ [ [ 28.88348895700733, -9.521337240429338 ], [ 28.88348895700733, -9.52120630007941 ], [ 28.883643184025686, -9.52120630007941 ], [ 28.883643184025686, -9.521337240429338 ], [ 28.88348895700733, -9.521337240429338 ] ] ] ] } },
{ "type": "Feature", "properties": { "id": "1", "layer": "REMP_siteID58_irrig_03", "path": "C:/Users/hssid/Downloads/REMP_siteID58_irrig_03.geojson" }, "geometry": { "type": "MultiPolygon", "coordinates": [ [ [ [ 28.863267907174322, -9.527421303471147 ], [ 28.863267907174322, -9.527308881944338 ], [ 28.863402017625067, -9.527308881944338 ], [ 28.863402017625067, -9.527421303471147 ], [ 28.863267907174322, -9.527421303471147 ] ] ] ] } },
{ "type": "Feature", "properties": { "id": "2", "layer": "REMP_siteID58_irrig_03", "path": "C:/Users/hssid/Downloads/REMP_siteID58_irrig_03.geojson" }, "geometry": { "type": "MultiPolygon", "coordinates": [ [ [ [ 28.860341318431335, -9.529320955776708 ], [ 28.860341318431335, -9.529211180073645 ], [ 28.860405691447692, -9.529211180073645 ], [ 28.860405691447692, -9.529320955776708 ], [ 28.860341318431335, -9.529320955776708 ] ] ] ] } },
{ "type": "Feature", "properties": { "id": "3", "layer": "REMP_siteID58_irrig_03", "path": "C:/Users/hssid/Downloads/REMP_siteID58_irrig_03.geojson" }, "geometry": { "type": "MultiPolygon", "coordinates": [ [ [ [ 28.859585708481806, -9.529751657946207 ], [ 28.859585708481806, -9.529702721855546 ], [ 28.859629964930551, -9.529702721855546 ], [ 28.859629964930551, -9.529751657946207 ], [ 28.859585708481806, -9.529751657946207 ] ] ] ] } },
{ "type": "Feature", "properties": { "id": "4", "layer": "REMP_siteID58_irrig_03", "path": "C:/Users/hssid/Downloads/REMP_siteID58_irrig_03.geojson" }, "geometry": { "type": "MultiPolygon", "coordinates": [ [ [ [ 28.857710844380396, -9.531080865292866 ], [ 28.857710844380396, -9.531004154959899 ], [ 28.857901281220453, -9.531004154959899 ], [ 28.857901281220453, -9.531080865292866 ], [ 28.857710844380396, -9.531080865292866 ] ] ] ] } },
{ "type": "Feature", "properties": { "id": "5", "layer": "REMP_siteID58_irrig_03", "path": "C:/Users/hssid/Downloads/REMP_siteID58_irrig_03.geojson" }, "geometry": { "type": "MultiPolygon", "coordinates": [ [ [ [ 28.850207638199226, -9.533816440611151 ], [ 28.850207638199226, -9.533602182390242 ], [ 28.850449037010566, -9.533602182390242 ], [ 28.850449037010566, -9.533816440611151 ], [ 28.850207638199226, -9.533816440611151 ] ] ] ] } },
{ "type": "Feature", "properties": { "id": "6", "layer": "REMP_siteID58_irrig_03", "path": "C:/Users/hssid/Downloads/REMP_siteID58_irrig_03.geojson" }, "geometry": { "type": "MultiPolygon", "coordinates": [ [ [ [ 28.846588782643405, -9.532035578917551 ], [ 28.846588782643405, -9.531860997243855 ], [ 28.84671752867612, -9.531860997243855 ], [ 28.84671752867612, -9.532035578917551 ], [ 28.846588782643405, -9.532035578917551 ] ] ] ] } },
{ "type": "Feature", "properties": { "id": "0", "layer": "REMP_siteID58_irrig_04", "path": "C:/Users/hssid/Downloads/REMP_siteID58_irrig_04.geojson" }, "geometry": { "type": "MultiPolygon", "coordinates": [ [ [ [ 28.863202361643559, -9.457955257204105 ], [ 28.863202361643559, -9.457870593248876 ], [ 28.863438396036869, -9.457870593248876 ], [ 28.863438396036869, -9.457955257204105 ], [ 28.863202361643559, -9.457955257204105 ] ] ] ] } },
{ "type": "Feature", "properties": { "id": "1", "layer": "REMP_siteID58_irrig_04", "path": "C:/Users/hssid/Downloads/REMP_siteID58_irrig_04.geojson" }, "geometry": { "type": "MultiPolygon", "coordinates": [ [ [ [ 28.863473264754063, -9.457902342234524 ], [ 28.863473264754063, -9.457780637773599 ], [ 28.86366370159412, -9.457780637773599 ], [ 28.86366370159412, -9.457902342234524 ], [ 28.863473264754063, -9.457902342234524 ] ] ] ] } },
{ "type": "Feature", "properties": { "id": "2", "layer": "REMP_siteID58_irrig_04", "path": "C:/Users/hssid/Downloads/REMP_siteID58_irrig_04.geojson" }, "geometry": { "type": "MultiPolygon", "coordinates": [ [ [ [ 28.818892585423114, -9.478999158028525 ], [ 28.818892585423114, -9.478895980150599 ], [ 28.818943547394397, -9.478895980150599 ], [ 28.818943547394397, -9.478999158028525 ], [ 28.818892585423114, -9.478999158028525 ] ] ] ] } },
{ "type": "Feature", "properties": { "id": "3", "layer": "REMP_siteID58_irrig_04", "path": "C:/Users/hssid/Downloads/REMP_siteID58_irrig_04.geojson" }, "geometry": { "type": "MultiPolygon", "coordinates": [ [ [ [ 28.818962322857502, -9.479139374069298 ], [ 28.818962322857502, -9.479012385959351 ], [ 28.819021331455829, -9.479012385959351 ], [ 28.819021331455829, -9.479139374069298 ], [ 28.818962322857502, -9.479139374069298 ] ] ] ] } },
{ "type": "Feature", "properties": { "id": "4", "layer": "REMP_siteID58_irrig_04", "path": "C:/Users/hssid/Downloads/REMP_siteID58_irrig_04.geojson" }, "geometry": { "type": "MultiPolygon", "coordinates": [ [ [ [ 28.819242453482559, -9.479824860426145 ], [ 28.819242453482559, -9.479723005586816 ], [ 28.819308167603424, -9.479723005586816 ], [ 28.819308167603424, -9.479824860426145 ], [ 28.819242453482559, -9.479824860426145 ] ] ] ] } },
{ "type": "Feature", "properties": { "id": "5", "layer": "REMP_siteID58_irrig_04", "path": "C:/Users/hssid/Downloads/REMP_siteID58_irrig_04.geojson" }, "geometry": { "type": "MultiPolygon", "coordinates": [ [ [ [ 28.819191491511276, -9.479717714425501 ], [ 28.819191491511276, -9.479652897692826 ], [ 28.819251841214111, -9.479652897692826 ], [ 28.819251841214111, -9.479717714425501 ], [ 28.819191491511276, -9.479717714425501 ] ] ] ] } },
{ "type": "Feature", "properties": { "id": "6", "layer": "REMP_siteID58_irrig_04", "path": "C:/Users/hssid/Downloads/REMP_siteID58_irrig_04.geojson" }, "geometry": { "type": "MultiPolygon", "coordinates": [ [ [ [ 28.819546835839038, -9.480666292432698 ], [ 28.819546835839038, -9.480535336526298 ], [ 28.819599138914828, -9.480535336526298 ], [ 28.819599138914828, -9.480666292432698 ], [ 28.819546835839038, -9.480666292432698 ] ] ] ] } },
{ "type": "Feature", "properties": { "id": "7", "layer": "REMP_siteID58_irrig_04", "path": "C:/Users/hssid/Downloads/REMP_siteID58_irrig_04.geojson" }, "geometry": { "type": "MultiPolygon", "coordinates": [ [ [ [ 28.82053673113689, -9.464532975188373 ], [ 28.82053673113689, -9.464326610709058 ], [ 28.820760695589634, -9.464326610709058 ], [ 28.820760695589634, -9.464532975188373 ], [ 28.82053673113689, -9.464532975188373 ] ] ] ] } },
{ "type": "Feature", "properties": { "id": "8", "layer": "REMP_siteID58_irrig_04", "path": "C:/Users/hssid/Downloads/REMP_siteID58_irrig_04.geojson" }, "geometry": { "type": "MultiPolygon", "coordinates": [ [ [ [ 28.851833060558693, -9.459647908821999 ], [ 28.851833060558693, -9.459591025509342 ], [ 28.852015450771706, -9.459591025509342 ], [ 28.852015450771706, -9.459647908821999 ], [ 28.851833060558693, -9.459647908821999 ] ] ] ] } },
{ "type": "Feature", "properties": { "id": "0", "layer": "polys_REMPID61_02", "path": "C:/Users/hssid/Downloads/polys_REMPID61_02.geojson" }, "geometry": { "type": "MultiPolygon", "coordinates": [ [ [ [ 29.888832609352342, -15.036945688777399 ], [ 29.888832609352342, -15.036474241502514 ], [ 29.888926486667863, -15.036474241502514 ], [ 29.888926486667863, -15.036945688777399 ], [ 29.888832609352342, -15.036945688777399 ] ] ] ] } },
{ "type": "Feature", "properties": { "id": "1", "layer": "polys_REMPID61_02", "path": "C:/Users/hssid/Downloads/polys_REMPID61_02.geojson" }, "geometry": { "type": "MultiPolygon", "coordinates": [ [ [ [ 29.878621439632646, -15.038411831334967 ], [ 29.878621439632646, -15.038261591041689 ], [ 29.87876091450142, -15.038261591041689 ], [ 29.87876091450142, -15.038411831334967 ], [ 29.878621439632646, -15.038411831334967 ] ] ] ] } },
{ "type": "Feature", "properties": { "id": "2", "layer": "polys_REMPID61_02", "path": "C:/Users/hssid/Downloads/polys_REMPID61_02.geojson" }, "geometry": { "type": "MultiPolygon", "coordinates": [ [ [ [ 29.882837872204057, -15.040028202967441 ], [ 29.882837872204057, -15.039712182554107 ], [ 29.882993440326921, -15.039712182554107 ], [ 29.882993440326921, -15.040028202967441 ], [ 29.882837872204057, -15.040028202967441 ] ] ] ] } },
{ "type": "Feature", "properties": { "id": "3", "layer": "polys_REMPID61_02", "path": "C:/Users/hssid/Downloads/polys_REMPID61_02.geojson" }, "geometry": { "type": "MultiPolygon", "coordinates": [ [ [ [ 29.875939230617753, -15.037849724867343 ], [ 29.875939230617753, -15.037766833465655 ], [ 29.876164536175004, -15.037766833465655 ], [ 29.876164536175004, -15.037849724867343 ], [ 29.875939230617753, -15.037849724867343 ] ] ] ] } },
{ "type": "Feature", "properties": { "id": "4", "layer": "polys_REMPID61_02", "path": "C:/Users/hssid/Downloads/polys_REMPID61_02.geojson" }, "geometry": { "type": "MultiPolygon", "coordinates": [ [ [ [ 29.87351653607713, -15.038227965263149 ], [ 29.87351653607713, -15.038085495899278 ], [ 29.873905456384289, -15.038085495899278 ], [ 29.873905456384289, -15.038227965263149 ], [ 29.87351653607713, -15.038227965263149 ] ] ] ] } },
{ "type": "Feature", "properties": { "id": "5", "layer": "polys_REMPID61_02", "path": "C:/Users/hssid/Downloads/polys_REMPID61_02.geojson" }, "geometry": { "type": "MultiPolygon", "coordinates": [ [ [ [ 29.870086235958173, -15.039524404451376 ], [ 29.870086235958173, -15.039402658650136 ], [ 29.870370550113751, -15.039402658650136 ], [ 29.870370550113751, -15.039524404451376 ], [ 29.870086235958173, -15.039524404451376 ] ] ] ] } },
{ "type": "Feature", "properties": { "id": "6", "layer": "polys_REMPID61_02", "path": "C:/Users/hssid/Downloads/polys_REMPID61_02.geojson" }, "geometry": { "type": "MultiPolygon", "coordinates": [ [ [ [ 29.860772432635986, -15.041248938713073 ], [ 29.860772432635986, -15.041031352183415 ], [ 29.861223043750488, -15.041031352183415 ], [ 29.861223043750488, -15.041248938713073 ], [ 29.860772432635986, -15.041248938713073 ] ] ] ] } },
{ "type": "Feature", "properties": { "id": "7", "layer": "polys_REMPID61_02", "path": "C:/Users/hssid/Downloads/polys_REMPID61_02.geojson" }, "geometry": { "type": "MultiPolygon", "coordinates": [ [ [ [ 29.861239137004578, -15.040290520191279 ], [ 29.861239137004578, -15.040155823188908 ], [ 29.86144298488971, -15.040155823188908 ], [ 29.86144298488971, -15.040290520191279 ], [ 29.861239137004578, -15.040290520191279 ] ] ] ] } },
{ "type": "Feature", "properties": { "id": "8", "layer": "polys_REMPID61_02", "path": "C:/Users/hssid/Downloads/polys_REMPID61_02.geojson" }, "geometry": { "type": "MultiPolygon", "coordinates": [ [ [ [ 29.862016977618897, -15.041513150629132 ], [ 29.862016977618897, -15.041264480599537 ], [ 29.862210096667969, -15.041264480599537 ], [ 29.862210096667969, -15.041513150629132 ], [ 29.862016977618897, -15.041513150629132 ] ] ] ] } },
{ "type": "Feature", "properties": { "id": "9", "layer": "polys_REMPID61_02", "path": "C:/Users/hssid/Downloads/polys_REMPID61_02.geojson" }, "geometry": { "type": "MultiPolygon", "coordinates": [ [ [ [ 29.861496629070007, -15.041331828761207 ], [ 29.861496629070007, -15.04122303556642 ], [ 29.86169511253711, -15.04122303556642 ], [ 29.86169511253711, -15.041331828761207 ], [ 29.861496629070007, -15.041331828761207 ] ] ] ] } },
{ "type": "Feature", "properties": { "id": "10", "layer": "polys_REMPID61_02", "path": "C:/Users/hssid/Downloads/polys_REMPID61_02.geojson" }, "geometry": { "type": "MultiPolygon", "coordinates": [ [ [ [ 29.858229698489868, -15.042326506825171 ], [ 29.858229698489868, -15.042160727470101 ], [ 29.858605207751953, -15.042160727470101 ], [ 29.858605207751953, -15.042326506825171 ], [ 29.858229698489868, -15.042326506825171 ] ] ] ] } },
{ "type": "Feature", "properties": { "id": "11", "layer": "polys_REMPID61_02", "path": "C:/Users/hssid/Downloads/polys_REMPID61_02.geojson" }, "geometry": { "type": "MultiPolygon", "coordinates": [ [ [ [ 29.858755411456787, -15.041699652961 ], [ 29.858755411456787, -15.041513150629132 ], [ 29.859130920718872, -15.041513150629132 ], [ 29.859130920718872, -15.041699652961 ], [ 29.858755411456787, -15.041699652961 ] ] ] ] } },
{ "type": "Feature", "properties": { "id": "12", "layer": "polys_REMPID61_02", "path": "C:/Users/hssid/Downloads/polys_REMPID61_02.geojson" }, "geometry": { "type": "MultiPolygon", "coordinates": [ [ [ [ 29.855365126810529, -15.043493626177275 ], [ 29.855365126810529, -15.043369292353718 ], [ 29.855579703531721, -15.043369292353718 ], [ 29.855579703531721, -15.043493626177275 ], [ 29.855365126810529, -15.043493626177275 ] ] ] ] } },
{ "type": "Feature", "properties": { "id": "13", "layer": "polys_REMPID61_02", "path": "C:/Users/hssid/Downloads/polys_REMPID61_02.geojson" }, "geometry": { "type": "MultiPolygon", "coordinates": [ [ [ [ 29.856711595736005, -15.042921171929672 ], [ 29.856711595736005, -15.042700996809764 ], [ 29.857036143026807, -15.042700996809764 ], [ 29.857036143026807, -15.042921171929672 ], [ 29.856711595736005, -15.042921171929672 ] ] ] ] } },
{ "type": "Feature", "properties": { "id": "14", "layer": "polys_REMPID61_02", "path": "C:/Users/hssid/Downloads/polys_REMPID61_02.geojson" }, "geometry": { "type": "MultiPolygon", "coordinates": [ [ [ [ 29.855990081510999, -15.043405556393077 ], [ 29.855990081510999, -15.043281222518161 ], [ 29.856328039846876, -15.043281222518161 ], [ 29.856328039846876, -15.043405556393077 ], [ 29.855990081510999, -15.043405556393077 ] ] ] ] } },
{ "type": "Feature", "properties": { "id": "15", "layer": "polys_REMPID61_02", "path": "C:/Users/hssid/Downloads/polys_REMPID61_02.geojson" }, "geometry": { "type": "MultiPolygon", "coordinates": [ [ [ [ 29.855410724363782, -15.043599827927466 ], [ 29.855410724363782, -15.043519529048048 ], [ 29.855614572248914, -15.043519529048048 ], [ 29.855614572248914, -15.043599827927466 ], [ 29.855410724363782, -15.043599827927466 ] ] ] ] } },
{ "type": "Feature", "properties": { "id": "16", "layer": "polys_REMPID61_02", "path": "C:/Users/hssid/Downloads/polys_REMPID61_02.geojson" }, "geometry": { "type": "MultiPolygon", "coordinates": [ [ [ [ 29.852066009722211, -15.045037431779456 ], [ 29.852066009722211, -15.04451678717988 ], [ 29.852406650267103, -15.04451678717988 ], [ 29.852406650267103, -15.045037431779456 ], [ 29.852066009722211, -15.045037431779456 ] ] ] ] } },
{ "type": "Feature", "properties": { "id": "17", "layer": "polys_REMPID61_02", "path": "C:/Users/hssid/Downloads/polys_REMPID61_02.geojson" }, "geometry": { "type": "MultiPolygon", "coordinates": [ [ [ [ 29.853385656557538, -15.044765453415923 ], [ 29.853385656557538, -15.044581544040115 ], [ 29.853530495844343, -15.044581544040115 ], [ 29.853530495844343, -15.044765453415923 ], [ 29.853385656557538, -15.044765453415923 ] ] ] ] } },
{ "type": "Feature", "properties": { "id": "18", "layer": "polys_REMPID61_02", "path": "C:/Users/hssid/Downloads/polys_REMPID61_02.geojson" }, "geometry": { "type": "MultiPolygon", "coordinates": [ [ [ [ 29.849386482916334, -15.047897068994411 ], [ 29.849386482916334, -15.0476535868853 ], [ 29.849558144293287, -15.0476535868853 ], [ 29.849558144293287, -15.047897068994411 ], [ 29.849386482916334, -15.047897068994411 ] ] ] ] } },
{ "type": "Feature", "properties": { "id": "19", "layer": "polys_REMPID61_02", "path": "C:/Users/hssid/Downloads/polys_REMPID61_02.geojson" }, "geometry": { "type": "MultiPolygon", "coordinates": [ [ [ [ 29.848789292558088, -15.049544015579855 ], [ 29.848789292558088, -15.04940155377844 ], [ 29.848942178471937, -15.04940155377844 ], [ 29.848942178471937, -15.049544015579855 ], [ 29.848789292558088, -15.049544015579855 ] ] ] ] } },
{ "type": "Feature", "properties": { "id": "20", "layer": "polys_REMPID61_02", "path": "C:/Users/hssid/Downloads/polys_REMPID61_02.geojson" }, "geometry": { "type": "MultiPolygon", "coordinates": [ [ [ [ 29.843821481747447, -15.056522740720174 ], [ 29.843821481747447, -15.056382873715927 ], [ 29.844030694050609, -15.056382873715927 ], [ 29.844030694050609, -15.056522740720174 ], [ 29.843821481747447, -15.056522740720174 ] ] ] ] } },
{ "type": "Feature", "properties": { "id": "21", "layer": "polys_REMPID61_02", "path": "C:/Users/hssid/Downloads/polys_REMPID61_02.geojson" }, "geometry": { "type": "MultiPolygon", "coordinates": [ [ [ [ 29.843189480875452, -15.057070475769756 ], [ 29.843189480875452, -15.056983706658498 ], [ 29.843424174164255, -15.056983706658498 ], [ 29.843424174164255, -15.057070475769756 ], [ 29.843189480875452, -15.057070475769756 ] ] ] ] } },
{ "type": "Feature", "properties": { "id": "0", "layer": "polys_REMPID61_03", "path": "C:/Users/hssid/Downloads/polys_REMPID61_03.geojson" }, "geometry": { "type": "MultiPolygon", "coordinates": [ [ [ [ 29.862199570895235, -15.034449692290501 ], [ 29.862199570895235, -15.034311106001086 ], [ 29.862269308329623, -15.034311106001086 ], [ 29.862269308329623, -15.034449692290501 ], [ 29.862199570895235, -15.034449692290501 ] ] ] ] } },
{ "type": "Feature", "properties": { "id": "0", "layer": "REMP_siteID62_irrig_01", "path": "C:/Users/hssid/Downloads/REMP_siteID62_irrig_01.geojson" }, "geometry": { "type": "MultiPolygon", "coordinates": [ [ [ [ 28.72938961135026, -15.647493557252242 ], [ 28.72938961135026, -15.647085473728906 ], [ 28.729555908309184, -15.647085473728906 ], [ 28.729555908309184, -15.647493557252242 ], [ 28.72938961135026, -15.647493557252242 ] ] ] ] } },
{ "type": "Feature", "properties": { "id": "1", "layer": "REMP_siteID62_irrig_01", "path": "C:/Users/hssid/Downloads/REMP_siteID62_irrig_01.geojson" }, "geometry": { "type": "MultiPolygon", "coordinates": [ [ [ [ 28.728568855391703, -15.640979620519129 ], [ 28.728568855391703, -15.640602518704076 ], [ 28.728837076293193, -15.640602518704076 ], [ 28.728837076293193, -15.640979620519129 ], [ 28.728568855391703, -15.640979620519129 ] ] ] ] } },
{ "type": "Feature", "properties": { "id": "2", "layer": "REMP_siteID62_irrig_01", "path": "C:/Users/hssid/Downloads/REMP_siteID62_irrig_01.geojson" }, "geometry": { "type": "MultiPolygon", "coordinates": [ [ [ [ 28.728112879859172, -15.640886636574482 ], [ 28.728112879859172, -15.640581855570838 ], [ 28.728456202613078, -15.640581855570838 ], [ 28.728456202613078, -15.640886636574482 ], [ 28.728112879859172, -15.640886636574482 ] ] ] ] } },
{ "type": "Feature", "properties": { "id": "3", "layer": "REMP_siteID62_irrig_01", "path": "C:/Users/hssid/Downloads/REMP_siteID62_irrig_01.geojson" }, "geometry": { "type": "MultiPolygon", "coordinates": [ [ [ [ 28.729952875243388, -15.64309241098548 ], [ 28.729952875243388, -15.642766970354515 ], [ 28.730237189398967, -15.642766970354515 ], [ 28.730237189398967, -15.64309241098548 ], [ 28.729952875243388, -15.64309241098548 ] ] ] ] } },
{ "type": "Feature", "properties": { "id": "4", "layer": "REMP_siteID62_irrig_01", "path": "C:/Users/hssid/Downloads/REMP_siteID62_irrig_01.geojson" }, "geometry": { "type": "MultiPolygon", "coordinates": [ [ [ [ 28.72613775458208, -15.637306654450729 ], [ 28.72613775458208, -15.636937294681795 ], [ 28.726309415959033, -15.636937294681795 ], [ 28.726309415959033, -15.637306654450729 ], [ 28.72613775458208, -15.637306654450729 ] ] ] ] } },
{ "type": "Feature", "properties": { "id": "5", "layer": "REMP_siteID62_irrig_01", "path": "C:/Users/hssid/Downloads/REMP_siteID62_irrig_01.geojson" }, "geometry": { "type": "MultiPolygon", "coordinates": [ [ [ [ 28.72488784518114, -15.636097838182918 ], [ 28.72488784518114, -15.635911865815846 ], [ 28.725091693066272, -15.635911865815846 ], [ 28.725091693066272, -15.636097838182918 ], [ 28.72488784518114, -15.636097838182918 ] ] ] ] } },
{ "type": "Feature", "properties": { "id": "6", "layer": "REMP_siteID62_irrig_01", "path": "C:/Users/hssid/Downloads/REMP_siteID62_irrig_01.geojson" }, "geometry": { "type": "MultiPolygon", "coordinates": [ [ [ [ 28.724686679505023, -15.635968690723713 ], [ 28.724686679505023, -15.635831794327997 ], [ 28.724836883209857, -15.635831794327997 ], [ 28.724836883209857, -15.635968690723713 ], [ 28.724686679505023, -15.635968690723713 ] ] ] ] } },
{ "type": "Feature", "properties": { "id": "7", "layer": "REMP_siteID62_irrig_01", "path": "C:/Users/hssid/Downloads/REMP_siteID62_irrig_01.geojson" }, "geometry": { "type": "MultiPolygon", "coordinates": [ [ [ [ 28.720339900523587, -15.62983632183138 ], [ 28.720339900523587, -15.6295263583138 ], [ 28.720581299334928, -15.6295263583138 ], [ 28.720581299334928, -15.62983632183138 ], [ 28.720339900523587, -15.62983632183138 ] ] ] ] } },
{ "type": "Feature", "properties": { "id": "8", "layer": "REMP_siteID62_irrig_01", "path": "C:/Users/hssid/Downloads/REMP_siteID62_irrig_01.geojson" }, "geometry": { "type": "MultiPolygon", "coordinates": [ [ [ [ 28.719631797343656, -15.630404587061811 ], [ 28.719631797343656, -15.630032631816521 ], [ 28.720087772876187, -15.630032631816521 ], [ 28.720087772876187, -15.630404587061811 ], [ 28.719631797343656, -15.630404587061811 ] ] ] ] } },
{ "type": "Feature", "properties": { "id": "9", "layer": "REMP_siteID62_irrig_01", "path": "C:/Users/hssid/Downloads/REMP_siteID62_irrig_01.geojson" }, "geometry": { "type": "MultiPolygon", "coordinates": [ [ [ [ 28.720677858859464, -15.630668054951808 ], [ 28.720677858859464, -15.630492409729481 ], [ 28.720849520236417, -15.630492409729481 ], [ 28.720849520236417, -15.630668054951808 ], [ 28.720677858859464, -15.630668054951808 ] ] ] ] } },
{ "type": "Feature", "properties": { "id": "10", "layer": "REMP_siteID62_irrig_01", "path": "C:/Users/hssid/Downloads/REMP_siteID62_irrig_01.geojson" }, "geometry": { "type": "MultiPolygon", "coordinates": [ [ [ [ 28.719862467318936, -15.62874111530305 ], [ 28.719862467318936, -15.628493143200508 ], [ 28.720066315204068, -15.628493143200508 ], [ 28.720066315204068, -15.62874111530305 ], [ 28.719862467318936, -15.62874111530305 ] ] ] ] } },
{ "type": "Feature", "properties": { "id": "11", "layer": "REMP_siteID62_irrig_01", "path": "C:/Users/hssid/Downloads/REMP_siteID62_irrig_01.geojson" }, "geometry": { "type": "MultiPolygon", "coordinates": [ [ [ [ 28.720860249072476, -15.630802371784906 ], [ 28.720860249072476, -15.630673220985484 ], [ 28.720988995105191, -15.630673220985484 ], [ 28.720988995105191, -15.630802371784906 ], [ 28.720860249072476, -15.630802371784906 ] ] ] ] } },
{ "type": "Feature", "properties": { "id": "12", "layer": "REMP_siteID62_irrig_01", "path": "C:/Users/hssid/Downloads/REMP_siteID62_irrig_01.geojson" }, "geometry": { "type": "MultiPolygon", "coordinates": [ [ [ [ 28.708307742646745, -15.625417477808968 ], [ 28.708307742646745, -15.625399396226578 ], [ 28.708388208917192, -15.625399396226578 ], [ 28.708388208917192, -15.625417477808968 ], [ 28.708307742646745, -15.625417477808968 ] ] ] ] } },
{ "type": "Feature", "properties": { "id": "13", "layer": "REMP_siteID62_irrig_01", "path": "C:/Users/hssid/Downloads/REMP_siteID62_irrig_01.geojson" }, "geometry": { "type": "MultiPolygon", "coordinates": [ [ [ [ 28.707363605073503, -15.625544048840963 ], [ 28.707363605073503, -15.625386480809624 ], [ 28.707537948659471, -15.625386480809624 ], [ 28.707537948659471, -15.625544048840963 ], [ 28.707363605073503, -15.625544048840963 ] ] ] ] } },
{ "type": "Feature", "properties": { "id": "0", "layer": "REMP_siteID62_irrig_02", "path": "C:/Users/hssid/Downloads/REMP_siteID62_irrig_02.geojson" }, "geometry": { "type": "MultiPolygon", "coordinates": [ [ [ [ 28.680567638960632, -15.575671341852981 ], [ 28.680567638960632, -15.575392301052574 ], [ 28.680900232878479, -15.575392301052574 ], [ 28.680900232878479, -15.575671341852981 ], [ 28.680567638960632, -15.575671341852981 ] ] ] ] } },
{ "type": "Feature", "properties": { "id": "1", "layer": "REMP_siteID62_irrig_02", "path": "C:/Users/hssid/Downloads/REMP_siteID62_irrig_02.geojson" }, "geometry": { "type": "MultiPolygon", "coordinates": [ [ [ [ 28.673561865858311, -15.582585963703913 ], [ 28.673561865858311, -15.582490369651898 ], [ 28.67371475177216, -15.582490369651898 ], [ 28.67371475177216, -15.582585963703913 ], [ 28.673561865858311, -15.582585963703913 ] ] ] ] } },
{ "type": "Feature", "properties": { "id": "0", "layer": "REMP_siteID62_irrig_03", "path": "C:/Users/hssid/Downloads/REMP_siteID62_irrig_03.geojson" }, "geometry": { "type": "MultiPolygon", "coordinates": [ [ [ [ 28.721790997131702, -15.581131681030397 ], [ 28.721790997131702, -15.580981829814371 ], [ 28.722177235229847, -15.580981829814371 ], [ 28.722177235229847, -15.581131681030397 ], [ 28.721790997131702, -15.581131681030397 ] ] ] ] } },
{ "type": "Feature", "properties": { "id": "1", "layer": "REMP_siteID62_irrig_03", "path": "C:/Users/hssid/Downloads/REMP_siteID62_irrig_03.geojson" }, "geometry": { "type": "MultiPolygon", "coordinates": [ [ [ [ 28.719446746452686, -15.581658743059952 ], [ 28.719446746452686, -15.581565732211807 ], [ 28.719629136665699, -15.581565732211807 ], [ 28.719629136665699, -15.581658743059952 ], [ 28.719446746452686, -15.581658743059952 ] ] ] ] } },
{ "type": "Feature", "properties": { "id": "2", "layer": "REMP_siteID62_irrig_03", "path": "C:/Users/hssid/Downloads/REMP_siteID62_irrig_03.geojson" }, "geometry": { "type": "MultiPolygon", "coordinates": [ [ [ [ 28.721280576986192, -15.589104319217583 ], [ 28.721280576986192, -15.5887426232376 ], [ 28.721511246961473, -15.5887426232376 ], [ 28.721511246961473, -15.589104319217583 ], [ 28.721280576986192, -15.589104319217583 ] ] ] ] } },
{ "type": "Feature", "properties": { "id": "3", "layer": "REMP_siteID62_irrig_03", "path": "C:/Users/hssid/Downloads/REMP_siteID62_irrig_03.geojson" }, "geometry": { "type": "MultiPolygon", "coordinates": [ [ [ [ 28.721237661641954, -15.589445346272361 ], [ 28.721237661641954, -15.589223162043375 ], [ 28.721441509527086, -15.589223162043375 ], [ 28.721441509527086, -15.589445346272361 ], [ 28.721237661641954, -15.589445346272361 ] ] ] ] } },
{ "type": "Feature", "properties": { "id": "4", "layer": "REMP_siteID62_irrig_03", "path": "C:/Users/hssid/Downloads/REMP_siteID62_irrig_03.geojson" }, "geometry": { "type": "MultiPolygon", "coordinates": [ [ [ [ 28.720014574331163, -15.591362321146905 ], [ 28.720014574331163, -15.590535595632907 ], [ 28.720207693380235, -15.590535595632907 ], [ 28.720207693380235, -15.591362321146905 ], [ 28.720014574331163, -15.591362321146905 ] ] ] ] } },
{ "type": "Feature", "properties": { "id": "5", "layer": "REMP_siteID62_irrig_03", "path": "C:/Users/hssid/Downloads/REMP_siteID62_irrig_03.geojson" }, "geometry": { "type": "MultiPolygon", "coordinates": [ [ [ [ 28.719719531339525, -15.592328552372724 ], [ 28.719719531339525, -15.591910024966811 ], [ 28.720411541265367, -15.591910024966811 ], [ 28.720411541265367, -15.592328552372724 ], [ 28.719719531339525, -15.592328552372724 ] ] ] ] } },
{ "type": "Feature", "properties": { "id": "6", "layer": "REMP_siteID62_irrig_03", "path": "C:/Users/hssid/Downloads/REMP_siteID62_irrig_03.geojson" }, "geometry": { "type": "MultiPolygon", "coordinates": [ [ [ [ 28.72008431176555, -15.595134214063231 ], [ 28.72008431176555, -15.594219665569756 ], [ 28.720524194043993, -15.594219665569756 ], [ 28.720524194043993, -15.595134214063231 ], [ 28.72008431176555, -15.595134214063231 ] ] ] ] } },
{ "type": "Feature", "properties": { "id": "7", "layer": "REMP_siteID62_irrig_03", "path": "C:/Users/hssid/Downloads/REMP_siteID62_irrig_03.geojson" }, "geometry": { "type": "MultiPolygon", "coordinates": [ [ [ [ 28.719531776708482, -15.595532067220809 ], [ 28.719531776708482, -15.595108379415944 ], [ 28.719875099462389, -15.595108379415944 ], [ 28.719875099462389, -15.595532067220809 ], [ 28.719531776708482, -15.595532067220809 ] ] ] ] } },
{ "type": "Feature", "properties": { "id": "8", "layer": "REMP_siteID62_irrig_03", "path": "C:/Users/hssid/Downloads/REMP_siteID62_irrig_03.geojson" }, "geometry": { "type": "MultiPolygon", "coordinates": [ [ [ [ 28.718877317708849, -15.596307103625231 ], [ 28.718877317708849, -15.596074593011183 ], [ 28.719354750913499, -15.596074593011183 ], [ 28.719354750913499, -15.596307103625231 ], [ 28.718877317708849, -15.596307103625231 ] ] ] ] } },
{ "type": "Feature", "properties": { "id": "9", "layer": "REMP_siteID62_irrig_03", "path": "C:/Users/hssid/Downloads/REMP_siteID62_irrig_03.geojson" }, "geometry": { "type": "MultiPolygon", "coordinates": [ [ [ [ 28.718528630536913, -15.596782457838769 ], [ 28.718528630536913, -15.596405274694321 ], [ 28.718861224454759, -15.596405274694321 ], [ 28.718861224454759, -15.596782457838769 ], [ 28.718528630536913, -15.596782457838769 ] ] ] ] } },
{ "type": "Feature", "properties": { "id": "10", "layer": "REMP_siteID62_irrig_03", "path": "C:/Users/hssid/Downloads/REMP_siteID62_irrig_03.geojson" }, "geometry": { "type": "MultiPolygon", "coordinates": [ [ [ [ 28.720422270101427, -15.592845251697064 ], [ 28.720422270101427, -15.592457727325725 ], [ 28.720813872617601, -15.592457727325725 ], [ 28.720813872617601, -15.592845251697064 ], [ 28.720422270101427, -15.592845251697064 ] ] ] ] } },
{ "type": "Feature", "properties": { "id": "11", "layer": "REMP_siteID62_irrig_03", "path": "C:/Users/hssid/Downloads/REMP_siteID62_irrig_03.geojson" }, "geometry": { "type": "MultiPolygon", "coordinates": [ [ [ [ 28.720003845495103, -15.592979593308387 ], [ 28.720003845495103, -15.592612737162039 ], [ 28.720255973142503, -15.592612737162039 ], [ 28.720255973142503, -15.592979593308387 ], [ 28.720003845495103, -15.592979593308387 ] ] ] ] } },
{ "type": "Feature", "properties": { "id": "12", "layer": "REMP_siteID62_irrig_03", "path": "C:/Users/hssid/Downloads/REMP_siteID62_irrig_03.geojson" }, "geometry": { "type": "MultiPolygon", "coordinates": [ [ [ [ 28.719783904355882, -15.593826976830755 ], [ 28.719783904355882, -15.593372283668248 ], [ 28.720019938749193, -15.593372283668248 ], [ 28.720019938749193, -15.593826976830755 ], [ 28.719783904355882, -15.593826976830755 ] ] ] ] } },
{ "type": "Feature", "properties": { "id": "13", "layer": "REMP_siteID62_irrig_03", "path": "C:/Users/hssid/Downloads/REMP_siteID62_irrig_03.geojson" }, "geometry": { "type": "MultiPolygon", "coordinates": [ [ [ [ 28.72258949498546, -15.593227608359893 ], [ 28.72258949498546, -15.593000261240789 ], [ 28.723190309804796, -15.593000261240789 ], [ 28.723190309804796, -15.593227608359893 ], [ 28.72258949498546, -15.593227608359893 ] ] ] ] } },
{ "type": "Feature", "properties": { "id": "14", "layer": "REMP_siteID62_irrig_03", "path": "C:/Users/hssid/Downloads/REMP_siteID62_irrig_03.geojson" }, "geometry": { "type": "MultiPolygon", "coordinates": [ [ [ [ 28.720942618650316, -15.593547960691314 ], [ 28.720942618650316, -15.592953758389978 ], [ 28.721141102117418, -15.592953758389978 ], [ 28.721141102117418, -15.593547960691314 ], [ 28.720942618650316, -15.593547960691314 ] ] ] ] } },
{ "type": "Feature", "properties": { "id": "15", "layer": "REMP_siteID62_irrig_03", "path": "C:/Users/hssid/Downloads/REMP_siteID62_irrig_03.geojson" }, "geometry": { "type": "MultiPolygon", "coordinates": [ [ [ [ 28.720851423543809, -15.593950983882117 ], [ 28.720851423543809, -15.593733971493073 ], [ 28.721259119314073, -15.593733971493073 ], [ 28.721259119314073, -15.593950983882117 ], [ 28.720851423543809, -15.593950983882117 ] ] ] ] } },
{ "type": "Feature", "properties": { "id": "16", "layer": "REMP_siteID62_irrig_03", "path": "C:/Users/hssid/Downloads/REMP_siteID62_irrig_03.geojson" }, "geometry": { "type": "MultiPolygon", "coordinates": [ [ [ [ 28.720722677511095, -15.594793196457294 ], [ 28.720722677511095, -15.594307503737527 ], [ 28.720980169576524, -15.594307503737527 ], [ 28.720980169576524, -15.594793196457294 ], [ 28.720722677511095, -15.594793196457294 ] ] ] ] } },
{ "type": "Feature", "properties": { "id": "17", "layer": "REMP_siteID62_irrig_03", "path": "C:/Users/hssid/Downloads/REMP_siteID62_irrig_03.geojson" }, "geometry": { "type": "MultiPolygon", "coordinates": [ [ [ [ 28.718383791250108, -15.597180307801656 ], [ 28.718383791250108, -15.596823792935746 ], [ 28.718533994954942, -15.596823792935746 ], [ 28.718533994954942, -15.597180307801656 ], [ 28.718383791250108, -15.597180307801656 ] ] ] ] } },
{ "type": "Feature", "properties": { "id": "18", "layer": "REMP_siteID62_irrig_03", "path": "C:/Users/hssid/Downloads/REMP_siteID62_irrig_03.geojson" }, "geometry": { "type": "MultiPolygon", "coordinates": [ [ [ [ 28.71783662061107, -15.597707328642988 ], [ 28.71783662061107, -15.597443818391477 ], [ 28.718238951963304, -15.597443818391477 ], [ 28.718238951963304, -15.597707328642988 ], [ 28.71783662061107, -15.597707328642988 ] ] ] ] } },
{ "type": "Feature", "properties": { "id": "19", "layer": "REMP_siteID62_irrig_03", "path": "C:/Users/hssid/Downloads/REMP_siteID62_irrig_03.geojson" }, "geometry": { "type": "MultiPolygon", "coordinates": [ [ [ [ 28.713925959867357, -15.599660394077992 ], [ 28.713925959867357, -15.59939171951226 ], [ 28.714258553785204, -15.59939171951226 ], [ 28.714258553785204, -15.599660394077992 ], [ 28.713925959867357, -15.599660394077992 ] ] ] ] } },
{ "type": "Feature", "properties": { "id": "20", "layer": "REMP_siteID62_irrig_03", "path": "C:/Users/hssid/Downloads/REMP_siteID62_irrig_03.geojson" }, "geometry": { "type": "MultiPolygon", "coordinates": [ [ [ [ 28.714580418866991, -15.599660394077992 ], [ 28.714580418866991, -15.599484722286364 ], [ 28.714752080243944, -15.599484722286364 ], [ 28.714752080243944, -15.599660394077992 ], [ 28.714580418866991, -15.599660394077992 ] ] ] ] } },
{ "type": "Feature", "properties": { "id": "21", "layer": "REMP_siteID62_irrig_03", "path": "C:/Users/hssid/Downloads/REMP_siteID62_irrig_03.geojson" }, "geometry": { "type": "MultiPolygon", "coordinates": [ [ [ [ 28.714451672834276, -15.599918734674853 ], [ 28.714451672834276, -15.599732729477905 ], [ 28.714655520719408, -15.599732729477905 ], [ 28.714655520719408, -15.599918734674853 ], [ 28.714451672834276, -15.599918734674853 ] ] ] ] } },
{ "type": "Feature", "properties": { "id": "22", "layer": "REMP_siteID62_irrig_03", "path": "C:/Users/hssid/Downloads/REMP_siteID62_irrig_03.geojson" }, "geometry": { "type": "MultiPolygon", "coordinates": [ [ [ [ 28.715363623899339, -15.600456082074576 ], [ 28.715363623899339, -15.600321745356558 ], [ 28.715674760145067, -15.600321745356558 ], [ 28.715674760145067, -15.600456082074576 ], [ 28.715363623899339, -15.600456082074576 ] ] ] ] } },
{ "type": "Feature", "properties": { "id": "23", "layer": "REMP_siteID62_irrig_03", "path": "C:/Users/hssid/Downloads/REMP_siteID62_irrig_03.geojson" }, "geometry": { "type": "MultiPolygon", "coordinates": [ [ [ [ 28.715073945325731, -15.600972760939653 ], [ 28.715073945325731, -15.600755755974776 ], [ 28.715449454587816, -15.600755755974776 ], [ 28.715449454587816, -15.600972760939653 ], [ 28.715073945325731, -15.600972760939653 ] ] ] ] } },
{ "type": "Feature", "properties": { "id": "24", "layer": "REMP_siteID62_irrig_03", "path": "C:/Users/hssid/Downloads/REMP_siteID62_irrig_03.geojson" }, "geometry": { "type": "MultiPolygon", "coordinates": [ [ [ [ 28.718314053815721, -15.600177074946497 ], [ 28.718314053815721, -15.59994973552463 ], [ 28.718507172864793, -15.59994973552463 ], [ 28.718507172864793, -15.600177074946497 ], [ 28.718314053815721, -15.600177074946497 ] ] ] ] } },
{ "type": "Feature", "properties": { "id": "25", "layer": "REMP_siteID62_irrig_03", "path": "C:/Users/hssid/Downloads/REMP_siteID62_irrig_03.geojson" }, "geometry": { "type": "MultiPolygon", "coordinates": [ [ [ [ 28.71509540299785, -15.599174712875454 ], [ 28.71509540299785, -15.598916371341982 ], [ 28.715492369932054, -15.598916371341982 ], [ 28.715492369932054, -15.599174712875454 ], [ 28.71509540299785, -15.599174712875454 ] ] ] ] } },
{ "type": "Feature", "properties": { "id": "26", "layer": "REMP_siteID62_irrig_03", "path": "C:/Users/hssid/Downloads/REMP_siteID62_irrig_03.geojson" }, "geometry": { "type": "MultiPolygon", "coordinates": [ [ [ [ 28.720706584257005, -15.603287466284879 ], [ 28.720706584257005, -15.603091130684341 ], [ 28.720856787961839, -15.603091130684341 ], [ 28.720856787961839, -15.603287466284879 ], [ 28.720706584257005, -15.603287466284879 ] ] ] ] } },
{ "type": "Feature", "properties": { "id": "27", "layer": "REMP_siteID62_irrig_03", "path": "C:/Users/hssid/Downloads/REMP_siteID62_irrig_03.geojson" }, "geometry": { "type": "MultiPolygon", "coordinates": [ [ [ [ 28.720899703306078, -15.603943639165582 ], [ 28.720899703306078, -15.60364396992137 ], [ 28.721055271428941, -15.60364396992137 ], [ 28.721055271428941, -15.603943639165582 ], [ 28.720899703306078, -15.603943639165582 ] ] ] ] } },
{ "type": "Feature", "properties": { "id": "28", "layer": "REMP_siteID62_irrig_03", "path": "C:/Users/hssid/Downloads/REMP_siteID62_irrig_03.geojson" }, "geometry": { "type": "MultiPolygon", "coordinates": [ [ [ [ 28.721125008863329, -15.604243307972046 ], [ 28.721125008863329, -15.604114140436723 ], [ 28.721232297223924, -15.604114140436723 ], [ 28.721232297223924, -15.604243307972046 ], [ 28.721125008863329, -15.604243307972046 ] ] ] ] } },
{ "type": "Feature", "properties": { "id": "29", "layer": "REMP_siteID62_irrig_03", "path": "C:/Users/hssid/Downloads/REMP_siteID62_irrig_03.geojson" }, "geometry": { "type": "MultiPolygon", "coordinates": [ [ [ [ 28.720105769437669, -15.602238618660749 ], [ 28.720105769437669, -15.602042282056518 ], [ 28.720218422216295, -15.602042282056518 ], [ 28.720218422216295, -15.602238618660749 ], [ 28.720105769437669, -15.602238618660749 ] ] ] ] } },
{ "type": "Feature", "properties": { "id": "30", "layer": "REMP_siteID62_irrig_03", "path": "C:/Users/hssid/Downloads/REMP_siteID62_irrig_03.geojson" }, "geometry": { "type": "MultiPolygon", "coordinates": [ [ [ [ 28.720196964544176, -15.602398787856625 ], [ 28.720196964544176, -15.60226961916003 ], [ 28.720298888486742, -15.60226961916003 ], [ 28.720298888486742, -15.602398787856625 ], [ 28.720196964544176, -15.602398787856625 ] ] ] ] } },
{ "type": "Feature", "properties": { "id": "31", "layer": "REMP_siteID62_irrig_03", "path": "C:/Users/hssid/Downloads/REMP_siteID62_irrig_03.geojson" }, "geometry": { "type": "MultiPolygon", "coordinates": [ [ [ [ 28.719762446683763, -15.602967129155594 ], [ 28.719762446683763, -15.602708792396692 ], [ 28.719864370626329, -15.602708792396692 ], [ 28.719864370626329, -15.602967129155594 ], [ 28.719762446683763, -15.602967129155594 ] ] ] ] } },
{ "type": "Feature", "properties": { "id": "32", "layer": "REMP_siteID62_irrig_03", "path": "C:/Users/hssid/Downloads/REMP_siteID62_irrig_03.geojson" }, "geometry": { "type": "MultiPolygon", "coordinates": [ [ [ [ 28.720154049199937, -15.606005145033574 ], [ 28.720154049199937, -15.605850145312647 ], [ 28.720390083593248, -15.605850145312647 ], [ 28.720390083593248, -15.606005145033574 ], [ 28.720154049199937, -15.606005145033574 ] ] ] ] } },
{ "type": "Feature", "properties": { "id": "33", "layer": "REMP_siteID62_irrig_03", "path": "C:/Users/hssid/Downloads/REMP_siteID62_irrig_03.geojson" }, "geometry": { "type": "MultiPolygon", "coordinates": [ [ [ [ 28.721221568387865, -15.60530764536705 ], [ 28.721221568387865, -15.60515264511908 ], [ 28.721371772092699, -15.60515264511908 ], [ 28.721371772092699, -15.60530764536705 ], [ 28.721221568387865, -15.60530764536705 ] ] ] ] } },
{ "type": "Feature", "properties": { "id": "34", "layer": "REMP_siteID62_irrig_03", "path": "C:/Users/hssid/Downloads/REMP_siteID62_irrig_03.geojson" }, "geometry": { "type": "MultiPolygon", "coordinates": [ [ [ [ 28.720910432142137, -15.605317978712758 ], [ 28.720910432142137, -15.605201728543607 ], [ 28.721015038293718, -15.605201728543607 ], [ 28.721015038293718, -15.605317978712758 ], [ 28.720910432142137, -15.605317978712758 ] ] ] ] } },
{ "type": "Feature", "properties": { "id": "35", "layer": "REMP_siteID62_irrig_03", "path": "C:/Users/hssid/Downloads/REMP_siteID62_irrig_03.geojson" }, "geometry": { "type": "MultiPolygon", "coordinates": [ [ [ [ 28.720183553499101, -15.606436560306856 ], [ 28.720183553499101, -15.606286727560285 ], [ 28.72033643941295, -15.606286727560285 ], [ 28.72033643941295, -15.606436560306856 ], [ 28.720183553499101, -15.606436560306856 ] ] ] ] } },
{ "type": "Feature", "properties": { "id": "36", "layer": "REMP_siteID62_irrig_03", "path": "C:/Users/hssid/Downloads/REMP_siteID62_irrig_03.geojson" }, "geometry": { "type": "MultiPolygon", "coordinates": [ [ [ [ 28.718662740987657, -15.607159889267921 ], [ 28.718662740987657, -15.607020390309675 ], [ 28.718963148397325, -15.607020390309675 ], [ 28.718963148397325, -15.607159889267921 ], [ 28.718662740987657, -15.607159889267921 ] ] ] ] } },
{ "type": "Feature", "properties": { "id": "37", "layer": "REMP_siteID62_irrig_03", "path": "C:/Users/hssid/Downloads/REMP_siteID62_irrig_03.geojson" }, "geometry": { "type": "MultiPolygon", "coordinates": [ [ [ [ 28.718002917569994, -15.607289054885408 ], [ 28.718002917569994, -15.607118556253136 ], [ 28.718185307783006, -15.607118556253136 ], [ 28.718185307783006, -15.607289054885408 ], [ 28.718002917569994, -15.607289054885408 ] ] ] ] } },
{ "type": "Feature", "properties": { "id": "38", "layer": "REMP_siteID62_irrig_03", "path": "C:/Users/hssid/Downloads/REMP_siteID62_irrig_03.geojson" }, "geometry": { "type": "MultiPolygon", "coordinates": [ [ [ [ 28.717327000898241, -15.607604218650703 ], [ 28.717327000898241, -15.607500886322002 ], [ 28.717439653676866, -15.607500886322002 ], [ 28.717439653676866, -15.607604218650703 ], [ 28.717327000898241, -15.607604218650703 ] ] ] ] } },
{ "type": "Feature", "properties": { "id": "39", "layer": "REMP_siteID62_irrig_03", "path": "C:/Users/hssid/Downloads/REMP_siteID62_irrig_03.geojson" }, "geometry": { "type": "MultiPolygon", "coordinates": [ [ [ [ 28.705040520974336, -15.578778154635886 ], [ 28.705040520974336, -15.578659305767484 ], [ 28.705303377457795, -15.578659305767484 ], [ 28.705303377457795, -15.578778154635886 ], [ 28.705040520974336, -15.578778154635886 ] ] ] ] } },
{ "type": "Feature", "properties": { "id": "40", "layer": "REMP_siteID62_irrig_03", "path": "C:/Users/hssid/Downloads/REMP_siteID62_irrig_03.geojson" }, "geometry": { "type": "MultiPolygon", "coordinates": [ [ [ [ 28.704611367531953, -15.578199411672641 ], [ 28.704611367531953, -15.577997884722508 ], [ 28.704793757744966, -15.577997884722508 ], [ 28.704793757744966, -15.578199411672641 ], [ 28.704611367531953, -15.578199411672641 ] ] ] ] } },
{ "type": "Feature", "properties": { "id": "41", "layer": "REMP_siteID62_irrig_03", "path": "C:/Users/hssid/Downloads/REMP_siteID62_irrig_03.geojson" }, "geometry": { "type": "MultiPolygon", "coordinates": [ [ [ [ 28.704455799409089, -15.580002810711335 ], [ 28.704455799409089, -15.579868460612214 ], [ 28.704648918458162, -15.579868460612214 ], [ 28.704648918458162, -15.580002810711335 ], [ 28.704455799409089, -15.580002810711335 ] ] ] ] } },
{ "type": "Feature", "properties": { "id": "42", "layer": "REMP_siteID62_irrig_03", "path": "C:/Users/hssid/Downloads/REMP_siteID62_irrig_03.geojson" }, "geometry": { "type": "MultiPolygon", "coordinates": [ [ [ [ 28.70195598060721, -15.582803473544303 ], [ 28.70195598060721, -15.582674292519137 ], [ 28.702149099656282, -15.582674292519137 ], [ 28.702149099656282, -15.582803473544303 ], [ 28.70195598060721, -15.582803473544303 ] ] ] ] } },
{ "type": "Feature", "properties": { "id": "43", "layer": "REMP_siteID62_irrig_03", "path": "C:/Users/hssid/Downloads/REMP_siteID62_irrig_03.geojson" }, "geometry": { "type": "MultiPolygon", "coordinates": [ [ [ [ 28.698163337060151, -15.585030541646505 ], [ 28.698163337060151, -15.584891027648281 ], [ 28.698308176346956, -15.584891027648281 ], [ 28.698308176346956, -15.585030541646505 ], [ 28.698163337060151, -15.585030541646505 ] ] ] ] } },
{ "type": "Feature", "properties": { "id": "44", "layer": "REMP_siteID62_irrig_03", "path": "C:/Users/hssid/Downloads/REMP_siteID62_irrig_03.geojson" }, "geometry": { "type": "MultiPolygon", "coordinates": [ [ [ [ 28.698507808869628, -15.600228212060056 ], [ 28.698507808869628, -15.599995705888162 ], [ 28.698612415021209, -15.599995705888162 ], [ 28.698612415021209, -15.600228212060056 ], [ 28.698507808869628, -15.600228212060056 ] ] ] ] } },
{ "type": "Feature", "properties": { "id": "45", "layer": "REMP_siteID62_irrig_03", "path": "C:/Users/hssid/Downloads/REMP_siteID62_irrig_03.geojson" }, "geometry": { "type": "MultiPolygon", "coordinates": [ [ [ [ 28.70049676866941, -15.604267553260692 ], [ 28.70049676866941, -15.604037635018535 ], [ 28.700950061992927, -15.604037635018535 ], [ 28.700950061992927, -15.604267553260692 ], [ 28.70049676866941, -15.604267553260692 ] ] ] ] } },
{ "type": "Feature", "properties": { "id": "0", "layer": "REMP_siteID62_irrig_04", "path": "C:/Users/hssid/Downloads/REMP_siteID62_irrig_04.geojson" }, "geometry": { "type": "MultiPolygon", "coordinates": [ [ [ [ 28.740253290025226, -15.602153446883758 ], [ 28.740253290025226, -15.601244096443557 ], [ 28.740821918336383, -15.601244096443557 ], [ 28.740821918336383, -15.602153446883758 ], [ 28.740253290025226, -15.602153446883758 ] ] ] ] } },
{ "type": "Feature", "properties": { "id": "1", "layer": "REMP_siteID62_irrig_04", "path": "C:/Users/hssid/Downloads/REMP_siteID62_irrig_04.geojson" }, "geometry": { "type": "MultiPolygon", "coordinates": [ [ [ [ 28.742002090302936, -15.601740106274171 ], [ 28.742002090302936, -15.600872088283747 ], [ 28.742366870728961, -15.600872088283747 ], [ 28.742366870728961, -15.601740106274171 ], [ 28.742002090302936, -15.601740106274171 ] ] ] ] } },
{ "type": "Feature", "properties": { "id": "2", "layer": "REMP_siteID62_irrig_04", "path": "C:/Users/hssid/Downloads/REMP_siteID62_irrig_04.geojson" }, "geometry": { "type": "MultiPolygon", "coordinates": [ [ [ [ 28.741503199426166, -15.604044469553285 ], [ 28.741503199426166, -15.603439964201772 ], [ 28.741685589639179, -15.603439964201772 ], [ 28.741685589639179, -15.604044469553285 ], [ 28.741503199426166, -15.604044469553285 ] ] ] ] } },
{ "type": "Feature", "properties": { "id": "3", "layer": "REMP_siteID62_irrig_04", "path": "C:/Users/hssid/Downloads/REMP_siteID62_irrig_04.geojson" }, "geometry": { "type": "MultiPolygon", "coordinates": [ [ [ [ 28.740725358811847, -15.604380305090013 ], [ 28.740725358811847, -15.604018636027689 ], [ 28.740886291352741, -15.604018636027689 ], [ 28.740886291352741, -15.604380305090013 ], [ 28.740725358811847, -15.604380305090013 ] ] ] ] } },
{ "type": "Feature", "properties": { "id": "4", "layer": "REMP_siteID62_irrig_04", "path": "C:/Users/hssid/Downloads/REMP_siteID62_irrig_04.geojson" }, "geometry": { "type": "MultiPolygon", "coordinates": [ [ [ [ 28.740800460664264, -15.604612806293387 ], [ 28.740800460664264, -15.604395805178433 ], [ 28.741170605508319, -15.604395805178433 ], [ 28.741170605508319, -15.604612806293387 ], [ 28.740800460664264, -15.604612806293387 ] ] ] ] } },
{ "type": "Feature", "properties": { "id": "5", "layer": "REMP_siteID62_irrig_04", "path": "C:/Users/hssid/Downloads/REMP_siteID62_irrig_04.geojson" }, "geometry": { "type": "MultiPolygon", "coordinates": [ [ [ [ 28.740221103517047, -15.605124308013277 ], [ 28.740221103517047, -15.604731640140026 ], [ 28.740494688836566, -15.604731640140026 ], [ 28.740494688836566, -15.605124308013277 ], [ 28.740221103517047, -15.605124308013277 ] ] ] ] } },
{ "type": "Feature", "properties": { "id": "6", "layer": "REMP_siteID62_irrig_04", "path": "C:/Users/hssid/Downloads/REMP_siteID62_irrig_04.geojson" }, "geometry": { "type": "MultiPolygon", "coordinates": [ [ [ [ 28.740709265557758, -15.605098474623668 ], [ 28.740709265557758, -15.60487114065476 ], [ 28.74091311344289, -15.60487114065476 ], [ 28.74091311344289, -15.605098474623668 ], [ 28.740709265557758, -15.605098474623668 ] ] ] ] } },
{ "type": "Feature", "properties": { "id": "7", "layer": "REMP_siteID62_irrig_04", "path": "C:/Users/hssid/Downloads/REMP_siteID62_irrig_04.geojson" }, "geometry": { "type": "MultiPolygon", "coordinates": [ [ [ [ 28.73964711078786, -15.605620308463049 ], [ 28.73964711078786, -15.605284474956289 ], [ 28.739845594254962, -15.605284474956289 ], [ 28.739845594254962, -15.605620308463049 ], [ 28.73964711078786, -15.605620308463049 ] ] ] ] } },
{ "type": "Feature", "properties": { "id": "8", "layer": "REMP_siteID62_irrig_04", "path": "C:/Users/hssid/Downloads/REMP_siteID62_irrig_04.geojson" }, "geometry": { "type": "MultiPolygon", "coordinates": [ [ [ [ 28.740875562516681, -15.606322973713912 ], [ 28.740875562516681, -15.606100807755086 ], [ 28.741020401803485, -15.606100807755086 ], [ 28.741020401803485, -15.606322973713912 ], [ 28.740875562516681, -15.606322973713912 ] ] ] ] } },
{ "type": "Feature", "properties": { "id": "9", "layer": "REMP_siteID62_irrig_04", "path": "C:/Users/hssid/Downloads/REMP_siteID62_irrig_04.geojson" }, "geometry": { "type": "MultiPolygon", "coordinates": [ [ [ [ 28.74016209491872, -15.607542298877814 ], [ 28.74016209491872, -15.607340800727796 ], [ 28.740510782090656, -15.607340800727796 ], [ 28.740510782090656, -15.607542298877814 ], [ 28.74016209491872, -15.607542298877814 ] ] ] ] } },
{ "type": "Feature", "properties": { "id": "10", "layer": "REMP_siteID62_irrig_04", "path": "C:/Users/hssid/Downloads/REMP_siteID62_irrig_04.geojson" }, "geometry": { "type": "MultiPolygon", "coordinates": [ [ [ [ 28.740768274156085, -15.607283967880463 ], [ 28.740768274156085, -15.606999803407565 ], [ 28.740939935533039, -15.606999803407565 ], [ 28.740939935533039, -15.607283967880463 ], [ 28.740768274156085, -15.607283967880463 ] ] ] ] } },
{ "type": "Feature", "properties": { "id": "11", "layer": "REMP_siteID62_irrig_04", "path": "C:/Users/hssid/Downloads/REMP_siteID62_irrig_04.geojson" }, "geometry": { "type": "MultiPolygon", "coordinates": [ [ [ [ 28.741218885270587, -15.607604298268766 ], [ 28.741218885270587, -15.607454466375222 ], [ 28.741374453393451, -15.607454466375222 ], [ 28.741374453393451, -15.607604298268766 ], [ 28.741218885270587, -15.607604298268766 ] ] ] ] } },
{ "type": "Feature", "properties": { "id": "12", "layer": "REMP_siteID62_irrig_04", "path": "C:/Users/hssid/Downloads/REMP_siteID62_irrig_04.geojson" }, "geometry": { "type": "MultiPolygon", "coordinates": [ [ [ [ 28.739346703378192, -15.605842474942275 ], [ 28.739346703378192, -15.605628058460566 ], [ 28.739574691144458, -15.605628058460566 ], [ 28.739574691144458, -15.605842474942275 ], [ 28.739346703378192, -15.605842474942275 ] ] ] ] } },
{ "type": "Feature", "properties": { "id": "13", "layer": "REMP_siteID62_irrig_04", "path": "C:/Users/hssid/Downloads/REMP_siteID62_irrig_04.geojson" }, "geometry": { "type": "MultiPolygon", "coordinates": [ [ [ [ 28.739821454373828, -15.606511556257582 ], [ 28.739821454373828, -15.606317807066452 ], [ 28.739939471570484, -15.606317807066452 ], [ 28.739939471570484, -15.606511556257582 ], [ 28.739821454373828, -15.606511556257582 ] ] ] ] } },
{ "type": "Feature", "properties": { "id": "14", "layer": "REMP_siteID62_irrig_04", "path": "C:/Users/hssid/Downloads/REMP_siteID62_irrig_04.geojson" }, "geometry": { "type": "MultiPolygon", "coordinates": [ [ [ [ 28.739818772164814, -15.606279057206248 ], [ 28.739818772164814, -15.60614989095275 ], [ 28.739944835988513, -15.60614989095275 ], [ 28.739944835988513, -15.606279057206248 ], [ 28.739818772164814, -15.606279057206248 ] ] ] ] } },
{ "type": "Feature", "properties": { "id": "15", "layer": "REMP_siteID62_irrig_04", "path": "C:/Users/hssid/Downloads/REMP_siteID62_irrig_04.geojson" }, "geometry": { "type": "MultiPolygon", "coordinates": [ [ [ [ 28.739998480168811, -15.605984558029585 ], [ 28.739998480168811, -15.605801141662027 ], [ 28.740095039693347, -15.605801141662027 ], [ 28.740095039693347, -15.605984558029585 ], [ 28.739998480168811, -15.605984558029585 ] ] ] ] } },
{ "type": "Feature", "properties": { "id": "16", "layer": "REMP_siteID62_irrig_04", "path": "C:/Users/hssid/Downloads/REMP_siteID62_irrig_04.geojson" }, "geometry": { "type": "MultiPolygon", "coordinates": [ [ [ [ 28.740521854069947, -15.610497017617439 ], [ 28.740521854069947, -15.610070777438228 ], [ 28.740736430791138, -15.610070777438228 ], [ 28.740736430791138, -15.610497017617439 ], [ 28.740521854069947, -15.610497017617439 ] ] ] ] } },
{ "type": "Feature", "properties": { "id": "17", "layer": "REMP_siteID62_irrig_04", "path": "C:/Users/hssid/Downloads/REMP_siteID62_irrig_04.geojson" }, "geometry": { "type": "MultiPolygon", "coordinates": [ [ [ [ 28.74094027867627, -15.609528288656088 ], [ 28.74094027867627, -15.609355208599837 ], [ 28.741219228413819, -15.609355208599837 ], [ 28.741219228413819, -15.609528288656088 ], [ 28.74094027867627, -15.609528288656088 ] ] ] ] } },
{ "type": "Feature", "properties": { "id": "0", "layer": null, "path": null }, "geometry": { "type": "MultiPolygon", "coordinates": [ [ [ [ 28.755971686046994, -15.59778379280424 ], [ 28.755971686046994, -15.597484114564239 ], [ 28.756239906948483, -15.597484114564239 ], [ 28.756239906948483, -15.59778379280424 ], [ 28.755971686046994, -15.59778379280424 ] ] ] ] } },
{ "type": "Feature", "properties": { "id": "0", "layer": "REMP_siteID85_irrig_01", "path": "C:/Users/hssid/Downloads/REMP_siteID85_irrig_01.geojson" }, "geometry": { "type": "MultiPolygon", "coordinates": [ [ [ [ 32.035954877771168, -12.440909338812782 ], [ 32.035954877771168, -12.440783615872844 ], [ 32.036152020133763, -12.440783615872844 ], [ 32.036152020133763, -12.440909338812782 ], [ 32.035954877771168, -12.440909338812782 ] ] ] ] } },
{ "type": "Feature", "properties": { "id": "1", "layer": "REMP_siteID85_irrig_01", "path": "C:/Users/hssid/Downloads/REMP_siteID85_irrig_01.geojson" }, "geometry": { "type": "MultiPolygon", "coordinates": [ [ [ [ 32.034628525413304, -12.440533479425946 ], [ 32.034628525413304, -12.440439187090247 ], [ 32.034749224818974, -12.440439187090247 ], [ 32.034749224818974, -12.440533479425946 ], [ 32.034628525413304, -12.440533479425946 ] ] ] ] } },
{ "type": "Feature", "properties": { "id": "2", "layer": "REMP_siteID85_irrig_01", "path": "C:/Users/hssid/Downloads/REMP_siteID85_irrig_01.geojson" }, "geometry": { "type": "MultiPolygon", "coordinates": [ [ [ [ 32.034821644462376, -12.439891767020598 ], [ 32.034821644462376, -12.439776520543134 ], [ 32.034945026077061, -12.439776520543134 ], [ 32.034945026077061, -12.439891767020598 ], [ 32.034821644462376, -12.439891767020598 ] ] ] ] } },
{ "type": "Feature", "properties": { "id": "3", "layer": "REMP_siteID85_irrig_01", "path": "C:/Users/hssid/Downloads/REMP_siteID85_irrig_01.geojson" }, "geometry": { "type": "MultiPolygon", "coordinates": [ [ [ [ 32.041717690824761, -12.440098118372989 ], [ 32.041717690824761, -12.439972395040368 ], [ 32.041900081037774, -12.439972395040368 ], [ 32.041900081037774, -12.440098118372989 ], [ 32.041717690824761, -12.440098118372989 ] ] ] ] } },
{ "type": "Feature", "properties": { "id": "4", "layer": "REMP_siteID85_irrig_01", "path": "C:/Users/hssid/Downloads/REMP_siteID85_irrig_01.geojson" }, "geometry": { "type": "MultiPolygon", "coordinates": [ [ [ [ 32.044201416372552, -12.441103902843027 ], [ 32.044201416372552, -12.440883887823043 ], [ 32.044373077749505, -12.440883887823043 ], [ 32.044373077749505, -12.441103902843027 ], [ 32.044201416372552, -12.441103902843027 ] ] ] ] } },
{ "type": "Feature", "properties": { "id": "5", "layer": "REMP_siteID85_irrig_01", "path": "C:/Users/hssid/Downloads/REMP_siteID85_irrig_01.geojson" }, "geometry": { "type": "MultiPolygon", "coordinates": [ [ [ [ 32.03526429593493, -12.434089522732993 ], [ 32.03526429593493, -12.433948080708271 ], [ 32.035452050565972, -12.433948080708271 ], [ 32.035452050565972, -12.434089522732993 ], [ 32.03526429593493, -12.434089522732993 ] ] ] ] } },
{ "type": "Feature", "properties": { "id": "0", "layer": "REMP_siteID85_irrig_02", "path": "C:/Users/hssid/Downloads/REMP_siteID85_irrig_02.geojson" }, "geometry": { "type": "MultiPolygon", "coordinates": [ [ [ [ 32.030083270794144, -12.428059024385961 ], [ 32.030083270794144, -12.427838998320611 ], [ 32.030201287990799, -12.427838998320611 ], [ 32.030201287990799, -12.428059024385961 ], [ 32.030083270794144, -12.428059024385961 ] ] ] ] } },
{ "type": "Feature", "properties": { "id": "1", "layer": "REMP_siteID85_irrig_02", "path": "C:/Users/hssid/Downloads/REMP_siteID85_irrig_02.geojson" }, "geometry": { "type": "MultiPolygon", "coordinates": [ [ [ [ 32.029970618015518, -12.428200469615359 ], [ 32.029970618015518, -12.428077359883002 ], [ 32.030118139511337, -12.428077359883002 ], [ 32.030118139511337, -12.428200469615359 ], [ 32.029970618015518, -12.428200469615359 ] ] ] ] } },
{ "type": "Feature", "properties": { "id": "2", "layer": "REMP_siteID85_irrig_02", "path": "C:/Users/hssid/Downloads/REMP_siteID85_irrig_02.geojson" }, "geometry": { "type": "MultiPolygon", "coordinates": [ [ [ [ 32.022795282952799, -12.426458631480614 ], [ 32.022795282952799, -12.426366953411721 ], [ 32.022921346776499, -12.426366953411721 ], [ 32.022921346776499, -12.426458631480614 ], [ 32.022795282952799, -12.426458631480614 ] ] ] ] } },
{ "type": "Feature", "properties": { "id": "3", "layer": "REMP_siteID85_irrig_02", "path": "C:/Users/hssid/Downloads/REMP_siteID85_irrig_02.geojson" }, "geometry": { "type": "MultiPolygon", "coordinates": [ [ [ [ 32.042253466914815, -12.427634355584486 ], [ 32.042253466914815, -12.427469335783393 ], [ 32.042417081664723, -12.427469335783393 ], [ 32.042417081664723, -12.427634355584486 ], [ 32.042253466914815, -12.427634355584486 ] ] ] ] } },
{ "type": "Feature", "properties": { "id": "4", "layer": "REMP_siteID85_irrig_02", "path": "C:/Users/hssid/Downloads/REMP_siteID85_irrig_02.geojson" }, "geometry": { "type": "MultiPolygon", "coordinates": [ [ [ [ 32.041558774779958, -12.426099405454487 ], [ 32.041558774779958, -12.425910810274218 ], [ 32.041674109767598, -12.425910810274218 ], [ 32.041674109767598, -12.426099405454487 ], [ 32.041558774779958, -12.426099405454487 ] ] ] ] } },
{ "type": "Feature", "properties": { "id": "0", "layer": "REMP_siteID85_irrig_03", "path": "C:/Users/hssid/Downloads/REMP_siteID85_irrig_03.geojson" }, "geometry": { "type": "MultiPolygon", "coordinates": [ [ [ [ 31.990413121698509, -12.415430670832478 ], [ 31.990413121698509, -12.415291838144613 ], [ 31.990515045641075, -12.415291838144613 ], [ 31.990515045641075, -12.415430670832478 ], [ 31.990413121698509, -12.415430670832478 ] ] ] ] } },
{ "type": "Feature", "properties": { "id": "0", "layer": null, "path": null }, "geometry": { "type": "MultiPolygon", "coordinates": [ [ [ [ 24.470074061046969, -13.428886101851589 ], [ 24.470126364122756, -13.428780442410437 ], [ 24.470638666044607, -13.428905668409671 ], [ 24.470613185058962, -13.429045243144289 ], [ 24.470074061046969, -13.428886101851589 ] ] ] ] } },
{ "type": "Feature", "properties": { "id": "1", "layer": null, "path": null }, "geometry": { "type": "MultiPolygon", "coordinates": [ [ [ [ 24.478391382170084, -13.428769192675684 ], [ 24.47841820426023, -13.428602224567236 ], [ 24.478546950292941, -13.428638748850886 ], [ 24.478493306112643, -13.428800499183088 ], [ 24.478391382170084, -13.428769192675684 ] ] ] ] } },
{ "type": "Feature", "properties": { "id": "2", "layer": null, "path": null }, "geometry": { "type": "MultiPolygon", "coordinates": [ [ [ [ 24.461366157874835, -13.478927925422797 ], [ 24.461543183669818, -13.478505375674658 ], [ 24.461765807018054, -13.47856275901761 ], [ 24.461559276923907, -13.478980092006568 ], [ 24.461366157874835, -13.478927925422797 ] ] ] ] } },
{ "type": "Feature", "properties": { "id": "3", "layer": null, "path": null }, "geometry": { "type": "MultiPolygon", "coordinates": [ [ [ [ 24.461972337112204, -13.478262800481788 ], [ 24.462133269653091, -13.477999358326828 ], [ 24.462318342075122, -13.47809065019557 ], [ 24.462253969058768, -13.478322792219053 ], [ 24.461972337112204, -13.478262800481788 ] ] ] ] } },
{ "type": "Feature", "properties": { "id": "0", "layer": "polys_REMPID90_01", "path": "C:/Users/hssid/Downloads/polys_REMPID90_01.geojson" }, "geometry": { "type": "MultiPolygon", "coordinates": [ [ [ [ 24.463222347878297, -13.425170158289657 ], [ 24.463222347878297, -13.425044930341315 ], [ 24.463398032568772, -13.425044930341315 ], [ 24.463398032568772, -13.425170158289657 ], [ 24.463222347878297, -13.425170158289657 ] ] ] ] } },
{ "type": "Feature", "properties": { "id": "1", "layer": "polys_REMPID90_01", "path": "C:/Users/hssid/Downloads/polys_REMPID90_01.geojson" }, "geometry": { "type": "MultiPolygon", "coordinates": [ [ [ [ 24.463402055882295, -13.425326693133188 ], [ 24.463402055882295, -13.425146678054306 ], [ 24.463595174931367, -13.425146678054306 ], [ 24.463595174931367, -13.425326693133188 ], [ 24.463402055882295, -13.425326693133188 ] ] ] ] } },
{ "type": "Feature", "properties": { "id": "2", "layer": "polys_REMPID90_01", "path": "C:/Users/hssid/Downloads/polys_REMPID90_01.geojson" }, "geometry": { "type": "MultiPolygon", "coordinates": [ [ [ [ 24.469690706233116, -13.428847650920057 ], [ 24.469690706233116, -13.428730251519303 ], [ 24.469835545519921, -13.428730251519303 ], [ 24.469835545519921, -13.428847650920057 ], [ 24.469690706233116, -13.428847650920057 ] ] ] ] } },
{ "type": "Feature", "properties": { "id": "3", "layer": "polys_REMPID90_01", "path": "C:/Users/hssid/Downloads/polys_REMPID90_01.geojson" }, "geometry": { "type": "MultiPolygon", "coordinates": [ [ [ [ 24.470071579913231, -13.428924612718262 ], [ 24.470071579913231, -13.428795473415702 ], [ 24.470248605708214, -13.428795473415702 ], [ 24.470248605708214, -13.428924612718262 ], [ 24.470071579913231, -13.428924612718262 ] ] ] ] } },
{ "type": "Feature", "properties": { "id": "4", "layer": "polys_REMPID90_01", "path": "C:/Users/hssid/Downloads/polys_REMPID90_01.geojson" }, "geometry": { "type": "MultiPolygon", "coordinates": [ [ [ [ 24.470271404484841, -13.428992443435211 ], [ 24.470271404484841, -13.42885025979497 ], [ 24.470457818011376, -13.42885025979497 ], [ 24.470457818011376, -13.428992443435211 ], [ 24.470271404484841, -13.428992443435211 ] ] ] ] } },
{ "type": "Feature", "properties": { "id": "5", "layer": "polys_REMPID90_01", "path": "C:/Users/hssid/Downloads/polys_REMPID90_01.geojson" }, "geometry": { "type": "MultiPolygon", "coordinates": [ [ [ [ 24.470479275683495, -13.429035489841786 ], [ 24.470479275683495, -13.428877652979915 ], [ 24.470628138283821, -13.428877652979915 ], [ 24.470628138283821, -13.429035489841786 ], [ 24.470479275683495, -13.429035489841786 ] ] ] ] } },
{ "type": "Feature", "properties": { "id": "6", "layer": "polys_REMPID90_01", "path": "C:/Users/hssid/Downloads/polys_REMPID90_01.geojson" }, "geometry": { "type": "MultiPolygon", "coordinates": [ [ [ [ 24.470939274529549, -13.429300290294197 ], [ 24.470939274529549, -13.429206370955351 ], [ 24.471037175158592, -13.429206370955351 ], [ 24.471037175158592, -13.429300290294197 ], [ 24.470939274529549, -13.429300290294197 ] ] ] ] } },
{ "type": "Feature", "properties": { "id": "7", "layer": "polys_REMPID90_01", "path": "C:/Users/hssid/Downloads/polys_REMPID90_01.geojson" }, "geometry": { "type": "MultiPolygon", "coordinates": [ [ [ [ 24.467467269185398, -13.428620464206681 ], [ 24.467467269185398, -13.428525240162539 ], [ 24.467626860621785, -13.428525240162539 ], [ 24.467626860621785, -13.428620464206681 ], [ 24.467467269185398, -13.428620464206681 ] ] ] ] } },
{ "type": "Feature", "properties": { "id": "8", "layer": "polys_REMPID90_01", "path": "C:/Users/hssid/Downloads/polys_REMPID90_01.geojson" }, "geometry": { "type": "MultiPolygon", "coordinates": [ [ [ [ 24.467657706025456, -13.428697426077747 ], [ 24.467657706025456, -13.428606115380527 ], [ 24.4677918164762, -13.428606115380527 ], [ 24.4677918164762, -13.428697426077747 ], [ 24.467657706025456, -13.428697426077747 ] ] ] ] } },
{ "type": "Feature", "properties": { "id": "9", "layer": "polys_REMPID90_01", "path": "C:/Users/hssid/Downloads/polys_REMPID90_01.geojson" }, "geometry": { "type": "MultiPolygon", "coordinates": [ [ [ [ 24.45229879510098, -13.422535989382171 ], [ 24.45229879510098, -13.422399019807386 ], [ 24.452436928865247, -13.422399019807386 ], [ 24.452436928865247, -13.422535989382171 ], [ 24.45229879510098, -13.422535989382171 ] ] ] ] } },
{ "type": "Feature", "properties": { "id": "10", "layer": "polys_REMPID90_01", "path": "C:/Users/hssid/Downloads/polys_REMPID90_01.geojson" }, "geometry": { "type": "MultiPolygon", "coordinates": [ [ [ [ 24.444425876956206, -13.41420371232225 ], [ 24.444425876956206, -13.413655814545898 ], [ 24.444643135886412, -13.413655814545898 ], [ 24.444643135886412, -13.41420371232225 ], [ 24.444425876956206, -13.41420371232225 ] ] ] ] } },
{ "type": "Feature", "properties": { "id": "11", "layer": "polys_REMPID90_01", "path": "C:/Users/hssid/Downloads/polys_REMPID90_01.geojson" }, "geometry": { "type": "MultiPolygon", "coordinates": [ [ [ [ 24.444814797263366, -13.414360254314563 ], [ 24.444814797263366, -13.414148922600846 ], [ 24.445276137213927, -13.414148922600846 ], [ 24.445276137213927, -13.414360254314563 ], [ 24.444814797263366, -13.414360254314563 ] ] ] ] } },
{ "type": "Feature", "properties": { "id": "12", "layer": "polys_REMPID90_01", "path": "C:/Users/hssid/Downloads/polys_REMPID90_01.geojson" }, "geometry": { "type": "MultiPolygon", "coordinates": [ [ [ [ 24.47485900317945, -13.431017933464789 ], [ 24.47485900317945, -13.430951407746472 ], [ 24.475009206884284, -13.430951407746472 ], [ 24.475009206884284, -13.431017933464789 ], [ 24.47485900317945, -13.431017933464789 ] ] ] ] } },
{ "type": "Feature", "properties": { "id": "13", "layer": "polys_REMPID90_01", "path": "C:/Users/hssid/Downloads/polys_REMPID90_01.geojson" }, "geometry": { "type": "MultiPolygon", "coordinates": [ [ [ [ 24.475044075601478, -13.430984018395009 ], [ 24.475044075601478, -13.430914883814854 ], [ 24.475150022857566, -13.430914883814854 ], [ 24.475150022857566, -13.430984018395009 ], [ 24.475044075601478, -13.430984018395009 ] ] ] ] } },
{ "type": "Feature", "properties": { "id": "14", "layer": "polys_REMPID90_01", "path": "C:/Users/hssid/Downloads/polys_REMPID90_01.geojson" }, "geometry": { "type": "MultiPolygon", "coordinates": [ [ [ [ 24.47535789405622, -13.430818356254498 ], [ 24.47535789405622, -13.430592690319985 ], [ 24.475710604541678, -13.430592690319985 ], [ 24.475710604541678, -13.430818356254498 ], [ 24.47535789405622, -13.430818356254498 ] ] ] ] } },
{ "type": "Feature", "properties": { "id": "15", "layer": "polys_REMPID90_01", "path": "C:/Users/hssid/Downloads/polys_REMPID90_01.geojson" }, "geometry": { "type": "MultiPolygon", "coordinates": [ [ [ [ 24.477391895052609, -13.430554031779588 ], [ 24.477391895052609, -13.43046141736018 ], [ 24.4774804079501, -13.43046141736018 ], [ 24.4774804079501, -13.430554031779588 ], [ 24.477391895052609, -13.430554031779588 ] ] ] ] } },
{ "type": "Feature", "properties": { "id": "16", "layer": "polys_REMPID90_01", "path": "C:/Users/hssid/Downloads/polys_REMPID90_01.geojson" }, "geometry": { "type": "MultiPolygon", "coordinates": [ [ [ [ 24.476523353878708, -13.430309812485891 ], [ 24.476523353878708, -13.430179369498598 ], [ 24.476677580897064, -13.430179369498598 ], [ 24.476677580897064, -13.430309812485891 ], [ 24.476523353878708, -13.430309812485891 ] ] ] ] } },
{ "type": "Feature", "properties": { "id": "17", "layer": "polys_REMPID90_01", "path": "C:/Users/hssid/Downloads/polys_REMPID90_01.geojson" }, "geometry": { "type": "MultiPolygon", "coordinates": [ [ [ [ 24.478384947046365, -13.428791616105636 ], [ 24.478384947046365, -13.428627256890127 ], [ 24.478516375288095, -13.428627256890127 ], [ 24.478516375288095, -13.428791616105636 ], [ 24.478384947046365, -13.428791616105636 ] ] ] ] } },
{ "type": "Feature", "properties": { "id": "18", "layer": "polys_REMPID90_01", "path": "C:/Users/hssid/Downloads/polys_REMPID90_01.geojson" }, "geometry": { "type": "MultiPolygon", "coordinates": [ [ [ [ 24.478401040300454, -13.429159467275275 ], [ 24.478401040300454, -13.428979455071232 ], [ 24.47850296424302, -13.428979455071232 ], [ 24.47850296424302, -13.429159467275275 ], [ 24.478401040300454, -13.429159467275275 ] ] ] ] } },
{ "type": "Feature", "properties": { "id": "19", "layer": "polys_REMPID90_01", "path": "C:/Users/hssid/Downloads/polys_REMPID90_01.geojson" }, "geometry": { "type": "MultiPolygon", "coordinates": [ [ [ [ 24.479031359418954, -13.428316800287035 ], [ 24.479031359418954, -13.42813417856819 ], [ 24.479181563123788, -13.42813417856819 ], [ 24.479181563123788, -13.428316800287035 ], [ 24.479031359418954, -13.428316800287035 ] ] ] ] } },
{ "type": "Feature", "properties": { "id": "20", "layer": "polys_REMPID90_01", "path": "C:/Users/hssid/Downloads/polys_REMPID90_01.geojson" }, "geometry": { "type": "MultiPolygon", "coordinates": [ [ [ [ 24.484503429843219, -13.412347756957928 ], [ 24.484503429843219, -13.412223826850994 ], [ 24.484624129248889, -13.412223826850994 ], [ 24.484624129248889, -13.412347756957928 ], [ 24.484503429843219, -13.412347756957928 ] ] ] ] } },
{ "type": "Feature", "properties": { "id": "21", "layer": "polys_REMPID90_01", "path": "C:/Users/hssid/Downloads/polys_REMPID90_01.geojson" }, "geometry": { "type": "MultiPolygon", "coordinates": [ [ [ [ 24.484414916945727, -13.413215265916566 ], [ 24.484414916945727, -13.412900875813742 ], [ 24.484563779546054, -13.412900875813742 ], [ 24.484563779546054, -13.413215265916566 ], [ 24.484414916945727, -13.413215265916566 ] ] ] ] } },
{ "type": "Feature", "properties": { "id": "22", "layer": "polys_REMPID90_01", "path": "C:/Users/hssid/Downloads/polys_REMPID90_01.geojson" }, "geometry": { "type": "MultiPolygon", "coordinates": [ [ [ [ 24.484545340889934, -13.413433013580223 ], [ 24.484545340889934, -13.413267339329126 ], [ 24.484655311459544, -13.413267339329126 ], [ 24.484655311459544, -13.413433013580223 ], [ 24.484545340889934, -13.413433013580223 ] ] ] ] } },
{ "type": "Feature", "properties": { "id": "23", "layer": "polys_REMPID90_01", "path": "C:/Users/hssid/Downloads/polys_REMPID90_01.geojson" }, "geometry": { "type": "MultiPolygon", "coordinates": [ [ [ [ 24.484632512682918, -13.413708267398365 ], [ 24.484632512682918, -13.413606514838831 ], [ 24.484745165461543, -13.413606514838831 ], [ 24.484745165461543, -13.413708267398365 ], [ 24.484632512682918, -13.413708267398365 ] ] ] ] } },
{ "type": "Feature", "properties": { "id": "24", "layer": "polys_REMPID90_01", "path": "C:/Users/hssid/Downloads/polys_REMPID90_01.geojson" }, "geometry": { "type": "MultiPolygon", "coordinates": [ [ [ [ 24.473787973378521, -13.409964474199816 ], [ 24.473787973378521, -13.409682693385228 ], [ 24.474101791833263, -13.409682693385228 ], [ 24.474101791833263, -13.409964474199816 ], [ 24.473787973378521, -13.409964474199816 ] ] ] ] } },
{ "type": "Feature", "properties": { "id": "25", "layer": "polys_REMPID90_01", "path": "C:/Users/hssid/Downloads/polys_REMPID90_01.geojson" }, "geometry": { "type": "MultiPolygon", "coordinates": [ [ [ [ 24.485470770579973, -13.407616280298498 ], [ 24.485470770579973, -13.407084022171141 ], [ 24.485803364497819, -13.407084022171141 ], [ 24.485803364497819, -13.407616280298498 ], [ 24.485470770579973, -13.407616280298498 ] ] ] ] } },
{ "type": "Feature", "properties": { "id": "26", "layer": "polys_REMPID90_01", "path": "C:/Users/hssid/Downloads/polys_REMPID90_01.geojson" }, "geometry": { "type": "MultiPolygon", "coordinates": [ [ [ [ 24.486945985538163, -13.405505504617791 ], [ 24.486945985538163, -13.405422012491638 ], [ 24.48703181622664, -13.405422012491638 ], [ 24.48703181622664, -13.405505504617791 ], [ 24.486945985538163, -13.405505504617791 ] ] ] ] } },
{ "type": "Feature", "properties": { "id": "0", "layer": "polys_REMPID90_02", "path": "C:/Users/hssid/Downloads/polys_REMPID90_02.geojson" }, "geometry": { "type": "MultiPolygon", "coordinates": [ [ [ [ 24.473724260354025, -13.439559792556166 ], [ 24.473724260354025, -13.439476312271939 ], [ 24.473793997788412, -13.439476312271939 ], [ 24.473793997788412, -13.439559792556166 ], [ 24.473724260354025, -13.439559792556166 ] ] ] ] } },
{ "type": "Feature", "properties": { "id": "1", "layer": "polys_REMPID90_02", "path": "C:/Users/hssid/Downloads/polys_REMPID90_02.geojson" }, "geometry": { "type": "MultiPolygon", "coordinates": [ [ [ [ 24.47309662344454, -13.43954153124648 ], [ 24.47309662344454, -13.439416310799704 ], [ 24.473211958432181, -13.439416310799704 ], [ 24.473211958432181, -13.43954153124648 ], [ 24.47309662344454, -13.43954153124648 ] ] ] ] } },
{ "type": "Feature", "properties": { "id": "2", "layer": "polys_REMPID90_02", "path": "C:/Users/hssid/Downloads/polys_REMPID90_02.geojson" }, "geometry": { "type": "MultiPolygon", "coordinates": [ [ [ [ 24.473517730259879, -13.440178067506391 ], [ 24.473517730259879, -13.440047629885877 ], [ 24.473662569546683, -13.440047629885877 ], [ 24.473662569546683, -13.440178067506391 ], [ 24.473517730259879, -13.440178067506391 ] ] ] ] } },
{ "type": "Feature", "properties": { "id": "3", "layer": "polys_REMPID90_02", "path": "C:/Users/hssid/Downloads/polys_REMPID90_02.geojson" }, "geometry": { "type": "MultiPolygon", "coordinates": [ [ [ [ 24.473394348645193, -13.440360680055885 ], [ 24.473394348645193, -13.440196328767593 ], [ 24.473579421067221, -13.440196328767593 ], [ 24.473579421067221, -13.440360680055885 ], [ 24.473394348645193, -13.440360680055885 ] ] ] ] } },
{ "type": "Feature", "properties": { "id": "4", "layer": "polys_REMPID90_02", "path": "C:/Users/hssid/Downloads/polys_REMPID90_02.geojson" }, "geometry": { "type": "MultiPolygon", "coordinates": [ [ [ [ 24.474030032181723, -13.441044171506574 ], [ 24.474030032181723, -13.440960691739189 ], [ 24.47409976961611, -13.440960691739189 ], [ 24.47409976961611, -13.441044171506574 ], [ 24.474030032181723, -13.441044171506574 ] ] ] ] } },
{ "type": "Feature", "properties": { "id": "5", "layer": "polys_REMPID90_02", "path": "C:/Users/hssid/Downloads/polys_REMPID90_02.geojson" }, "geometry": { "type": "MultiPolygon", "coordinates": [ [ [ [ 24.473155632042868, -13.442345930368161 ], [ 24.473155632042868, -13.442262451054093 ], [ 24.473257555985434, -13.442262451054093 ], [ 24.473257555985434, -13.442345930368161 ], [ 24.473155632042868, -13.442345930368161 ] ] ] ] } },
{ "type": "Feature", "properties": { "id": "6", "layer": "polys_REMPID90_02", "path": "C:/Users/hssid/Downloads/polys_REMPID90_02.geojson" }, "geometry": { "type": "MultiPolygon", "coordinates": [ [ [ [ 24.472133710408194, -13.443741595844287 ], [ 24.472133710408194, -13.443592899161633 ], [ 24.472267820858939, -13.443592899161633 ], [ 24.472267820858939, -13.443741595844287 ], [ 24.472133710408194, -13.443741595844287 ] ] ] ] } },
{ "type": "Feature", "properties": { "id": "7", "layer": "polys_REMPID90_02", "path": "C:/Users/hssid/Downloads/polys_REMPID90_02.geojson" }, "geometry": { "type": "MultiPolygon", "coordinates": [ [ [ [ 24.472401931309683, -13.44449029528338 ], [ 24.472401931309683, -13.444406816716123 ], [ 24.47248776199816, -13.444406816716123 ], [ 24.47248776199816, -13.44449029528338 ], [ 24.472401931309683, -13.44449029528338 ] ] ] ] } },
{ "type": "Feature", "properties": { "id": "8", "layer": "polys_REMPID90_02", "path": "C:/Users/hssid/Downloads/polys_REMPID90_02.geojson" }, "geometry": { "type": "MultiPolygon", "coordinates": [ [ [ [ 24.47297592403887, -13.445317253269627 ], [ 24.47297592403887, -13.445202470628177 ], [ 24.473040297055228, -13.445202470628177 ], [ 24.473040297055228, -13.445317253269627 ], [ 24.47297592403887, -13.445317253269627 ] ] ] ] } },
{ "type": "Feature", "properties": { "id": "9", "layer": "polys_REMPID90_02", "path": "C:/Users/hssid/Downloads/polys_REMPID90_02.geojson" }, "geometry": { "type": "MultiPolygon", "coordinates": [ [ [ [ 24.473187818551047, -13.445356383702993 ], [ 24.473187818551047, -13.445199861931147 ], [ 24.473279013657553, -13.445199861931147 ], [ 24.473279013657553, -13.445356383702993 ], [ 24.473187818551047, -13.445356383702993 ] ] ] ] } },
{ "type": "Feature", "properties": { "id": "10", "layer": "polys_REMPID90_02", "path": "C:/Users/hssid/Downloads/polys_REMPID90_02.geojson" }, "geometry": { "type": "MultiPolygon", "coordinates": [ [ [ [ 24.473262479825728, -13.446473954285675 ], [ 24.473262479825728, -13.446333085352546 ], [ 24.473431458993666, -13.446333085352546 ], [ 24.473431458993666, -13.446473954285675 ], [ 24.473262479825728, -13.446473954285675 ] ] ] ] } },
{ "type": "Feature", "properties": { "id": "11", "layer": "polys_REMPID90_02", "path": "C:/Users/hssid/Downloads/polys_REMPID90_02.geojson" }, "geometry": { "type": "MultiPolygon", "coordinates": [ [ [ [ 24.473096182866804, -13.446867865122165 ], [ 24.473096182866804, -13.446651344676296 ], [ 24.473216882272474, -13.446651344676296 ], [ 24.473216882272474, -13.446867865122165 ], [ 24.473096182866804, -13.446867865122165 ] ] ] ] } },
{ "type": "Feature", "properties": { "id": "12", "layer": "polys_REMPID90_02", "path": "C:/Users/hssid/Downloads/polys_REMPID90_02.geojson" }, "geometry": { "type": "MultiPolygon", "coordinates": [ [ [ [ 24.473069360776655, -13.447551338017229 ], [ 24.473069360776655, -13.447269601334821 ], [ 24.473184695764296, -13.447269601334821 ], [ 24.473184695764296, -13.447551338017229 ], [ 24.473069360776655, -13.447551338017229 ] ] ] ] } },
{ "type": "Feature", "properties": { "id": "13", "layer": "polys_REMPID90_02", "path": "C:/Users/hssid/Downloads/polys_REMPID90_02.geojson" }, "geometry": { "type": "MultiPolygon", "coordinates": [ [ [ [ 24.473023763223402, -13.44782003102609 ], [ 24.473023763223402, -13.447587859414758 ], [ 24.473176649137251, -13.447587859414758 ], [ 24.473176649137251, -13.44782003102609 ], [ 24.473023763223402, -13.44782003102609 ] ] ] ] } },
{ "type": "Feature", "properties": { "id": "14", "layer": "polys_REMPID90_02", "path": "C:/Users/hssid/Downloads/polys_REMPID90_02.geojson" }, "geometry": { "type": "MultiPolygon", "coordinates": [ [ [ [ 24.471736302896254, -13.446857430406368 ], [ 24.471736302896254, -13.446580910272196 ], [ 24.471916010900252, -13.446580910272196 ], [ 24.471916010900252, -13.446857430406368 ], [ 24.471736302896254, -13.446857430406368 ] ] ] ] } },
{ "type": "Feature", "properties": { "id": "15", "layer": "polys_REMPID90_02", "path": "C:/Users/hssid/Downloads/polys_REMPID90_02.geojson" }, "geometry": { "type": "MultiPolygon", "coordinates": [ [ [ [ 24.471693387552016, -13.447535685988001 ], [ 24.471693387552016, -13.447280036032668 ], [ 24.471865048928969, -13.447280036032668 ], [ 24.471865048928969, -13.447535685988001 ], [ 24.471693387552016, -13.447535685988001 ] ] ] ] } },
{ "type": "Feature", "properties": { "id": "16", "layer": "polys_REMPID90_02", "path": "C:/Users/hssid/Downloads/polys_REMPID90_02.geojson" }, "geometry": { "type": "MultiPolygon", "coordinates": [ [ [ [ 24.471894553228132, -13.447853943714541 ], [ 24.471894553228132, -13.447658293522862 ], [ 24.471983066125624, -13.447658293522862 ], [ 24.471983066125624, -13.447853943714541 ], [ 24.471894553228132, -13.447853943714541 ] ] ] ] } },
{ "type": "Feature", "properties": { "id": "17", "layer": "polys_REMPID90_02", "path": "C:/Users/hssid/Downloads/polys_REMPID90_02.geojson" }, "geometry": { "type": "MultiPolygon", "coordinates": [ [ [ [ 24.473163238092177, -13.448200896328258 ], [ 24.473163238092177, -13.448049593746456 ], [ 24.473289301915877, -13.448049593746456 ], [ 24.473289301915877, -13.448200896328258 ], [ 24.473163238092177, -13.448200896328258 ] ] ] ] } },
{ "type": "Feature", "properties": { "id": "18", "layer": "polys_REMPID90_02", "path": "C:/Users/hssid/Downloads/polys_REMPID90_02.geojson" }, "geometry": { "type": "MultiPolygon", "coordinates": [ [ [ [ 24.472465863748305, -13.448868713478875 ], [ 24.472465863748305, -13.448654803500437 ], [ 24.472943296952955, -13.448654803500437 ], [ 24.472943296952955, -13.448868713478875 ], [ 24.472465863748305, -13.448868713478875 ] ] ] ] } },
{ "type": "Feature", "properties": { "id": "19", "layer": "polys_REMPID90_02", "path": "C:/Users/hssid/Downloads/polys_REMPID90_02.geojson" }, "geometry": { "type": "MultiPolygon", "coordinates": [ [ [ [ 24.473442187829725, -13.449270446336874 ], [ 24.473442187829725, -13.449173926166241 ], [ 24.473554840608351, -13.449173926166241 ], [ 24.473554840608351, -13.449270446336874 ], [ 24.473442187829725, -13.449270446336874 ] ] ] ] } },
{ "type": "Feature", "properties": { "id": "20", "layer": "polys_REMPID90_02", "path": "C:/Users/hssid/Downloads/polys_REMPID90_02.geojson" }, "geometry": { "type": "MultiPolygon", "coordinates": [ [ [ [ 24.473509243055098, -13.449408704891948 ], [ 24.473509243055098, -13.449299141515249 ], [ 24.473678222223036, -13.449299141515249 ], [ 24.473678222223036, -13.449408704891948 ], [ 24.473509243055098, -13.449408704891948 ] ] ] ] } },
{ "type": "Feature", "properties": { "id": "21", "layer": "polys_REMPID90_02", "path": "C:/Users/hssid/Downloads/polys_REMPID90_02.geojson" }, "geometry": { "type": "MultiPolygon", "coordinates": [ [ [ [ 24.472559741063826, -13.449095666539876 ], [ 24.472559741063826, -13.448988711675847 ], [ 24.472860148473494, -13.448988711675847 ], [ 24.472860148473494, -13.449095666539876 ], [ 24.472559741063826, -13.449095666539876 ] ] ] ] } },
{ "type": "Feature", "properties": { "id": "22", "layer": "polys_REMPID90_02", "path": "C:/Users/hssid/Downloads/polys_REMPID90_02.geojson" }, "geometry": { "type": "MultiPolygon", "coordinates": [ [ [ [ 24.472221782727949, -13.450577377792436 ], [ 24.472221782727949, -13.450358252057844 ], [ 24.472487321420424, -13.450358252057844 ], [ 24.472487321420424, -13.450577377792436 ], [ 24.472221782727949, -13.450577377792436 ] ] ] ] } },
{ "type": "Feature", "properties": { "id": "23", "layer": "polys_REMPID90_02", "path": "C:/Users/hssid/Downloads/polys_REMPID90_02.geojson" }, "geometry": { "type": "MultiPolygon", "coordinates": [ [ [ [ 24.471929421945326, -13.450853893314319 ], [ 24.471929421945326, -13.450598246899567 ], [ 24.472133269830458, -13.450598246899567 ], [ 24.472133269830458, -13.450853893314319 ], [ 24.471929421945326, -13.450853893314319 ] ] ] ] } },
{ "type": "Feature", "properties": { "id": "24", "layer": "polys_REMPID90_02", "path": "C:/Users/hssid/Downloads/polys_REMPID90_02.geojson" }, "geometry": { "type": "MultiPolygon", "coordinates": [ [ [ [ 24.472629478498213, -13.450859110585256 ], [ 24.472629478498213, -13.45073911332511 ], [ 24.472701898141615, -13.45073911332511 ], [ 24.472701898141615, -13.450859110585256 ], [ 24.472629478498213, -13.450859110585256 ] ] ] ] } },
{ "type": "Feature", "properties": { "id": "25", "layer": "polys_REMPID90_02", "path": "C:/Users/hssid/Downloads/polys_REMPID90_02.geojson" }, "geometry": { "type": "MultiPolygon", "coordinates": [ [ [ [ 24.473578980489485, -13.450851284678814 ], [ 24.473578980489485, -13.450650419659423 ], [ 24.473688951059096, -13.450650419659423 ], [ 24.473688951059096, -13.450851284678814 ], [ 24.473578980489485, -13.450851284678814 ] ] ] ] } },
{ "type": "Feature", "properties": { "id": "26", "layer": "polys_REMPID90_02", "path": "C:/Users/hssid/Downloads/polys_REMPID90_02.geojson" }, "geometry": { "type": "MultiPolygon", "coordinates": [ [ [ [ 24.473312572789627, -13.4516302502345 ], [ 24.473312572789627, -13.451428081553647 ], [ 24.473507032943207, -13.451428081553647 ], [ 24.473507032943207, -13.4516302502345 ], [ 24.473312572789627, -13.4516302502345 ] ] ] ] } },
{ "type": "Feature", "properties": { "id": "27", "layer": "polys_REMPID90_02", "path": "C:/Users/hssid/Downloads/polys_REMPID90_02.geojson" }, "geometry": { "type": "MultiPolygon", "coordinates": [ [ [ [ 24.473182485652405, -13.451797202306823 ], [ 24.473182485652405, -13.451678509829859 ], [ 24.473339394879776, -13.451678509829859 ], [ 24.473339394879776, -13.451797202306823 ], [ 24.473182485652405, -13.451797202306823 ] ] ] ] } },
{ "type": "Feature", "properties": { "id": "28", "layer": "polys_REMPID90_02", "path": "C:/Users/hssid/Downloads/polys_REMPID90_02.geojson" }, "geometry": { "type": "MultiPolygon", "coordinates": [ [ [ [ 24.473100678277451, -13.451973284444531 ], [ 24.473100678277451, -13.451805028182363 ], [ 24.473211989951569, -13.451805028182363 ], [ 24.473211989951569, -13.451973284444531 ], [ 24.473100678277451, -13.451973284444531 ] ] ] ] } },
{ "type": "Feature", "properties": { "id": "29", "layer": "polys_REMPID90_02", "path": "C:/Users/hssid/Downloads/polys_REMPID90_02.geojson" }, "geometry": { "type": "MultiPolygon", "coordinates": [ [ [ [ 24.471675084186035, -13.451484167075764 ], [ 24.471675084186035, -13.451225912702174 ], [ 24.471846745562988, -13.451225912702174 ], [ 24.471846745562988, -13.451484167075764 ], [ 24.471675084186035, -13.451484167075764 ] ] ] ] } },
{ "type": "Feature", "properties": { "id": "30", "layer": "polys_REMPID90_02", "path": "C:/Users/hssid/Downloads/polys_REMPID90_02.geojson" }, "geometry": { "type": "MultiPolygon", "coordinates": [ [ [ [ 24.472879396033722, -13.452540659341093 ], [ 24.472879396033722, -13.452363273310937 ], [ 24.473024235320526, -13.452363273310937 ], [ 24.473024235320526, -13.452540659341093 ], [ 24.472879396033722, -13.452540659341093 ] ] ] ] } },
{ "type": "Feature", "properties": { "id": "31", "layer": "polys_REMPID90_02", "path": "C:/Users/hssid/Downloads/polys_REMPID90_02.geojson" }, "geometry": { "type": "MultiPolygon", "coordinates": [ [ [ [ 24.471937940669495, -13.452446749106189 ], [ 24.471937940669495, -13.452214581978573 ], [ 24.472123013091522, -13.452214581978573 ], [ 24.472123013091522, -13.452446749106189 ], [ 24.471937940669495, -13.452446749106189 ] ] ] ] } },
{ "type": "Feature", "properties": { "id": "32", "layer": "polys_REMPID90_02", "path": "C:/Users/hssid/Downloads/polys_REMPID90_02.geojson" }, "geometry": { "type": "MultiPolygon", "coordinates": [ [ [ [ 24.471232519698578, -13.452418054304852 ], [ 24.471232519698578, -13.452060673309258 ], [ 24.471449778628784, -13.452060673309258 ], [ 24.471449778628784, -13.452418054304852 ], [ 24.471232519698578, -13.452418054304852 ] ] ] ] } },
{ "type": "Feature", "properties": { "id": "33", "layer": "polys_REMPID90_02", "path": "C:/Users/hssid/Downloads/polys_REMPID90_02.geojson" }, "geometry": { "type": "MultiPolygon", "coordinates": [ [ [ [ 24.471213744235474, -13.452681524624397 ], [ 24.471213744235474, -13.452504138698563 ], [ 24.471366630149323, -13.452504138698563 ], [ 24.471366630149323, -13.452681524624397 ], [ 24.471213744235474, -13.452681524624397 ] ] ] ] } },
{ "type": "Feature", "properties": { "id": "34", "layer": "polys_REMPID90_02", "path": "C:/Users/hssid/Downloads/polys_REMPID90_02.geojson" }, "geometry": { "type": "MultiPolygon", "coordinates": [ [ [ [ 24.471157417846161, -13.452968472167459 ], [ 24.471157417846161, -13.452757174464569 ], [ 24.471286163878876, -13.452757174464569 ], [ 24.471286163878876, -13.452968472167459 ], [ 24.471157417846161, -13.452968472167459 ] ] ] ] } },
{ "type": "Feature", "properties": { "id": "35", "layer": "polys_REMPID90_02", "path": "C:/Users/hssid/Downloads/polys_REMPID90_02.geojson" }, "geometry": { "type": "MultiPolygon", "coordinates": [ [ [ [ 24.473265634131867, -13.453482368271839 ], [ 24.473265634131867, -13.453174552463565 ], [ 24.47344265992685, -13.453174552463565 ], [ 24.47344265992685, -13.453482368271839 ], [ 24.473265634131867, -13.453482368271839 ] ] ] ] } },
{ "type": "Feature", "properties": { "id": "36", "layer": "polys_REMPID90_02", "path": "C:/Users/hssid/Downloads/polys_REMPID90_02.geojson" }, "geometry": { "type": "MultiPolygon", "coordinates": [ [ [ [ 24.472460971427399, -13.453678013707064 ], [ 24.472460971427399, -13.453586712523849 ], [ 24.472544119906861, -13.453586712523849 ], [ 24.472544119906861, -13.453678013707064 ], [ 24.472460971427399, -13.453678013707064 ] ] ] ] } },
{ "type": "Feature", "properties": { "id": "37", "layer": "polys_REMPID90_02", "path": "C:/Users/hssid/Downloads/polys_REMPID90_02.geojson" }, "geometry": { "type": "MultiPolygon", "coordinates": [ [ [ [ 24.471798361303549, -13.455621040240114 ], [ 24.471798361303549, -13.455401919119705 ], [ 24.472066582205038, -13.455401919119705 ], [ 24.472066582205038, -13.455621040240114 ], [ 24.471798361303549, -13.455621040240114 ] ] ] ] } },
{ "type": "Feature", "properties": { "id": "38", "layer": "polys_REMPID90_02", "path": "C:/Users/hssid/Downloads/polys_REMPID90_02.geojson" }, "geometry": { "type": "MultiPolygon", "coordinates": [ [ [ [ 24.471975889163161, -13.459327189008393 ], [ 24.471975889163161, -13.458930690114194 ], [ 24.472238745646621, -13.458930690114194 ], [ 24.472238745646621, -13.459327189008393 ], [ 24.471975889163161, -13.459327189008393 ] ] ] ] } },
{ "type": "Feature", "properties": { "id": "39", "layer": "polys_REMPID90_02", "path": "C:/Users/hssid/Downloads/polys_REMPID90_02.geojson" }, "geometry": { "type": "MultiPolygon", "coordinates": [ [ [ [ 24.471573557810927, -13.460683627627692 ], [ 24.471573557810927, -13.460454077017021 ], [ 24.471820321040298, -13.460454077017021 ], [ 24.471820321040298, -13.460683627627692 ], [ 24.471573557810927, -13.460683627627692 ] ] ] ] } },
{ "type": "Feature", "properties": { "id": "40", "layer": "polys_REMPID90_02", "path": "C:/Users/hssid/Downloads/polys_REMPID90_02.geojson" }, "geometry": { "type": "MultiPolygon", "coordinates": [ [ [ [ 24.469854305642098, -13.466964092851059 ], [ 24.469854305642098, -13.466674553620178 ], [ 24.470068882363289, -13.466674553620178 ], [ 24.470068882363289, -13.466964092851059 ], [ 24.469854305642098, -13.466964092851059 ] ] ] ] } },
{ "type": "Feature", "properties": { "id": "41", "layer": "polys_REMPID90_02", "path": "C:/Users/hssid/Downloads/polys_REMPID90_02.geojson" }, "geometry": { "type": "MultiPolygon", "coordinates": [ [ [ [ 24.461417241704403, -13.478921148450352 ], [ 24.461417241704403, -13.478522073696501 ], [ 24.461682780396877, -13.478522073696501 ], [ 24.461682780396877, -13.478921148450352 ], [ 24.461417241704403, -13.478921148450352 ] ] ] ] } },
{ "type": "Feature", "properties": { "id": "42", "layer": "polys_REMPID90_02", "path": "C:/Users/hssid/Downloads/polys_REMPID90_02.geojson" }, "geometry": { "type": "MultiPolygon", "coordinates": [ [ [ [ 24.46161840738052, -13.478503815358497 ], [ 24.46161840738052, -13.478219506772442 ], [ 24.461822255265652, -13.478219506772442 ], [ 24.461822255265652, -13.478503815358497 ], [ 24.46161840738052, -13.478503815358497 ] ] ] ] } },
{ "type": "Feature", "properties": { "id": "43", "layer": "polys_REMPID90_02", "path": "C:/Users/hssid/Downloads/polys_REMPID90_02.geojson" }, "geometry": { "type": "MultiPolygon", "coordinates": [ [ [ [ 24.462052925240933, -13.478305581884634 ], [ 24.462052925240933, -13.47806300648902 ], [ 24.462288959634243, -13.47806300648902 ], [ 24.462288959634243, -13.478305581884634 ], [ 24.462052925240933, -13.478305581884634 ] ] ] ] } },
{ "type": "Feature", "properties": { "id": "44", "layer": "polys_REMPID90_02", "path": "C:/Users/hssid/Downloads/polys_REMPID90_02.geojson" }, "geometry": { "type": "MultiPolygon", "coordinates": [ [ [ [ 24.46357941887463, -13.474600273215039 ], [ 24.46357941887463, -13.474515500957672 ], [ 24.463795336700329, -13.474515500957672 ], [ 24.463795336700329, -13.474600273215039 ], [ 24.46357941887463, -13.474600273215039 ] ] ] ] } },
{ "type": "Feature", "properties": { "id": "45", "layer": "polys_REMPID90_02", "path": "C:/Users/hssid/Downloads/polys_REMPID90_02.geojson" }, "geometry": { "type": "MultiPolygon", "coordinates": [ [ [ [ 24.463317903495678, -13.475141510765175 ], [ 24.463317903495678, -13.474857198180727 ], [ 24.463529798007855, -13.474857198180727 ], [ 24.463529798007855, -13.475141510765175 ], [ 24.463317903495678, -13.475141510765175 ] ] ] ] } },
{ "type": "Feature", "properties": { "id": "46", "layer": "polys_REMPID90_02", "path": "C:/Users/hssid/Downloads/polys_REMPID90_02.geojson" }, "geometry": { "type": "MultiPolygon", "coordinates": [ [ [ [ 24.463650877764554, -13.474314356253801 ], [ 24.463650877764554, -13.474172199512095 ], [ 24.463696475317807, -13.474172199512095 ], [ 24.463696475317807, -13.474314356253801 ], [ 24.463650877764554, -13.474314356253801 ] ] ] ] } },
{ "type": "Feature", "properties": { "id": "47", "layer": "polys_REMPID90_02", "path": "C:/Users/hssid/Downloads/polys_REMPID90_02.geojson" }, "geometry": { "type": "MultiPolygon", "coordinates": [ [ [ [ 24.463866685877655, -13.473545366826714 ], [ 24.463866685877655, -13.473388863483843 ], [ 24.463936423312042, -13.473388863483843 ], [ 24.463936423312042, -13.473545366826714 ], [ 24.463866685877655, -13.473545366826714 ] ] ] ] } },
{ "type": "Feature", "properties": { "id": "0", "layer": "polys_REMPID90_03", "path": "C:/Users/hssid/Downloads/polys_REMPID90_03.geojson" }, "geometry": { "type": "MultiPolygon", "coordinates": [ [ [ [ 24.453180943781842, -13.475540731035531 ], [ 24.453180943781842, -13.475401183390893 ], [ 24.453410272652615, -13.475401183390893 ], [ 24.453410272652615, -13.475540731035531 ], [ 24.453180943781842, -13.475540731035531 ] ] ] ] } },
{ "type": "Feature", "properties": { "id": "1", "layer": "polys_REMPID90_03", "path": "C:/Users/hssid/Downloads/polys_REMPID90_03.geojson" }, "geometry": { "type": "MultiPolygon", "coordinates": [ [ [ [ 24.452758495861996, -13.475475521865944 ], [ 24.452758495861996, -13.475308586310712 ], [ 24.453080360943783, -13.475308586310712 ], [ 24.453080360943783, -13.475475521865944 ], [ 24.452758495861996, -13.475475521865944 ] ] ] ] } },
{ "type": "Feature", "properties": { "id": "2", "layer": "polys_REMPID90_03", "path": "C:/Users/hssid/Downloads/polys_REMPID90_03.geojson" }, "geometry": { "type": "MultiPolygon", "coordinates": [ [ [ [ 24.451817040497769, -13.475073832988986 ], [ 24.451817040497769, -13.474859946428538 ], [ 24.452195231968869, -13.474859946428538 ], [ 24.452195231968869, -13.475073832988986 ], [ 24.451817040497769, -13.475073832988986 ] ] ] ] } },
{ "type": "Feature", "properties": { "id": "3", "layer": "polys_REMPID90_03", "path": "C:/Users/hssid/Downloads/polys_REMPID90_03.geojson" }, "geometry": { "type": "MultiPolygon", "coordinates": [ [ [ [ 24.44990523798495, -13.47509118691128 ], [ 24.44990523798495, -13.474965985054542 ], [ 24.450127861333186, -13.474965985054542 ], [ 24.450127861333186, -13.47509118691128 ], [ 24.44990523798495, -13.47509118691128 ] ] ] ] } },
{ "type": "Feature", "properties": { "id": "4", "layer": "polys_REMPID90_03", "path": "C:/Users/hssid/Downloads/polys_REMPID90_03.geojson" }, "geometry": { "type": "MultiPolygon", "coordinates": [ [ [ [ 24.462565144141227, -13.481253525073427 ], [ 24.462565144141227, -13.481104851693768 ], [ 24.462667068083793, -13.481104851693768 ], [ 24.462667068083793, -13.481253525073427 ], [ 24.462565144141227, -13.481253525073427 ] ] ] ] } },
{ "type": "Feature", "properties": { "id": "5", "layer": "polys_REMPID90_03", "path": "C:/Users/hssid/Downloads/polys_REMPID90_03.geojson" }, "geometry": { "type": "MultiPolygon", "coordinates": [ [ [ [ 24.464053289050248, -13.485228882941254 ], [ 24.464053289050248, -13.485077603772543 ], [ 24.464187399500993, -13.485077603772543 ], [ 24.464187399500993, -13.485228882941254 ], [ 24.464053289050248, -13.485228882941254 ] ] ] ] } },
{ "type": "Feature", "properties": { "id": "6", "layer": "polys_REMPID90_03", "path": "C:/Users/hssid/Downloads/polys_REMPID90_03.geojson" }, "geometry": { "type": "MultiPolygon", "coordinates": [ [ [ [ 24.465090878287416, -13.488966293286666 ], [ 24.465090878287416, -13.48875502738146 ], [ 24.465179391184908, -13.48875502738146 ], [ 24.465179391184908, -13.488966293286666 ], [ 24.465090878287416, -13.488966293286666 ] ] ] ] } },
{ "type": "Feature", "properties": { "id": "7", "layer": "polys_REMPID90_03", "path": "C:/Users/hssid/Downloads/polys_REMPID90_03.geojson" }, "geometry": { "type": "MultiPolygon", "coordinates": [ [ [ [ 24.466182453607871, -13.494244595190862 ], [ 24.466182453607871, -13.494002035978381 ], [ 24.466489566540076, -13.494002035978381 ], [ 24.466489566540076, -13.494244595190862 ], [ 24.466182453607871, -13.494244595190862 ] ] ] ] } },
{ "type": "Feature", "properties": { "id": "8", "layer": "polys_REMPID90_03", "path": "C:/Users/hssid/Downloads/polys_REMPID90_03.geojson" }, "geometry": { "type": "MultiPolygon", "coordinates": [ [ [ [ 24.470994695120385, -13.496508223437269 ], [ 24.470994695120385, -13.496355647343551 ], [ 24.47112880557113, -13.496355647343551 ], [ 24.47112880557113, -13.496508223437269 ], [ 24.470994695120385, -13.496508223437269 ] ] ] ] } },
{ "type": "Feature", "properties": { "id": "9", "layer": "polys_REMPID90_03", "path": "C:/Users/hssid/Downloads/polys_REMPID90_03.geojson" }, "geometry": { "type": "MultiPolygon", "coordinates": [ [ [ [ 24.471515043669275, -13.496238281051239 ], [ 24.471515043669275, -13.495980075005056 ], [ 24.471718891554406, -13.495980075005056 ], [ 24.471718891554406, -13.496238281051239 ], [ 24.471515043669275, -13.496238281051239 ] ] ] ] } },
{ "type": "Feature", "properties": { "id": "10", "layer": "polys_REMPID90_03", "path": "C:/Users/hssid/Downloads/polys_REMPID90_03.geojson" }, "geometry": { "type": "MultiPolygon", "coordinates": [ [ [ [ 24.471791311197808, -13.496000940150475 ], [ 24.471791311197808, -13.495664489458235 ], [ 24.472185595922998, -13.495664489458235 ], [ 24.472185595922998, -13.496000940150475 ], [ 24.471791311197808, -13.496000940150475 ] ] ] ] } },
{ "type": "Feature", "properties": { "id": "11", "layer": "polys_REMPID90_03", "path": "C:/Users/hssid/Downloads/polys_REMPID90_03.geojson" }, "geometry": { "type": "MultiPolygon", "coordinates": [ [ [ [ 24.474921344047477, -13.494686457946168 ], [ 24.474921344047477, -13.494519535812723 ], [ 24.475084958797385, -13.494519535812723 ], [ 24.475084958797385, -13.494686457946168 ], [ 24.474921344047477, -13.494686457946168 ] ] ] ] } },
{ "type": "Feature", "properties": { "id": "12", "layer": "polys_REMPID90_03", "path": "C:/Users/hssid/Downloads/polys_REMPID90_03.geojson" }, "geometry": { "type": "MultiPolygon", "coordinates": [ [ [ [ 24.477205682962822, -13.491495663286241 ], [ 24.477205682962822, -13.491374382314595 ], [ 24.477296878069328, -13.491374382314595 ], [ 24.477296878069328, -13.491495663286241 ], [ 24.477205682962822, -13.491495663286241 ] ] ] ] } },
{ "type": "Feature", "properties": { "id": "13", "layer": "polys_REMPID90_03", "path": "C:/Users/hssid/Downloads/polys_REMPID90_03.geojson" }, "geometry": { "type": "MultiPolygon", "coordinates": [ [ [ [ 24.478554834097313, -13.489587763015383 ], [ 24.478554834097313, -13.489509516609209 ], [ 24.47861920711367, -13.489509516609209 ], [ 24.47861920711367, -13.489587763015383 ], [ 24.478554834097313, -13.489587763015383 ] ] ] ] } },
{ "type": "Feature", "properties": { "id": "14", "layer": "polys_REMPID90_03", "path": "C:/Users/hssid/Downloads/polys_REMPID90_03.geojson" }, "geometry": { "type": "MultiPolygon", "coordinates": [ [ [ [ 24.479542012015525, -13.488159948866453 ], [ 24.479542012015525, -13.488037362085947 ], [ 24.479673440257255, -13.488037362085947 ], [ 24.479673440257255, -13.488159948866453 ], [ 24.479542012015525, -13.488159948866453 ] ] ] ] } },
{ "type": "Feature", "properties": { "id": "15", "layer": "polys_REMPID90_03", "path": "C:/Users/hssid/Downloads/polys_REMPID90_03.geojson" }, "geometry": { "type": "MultiPolygon", "coordinates": [ [ [ [ 24.479684169093314, -13.488084310222087 ], [ 24.479684169093314, -13.487800013034247 ], [ 24.479888016978446, -13.487800013034247 ], [ 24.479888016978446, -13.488084310222087 ], [ 24.479684169093314, -13.488084310222087 ] ] ] ] } },
{ "type": "Feature", "properties": { "id": "16", "layer": "polys_REMPID90_03", "path": "C:/Users/hssid/Downloads/polys_REMPID90_03.geojson" }, "geometry": { "type": "MultiPolygon", "coordinates": [ [ [ [ 24.478779507426975, -13.48926333320725 ], [ 24.478779507426975, -13.489148571646872 ], [ 24.478862655906436, -13.489148571646872 ], [ 24.478862655906436, -13.48926333320725 ], [ 24.478779507426975, -13.48926333320725 ] ] ] ] } },
{ "type": "Feature", "properties": { "id": "17", "layer": "polys_REMPID90_03", "path": "C:/Users/hssid/Downloads/polys_REMPID90_03.geojson" }, "geometry": { "type": "MultiPolygon", "coordinates": [ [ [ [ 24.480407608299014, -13.486065638185332 ], [ 24.480407608299014, -13.485979565868048 ], [ 24.480498803405521, -13.485979565868048 ], [ 24.480498803405521, -13.486065638185332 ], [ 24.480407608299014, -13.486065638185332 ] ] ] ] } },
{ "type": "Feature", "properties": { "id": "18", "layer": "polys_REMPID90_03", "path": "C:/Users/hssid/Downloads/polys_REMPID90_03.geojson" }, "geometry": { "type": "MultiPolygon", "coordinates": [ [ [ [ 24.482539543818415, -13.480487810461915 ], [ 24.482539543818415, -13.480245237280831 ], [ 24.482751438330592, -13.480245237280831 ], [ 24.482751438330592, -13.480487810461915 ], [ 24.482539543818415, -13.480487810461915 ] ] ] ] } },
{ "type": "Feature", "properties": { "id": "19", "layer": "polys_REMPID90_03", "path": "C:/Users/hssid/Downloads/polys_REMPID90_03.geojson" }, "geometry": { "type": "MultiPolygon", "coordinates": [ [ [ [ 24.482408115576686, -13.480845149000626 ], [ 24.482408115576686, -13.480766899731265 ], [ 24.482528814982356, -13.480766899731265 ], [ 24.482528814982356, -13.480845149000626 ], [ 24.482408115576686, -13.480845149000626 ] ] ] ] } },
{ "type": "Feature", "properties": { "id": "20", "layer": "polys_REMPID90_03", "path": "C:/Users/hssid/Downloads/polys_REMPID90_03.geojson" }, "geometry": { "type": "MultiPolygon", "coordinates": [ [ [ [ 24.48230619163412, -13.481022513916338 ], [ 24.48230619163412, -13.480954697934692 ], [ 24.482367882441462, -13.480954697934692 ], [ 24.482367882441462, -13.481022513916338 ], [ 24.48230619163412, -13.481022513916338 ] ] ] ] } },
{ "type": "Feature", "properties": { "id": "21", "layer": "polys_REMPID90_03", "path": "C:/Users/hssid/Downloads/polys_REMPID90_03.geojson" }, "geometry": { "type": "MultiPolygon", "coordinates": [ [ [ [ 24.482147941302241, -13.481455492422423 ], [ 24.482147941302241, -13.481220745136957 ], [ 24.482282051752986, -13.481220745136957 ], [ 24.482282051752986, -13.481455492422423 ], [ 24.482147941302241, -13.481455492422423 ] ] ] ] } },
{ "type": "Feature", "properties": { "id": "22", "layer": "polys_REMPID90_03", "path": "C:/Users/hssid/Downloads/polys_REMPID90_03.geojson" }, "geometry": { "type": "MultiPolygon", "coordinates": [ [ [ [ 24.478510865878047, -13.483930758097848 ], [ 24.478510865878047, -13.483607331794548 ], [ 24.478757629107417, -13.483607331794548 ], [ 24.478757629107417, -13.483930758097848 ], [ 24.478510865878047, -13.483930758097848 ] ] ] ] } },
{ "type": "Feature", "properties": { "id": "23", "layer": "polys_REMPID90_03", "path": "C:/Users/hssid/Downloads/polys_REMPID90_03.geojson" }, "geometry": { "type": "MultiPolygon", "coordinates": [ [ [ [ 24.482970857667933, -13.478786632198139 ], [ 24.482970857667933, -13.478546665624323 ], [ 24.483180069971095, -13.478546665624323 ], [ 24.483180069971095, -13.478786632198139 ], [ 24.482970857667933, -13.478786632198139 ] ] ] ] } },
{ "type": "Feature", "properties": { "id": "24", "layer": "polys_REMPID90_03", "path": "C:/Users/hssid/Downloads/polys_REMPID90_03.geojson" }, "geometry": { "type": "MultiPolygon", "coordinates": [ [ [ [ 24.483603858995448, -13.476877326270502 ], [ 24.483603858995448, -13.476715608401296 ], [ 24.483872079896937, -13.476715608401296 ], [ 24.483872079896937, -13.476877326270502 ], [ 24.483603858995448, -13.476877326270502 ] ] ] ] } },
{ "type": "Feature", "properties": { "id": "25", "layer": "polys_REMPID90_03", "path": "C:/Users/hssid/Downloads/polys_REMPID90_03.geojson" }, "geometry": { "type": "MultiPolygon", "coordinates": [ [ [ [ 24.484966421175013, -13.476277404593031 ], [ 24.484966421175013, -13.476089602715044 ], [ 24.485213184404383, -13.476089602715044 ], [ 24.485213184404383, -13.476277404593031 ], [ 24.484966421175013, -13.476277404593031 ] ] ] ] } },
{ "type": "Feature", "properties": { "id": "26", "layer": "polys_REMPID90_03", "path": "C:/Users/hssid/Downloads/polys_REMPID90_03.geojson" }, "geometry": { "type": "MultiPolygon", "coordinates": [ [ [ [ 24.486321018952559, -13.475015666523269 ], [ 24.486321018952559, -13.474736570539681 ], [ 24.486583875436018, -13.474736570539681 ], [ 24.486583875436018, -13.475015666523269 ], [ 24.486321018952559, -13.475015666523269 ] ] ] ] } },
{ "type": "Feature", "properties": { "id": "27", "layer": "polys_REMPID90_03", "path": "C:/Users/hssid/Downloads/polys_REMPID90_03.geojson" }, "geometry": { "type": "MultiPolygon", "coordinates": [ [ [ [ 24.493490816794871, -13.46848701351999 ], [ 24.493490816794871, -13.468335723757439 ], [ 24.493608833991527, -13.468335723757439 ], [ 24.493608833991527, -13.46848701351999 ], [ 24.493490816794871, -13.46848701351999 ] ] ] ] } },
{ "type": "Feature", "properties": { "id": "28", "layer": "polys_REMPID90_03", "path": "C:/Users/hssid/Downloads/polys_REMPID90_03.geojson" }, "geometry": { "type": "MultiPolygon", "coordinates": [ [ [ [ 24.491816299271349, -13.470548791268348 ], [ 24.491816299271349, -13.470355768045692 ], [ 24.491979914021258, -13.470355768045692 ], [ 24.491979914021258, -13.470548791268348 ], [ 24.491816299271349, -13.470548791268348 ] ] ] ] } },
{ "type": "Feature", "properties": { "id": "29", "layer": "polys_REMPID90_03", "path": "C:/Users/hssid/Downloads/polys_REMPID90_03.geojson" }, "geometry": { "type": "MultiPolygon", "coordinates": [ [ [ [ 24.505546536671385, -13.454604729335056 ], [ 24.505546536671385, -13.454489951143229 ], [ 24.505777206646666, -13.454489951143229 ], [ 24.505777206646666, -13.454604729335056 ], [ 24.505546536671385, -13.454604729335056 ] ] ] ] } },
{ "type": "Feature", "properties": { "id": "30", "layer": "polys_REMPID90_03", "path": "C:/Users/hssid/Downloads/polys_REMPID90_03.geojson" }, "geometry": { "type": "MultiPolygon", "coordinates": [ [ [ [ 24.505726654430333, -13.449952883673218 ], [ 24.505726654430333, -13.449804190844723 ], [ 24.506088752647344, -13.449804190844723 ], [ 24.506088752647344, -13.449952883673218 ], [ 24.505726654430333, -13.449952883673218 ] ] ] ] } },
{ "type": "Feature", "properties": { "id": "31", "layer": "polys_REMPID90_03", "path": "C:/Users/hssid/Downloads/polys_REMPID90_03.geojson" }, "geometry": { "type": "MultiPolygon", "coordinates": [ [ [ [ 24.519910889647385, -13.445849260736493 ], [ 24.519910889647385, -13.44563013067795 ], [ 24.520098644278427, -13.44563013067795 ], [ 24.520098644278427, -13.445849260736493 ], [ 24.519910889647385, -13.445849260736493 ] ] ] ] } },
{ "type": "Feature", "properties": { "id": "0", "layer": "polys_REMPID90_04", "path": "C:/Users/hssid/Downloads/polys_REMPID90_04.geojson" }, "geometry": { "type": "MultiPolygon", "coordinates": [ [ [ [ 24.468776893298994, -13.504758722052408 ], [ 24.468776893298994, -13.504508349375218 ], [ 24.468943190257917, -13.504508349375218 ], [ 24.468943190257917, -13.504758722052408 ], [ 24.468776893298994, -13.504758722052408 ] ] ] ] } },
{ "type": "Feature", "properties": { "id": "1", "layer": "polys_REMPID90_04", "path": "C:/Users/hssid/Downloads/polys_REMPID90_04.geojson" }, "geometry": { "type": "MultiPolygon", "coordinates": [ [ [ [ 24.468669558643271, -13.505710660470582 ], [ 24.468669558643271, -13.505491585266585 ], [ 24.468790258048941, -13.505491585266585 ], [ 24.468790258048941, -13.505710660470582 ], [ 24.468669558643271, -13.505710660470582 ] ] ] ] } },
{ "type": "Feature", "properties": { "id": "2", "layer": "polys_REMPID90_04", "path": "C:/Users/hssid/Downloads/polys_REMPID90_04.geojson" }, "geometry": { "type": "MultiPolygon", "coordinates": [ [ [ [ 24.468506532205282, -13.507805171704963 ], [ 24.468506532205282, -13.507685203028753 ], [ 24.468629913819967, -13.507685203028753 ], [ 24.468629913819967, -13.507805171704963 ], [ 24.468506532205282, -13.507805171704963 ] ] ] ] } },
{ "type": "Feature", "properties": { "id": "3", "layer": "polys_REMPID90_04", "path": "C:/Users/hssid/Downloads/polys_REMPID90_04.geojson" }, "geometry": { "type": "MultiPolygon", "coordinates": [ [ [ [ 24.468862001965149, -13.51382678583864 ], [ 24.468862001965149, -13.513388650140756 ], [ 24.469119494030579, -13.513388650140756 ], [ 24.469119494030579, -13.51382678583864 ], [ 24.468862001965149, -13.51382678583864 ] ] ] ] } },
{ "type": "Feature", "properties": { "id": "4", "layer": "polys_REMPID90_04", "path": "C:/Users/hssid/Downloads/polys_REMPID90_04.geojson" }, "geometry": { "type": "MultiPolygon", "coordinates": [ [ [ [ 24.470657205240983, -13.515239964706854 ], [ 24.470657205240983, -13.514770536353938 ], [ 24.470734989302414, -13.514770536353938 ], [ 24.470734989302414, -13.515239964706854 ], [ 24.470657205240983, -13.515239964706854 ] ] ] ] } },
{ "type": "Feature", "properties": { "id": "5", "layer": "polys_REMPID90_04", "path": "C:/Users/hssid/Downloads/polys_REMPID90_04.geojson" }, "geometry": { "type": "MultiPolygon", "coordinates": [ [ [ [ 24.467875350894385, -13.526054320211305 ], [ 24.467875350894385, -13.52592914508886 ], [ 24.467971910418921, -13.52592914508886 ], [ 24.467971910418921, -13.526054320211305 ], [ 24.467875350894385, -13.526054320211305 ] ] ] ] } },
{ "type": "Feature", "properties": { "id": "6", "layer": "polys_REMPID90_04", "path": "C:/Users/hssid/Downloads/polys_REMPID90_04.geojson" }, "geometry": { "type": "MultiPolygon", "coordinates": [ [ [ [ 24.461654746992238, -13.533450163814191 ], [ 24.461654746992238, -13.533345854456694 ], [ 24.461770081979878, -13.533345854456694 ], [ 24.461770081979878, -13.533450163814191 ], [ 24.461654746992238, -13.533450163814191 ] ] ] ] } },
{ "type": "Feature", "properties": { "id": "7", "layer": "polys_REMPID90_04", "path": "C:/Users/hssid/Downloads/polys_REMPID90_04.geojson" }, "geometry": { "type": "MultiPolygon", "coordinates": [ [ [ [ 24.526781713748015, -13.480494567776104 ], [ 24.526781713748015, -13.480385018631139 ], [ 24.526948010706938, -13.480385018631139 ], [ 24.526948010706938, -13.480494567776104 ], [ 24.526781713748015, -13.480494567776104 ] ] ] ] } },
{ "type": "Feature", "properties": { "id": "8", "layer": "polys_REMPID90_04", "path": "C:/Users/hssid/Downloads/polys_REMPID90_04.geojson" }, "geometry": { "type": "MultiPolygon", "coordinates": [ [ [ [ 24.383692614590384, -13.437369203176589 ], [ 24.383692614590384, -13.437199632269715 ], [ 24.383824042832114, -13.437199632269715 ], [ 24.383824042832114, -13.437369203176589 ], [ 24.383692614590384, -13.437369203176589 ] ] ] ] } },
{ "type": "Feature", "properties": { "id": "9", "layer": "polys_REMPID90_04", "path": "C:/Users/hssid/Downloads/polys_REMPID90_04.geojson" }, "geometry": { "type": "MultiPolygon", "coordinates": [ [ [ [ 24.387502518272246, -13.437837655157409 ], [ 24.387502518272246, -13.437701998706508 ], [ 24.387735870456542, -13.437701998706508 ], [ 24.387735870456542, -13.437837655157409 ], [ 24.387502518272246, -13.437837655157409 ] ] ] ] } },
{ "type": "Feature", "properties": { "id": "10", "layer": "polys_REMPID90_04", "path": "C:/Users/hssid/Downloads/polys_REMPID90_04.geojson" }, "geometry": { "type": "MultiPolygon", "coordinates": [ [ [ [ 24.388727175425451, -13.438227579828622 ], [ 24.388727175425451, -13.438112793792577 ], [ 24.388979303072851, -13.438112793792577 ], [ 24.388979303072851, -13.438227579828622 ], [ 24.388727175425451, -13.438227579828622 ] ] ] ] } },
{ "type": "Feature", "properties": { "id": "0", "layer": "polys_REMPID90_05", "path": "C:/Users/hssid/Downloads/polys_REMPID90_05.geojson" }, "geometry": { "type": "MultiPolygon", "coordinates": [ [ [ [ 24.419066528268555, -13.419749229744548 ], [ 24.419066528268555, -13.419412671886231 ], [ 24.419270376153687, -13.419412671886231 ], [ 24.419270376153687, -13.419749229744548 ], [ 24.419066528268555, -13.419749229744548 ] ] ] ] } },
{ "type": "Feature", "properties": { "id": "1", "layer": "polys_REMPID90_05", "path": "C:/Users/hssid/Downloads/polys_REMPID90_05.geojson" }, "geometry": { "type": "MultiPolygon", "coordinates": [ [ [ [ 24.419594923444489, -13.419558774580342 ], [ 24.419594923444489, -13.41937614619882 ], [ 24.419771949239472, -13.41937614619882 ], [ 24.419771949239472, -13.419558774580342 ], [ 24.419594923444489, -13.419558774580342 ] ] ] ] } },
{ "type": "Feature", "properties": { "id": "2", "layer": "polys_REMPID90_05", "path": "C:/Users/hssid/Downloads/polys_REMPID90_05.geojson" }, "geometry": { "type": "MultiPolygon", "coordinates": [ [ [ [ 24.419297198243836, -13.420020562868279 ], [ 24.419297198243836, -13.419783146401784 ], [ 24.419509092756012, -13.419783146401784 ], [ 24.419509092756012, -13.420020562868279 ], [ 24.419297198243836, -13.420020562868279 ] ] ] ] } }
]
}
